video_id,generator,mllm,batch_date,verdict,confidence,1.1_texture__detected,1.1_texture__severity,1.1_texture__evidence,1.2_boundary__detected,1.2_boundary__severity,1.2_boundary__evidence,1.3_lighting__detected,1.3_lighting__severity,1.3_lighting__evidence,1.4_watermark__detected,1.4_watermark__severity,1.4_watermark__evidence,2.1_human_anatomy__detected,2.1_human_anatomy__severity,2.1_human_anatomy__evidence,2.2_non_human_anatomy__detected,2.2_non_human_anatomy__severity,2.2_non_human_anatomy__evidence,2.3_object_structural__detected,2.3_object_structural__severity,2.3_object_structural__evidence,2.4_scene_composition__detected,2.4_scene_composition__severity,2.4_scene_composition__evidence,3.1_motion__detected,3.1_motion__severity,3.1_motion__evidence,3.2_identity_drift__detected,3.2_identity_drift__severity,3.2_identity_drift__evidence,3.3_continuity__detected,3.3_continuity__severity,3.3_continuity__evidence,3.4_causality__detected,3.4_causality__severity,3.4_causality__evidence,most_diagnostic_artefact,notes,review_flag
w2_001_ltx_20260719_105436,LTX,Gemini_3.1_Pro,2026-07-29,AI-generated,70,TRUE,M,0:00 on face skin lacks detail.,TRUE,M,0:01 around hair soft edges.,FALSE,none,Lighting appears consistent.,TRUE,M,0:00 top-left distorted logo.,TRUE,M,0:01 in mouth teeth lack separation.,FALSE,none,No non-human subjects present.,FALSE,none,No distinct mechanical objects.,FALSE,none,Scene composition is standard.,TRUE,M,0:01 on head floaty movement.,TRUE,M,0:01 on right shoulder strap morphs.,FALSE,none,No major continuity breaks.,FALSE,none,No physics violations observed.,Shoulder strap morphing into fabric.,Video exhibits typical generative morphing.,
w2_002_ltx_20260719_105611,LTX,Gemini_3.1_Pro,2026-07-29,AI-generated,70,TRUE,M,0:00 center face skin waxy.,TRUE,M,0:01 center head edges soft.,FALSE,none,no lighting issues.,FALSE,none,no watermark.,TRUE,M,0:01 center teeth jumbled.,FALSE,none,no non-human subjects present.,TRUE,M,0:00 left background chairs melted.,TRUE,M,0:02 right background layout illogical.,TRUE,M,0:01 center head motion non-rigid.,TRUE,M,0:01 center face wrinkles morph.,TRUE,M,0:02 left background shifts.,FALSE,none,no physics issues.,Teeth and facial features morphing.,Background objects lack coherent structure.,
w2_003_ltx_20260719_105639,LTX,Gemini_3.1_Pro,2026-07-29,AI-generated,70,TRUE,M,0:01 center face skin appears waxy.,TRUE,M,0:00 top left glasses frame blends into skin.,FALSE,none,Lighting appears consistent.,FALSE,none,No watermark seen.,TRUE,M,0:01 right eye pupil slightly distorted.,FALSE,none,No non-human subjects present.,TRUE,M,0:02 center glasses bridge slightly asymmetrical.,FALSE,none,Composition is standard.,FALSE,none,Motion is minimal.,TRUE,M,0:01 right lens reflection shifts unnaturally.,FALSE,none,No continuity errors.,FALSE,none,No physics violations.,Glasses frame blending into skin and unnatural lens reflections.,Video shows subtle AI markers in texture and reflections.,
w2_004_ltx_20260719_105708,LTX,Gemini_3.1_Pro,2026-07-29,Real,35,FALSE,none,natural textures,FALSE,none,normal optical blur,FALSE,none,consistent lighting,FALSE,none,no watermarks,FALSE,none,normal face,FALSE,none,no non-human subjects present,FALSE,none,normal structures,FALSE,none,standard composition,FALSE,none,smooth focus,FALSE,none,consistent identity,FALSE,none,no errors,FALSE,none,normal physics,no strong artefacts observed,Standard camera shot with rack focus.,
w2_005_ltx_20260719_105736,LTX,Gemini_3.1_Pro,2026-07-29,AI-generated,75,TRUE,M,0:01 center face waxy.,TRUE,M,0:00 bottom-left spoon merges.,FALSE,none,no lighting errors.,FALSE,none,no watermark.,TRUE,M,0:00 bottom-left hand blob.,FALSE,none,no non-human subjects present.,TRUE,M,0:02 bottom-left spoon bends.,FALSE,none,standard composition.,TRUE,M,0:01 bottom-left spoon non-rigid.,TRUE,M,0:02 bottom-left red blob.,FALSE,none,no continuity errors.,FALSE,none,no physics errors.,Hand and spoon merge into a morphing blob.,Severe anatomical and structural morphing.,
w2_006_ltx_20260719_105804,LTX,Gemini_3.1_Pro,2026-07-29,AI-generated,75,TRUE,L,0:01 smooth skin texture on hands in center.,TRUE,L,0:01 soft edges around fingers in center.,FALSE,none,lighting appears consistent.,FALSE,none,no watermark visible.,TRUE,M,0:01 right hand fingers lack joints in center-right.,FALSE,none,no non-human subjects present.,TRUE,M,0:00 keyboard keys are warped in lower-right.,FALSE,none,scene arrangement is standard.,TRUE,M,0:01 fingers glide without pressing keys in center.,TRUE,M,0:02 keyboard keys shift shape in lower-right.,FALSE,none,no major continuity errors.,TRUE,M,0:01 typing causes no screen change in upper-right.,Keyboard keys are warped and shift shape.,Fingers lack joints and glide over keys.,
w2_007_ltx_20260719_105832,LTX,Gemini_3.1_Pro,2026-07-29,AI-generated,70,TRUE,M,0:01 top right waxy hand texture,TRUE,M,0:01 center edges of cup and pitcher blur,TRUE,M,0:00 center inconsistent glass reflections,FALSE,none,no watermark visible,TRUE,M,0:01 top right hand lacks defined joints,FALSE,none,no non-human subjects present,TRUE,M,0:01 center cup topology is impossible,TRUE,M,0:01 center spatial arrangement of pour fails,TRUE,M,0:01 center pitcher melts during motion,TRUE,M,0:02 center pitcher changes shape entirely,TRUE,M,0:02 center pitcher merges into cup,TRUE,M,0:01 center solid objects phase through each other,Pitcher and cup merge during pour.,Multiple structural failures observed.,
w2_008_ltx_20260719_105901,LTX,Gemini_3.1_Pro,2026-07-29,AI-generated,70,TRUE,M,"0:01 center, rope texture shifts to fur.",TRUE,M,"0:01 center, fingers bleed into rope.",FALSE,none,No obvious lighting errors.,FALSE,none,No watermark visible.,TRUE,M,"0:02 center, fingers merge into mass.",FALSE,none,No non-human subjects present.,TRUE,M,"0:01 center, rope topology distorts.",FALSE,none,Scene arrangement is plausible.,TRUE,M,"0:01 center, non-rigid finger motion.",TRUE,M,"0:02 center, rope becomes furry.",TRUE,M,"0:01 center, object state shifts.",TRUE,M,"0:01 center, fingers phase through rope.",Fingers merge into a shapeless mass while the rope changes texture.,Severe anatomical and object drift observed.,
w2_009_ltx_20260719_105929,LTX,Gemini_3.1_Pro,2026-07-29,AI-generated,75,TRUE,L,"0:00 bottom-right, notebook cover pattern is slightly irregular.",TRUE,M,"0:01 center, boundary between pen and fingers dissolves.",FALSE,none,Lighting appears consistent.,FALSE,none,No watermark visible.,TRUE,M,"0:01 center, fingers fuse and lack joints.",FALSE,none,No non-human subjects present.,TRUE,M,"0:02 center, pen structure is impossible and text is gibberish.",FALSE,none,Scene composition is standard.,FALSE,none,Motion appears generally rigid.,TRUE,M,"0:01 center, pen changes shape across frames.",TRUE,M,"0:02 center, pen disappears during motion.",FALSE,none,No obvious physics violations.,The pen morphs and fuses into the hand while writing gibberish text.,Multiple structural and temporal artifacts present.,
w2_010_ltx_20260719_105957,LTX,Gemini_3.1_Pro,2026-07-29,AI-generated,75,TRUE,M,0:01 center: skin lacks texture.,TRUE,M,0:02 center: fingers blend into paper.,TRUE,M,0:01 bottom: shadows mismatch hand position.,FALSE,none,no watermark visible.,TRUE,M,0:02 center: fingers melt and bend impossibly.,FALSE,none,no non-human subjects present.,TRUE,M,0:01 center: card topology distorts.,TRUE,M,0:02 center: spatial relations of hands fail.,TRUE,M,0:01 center: rigid card bends like liquid.,TRUE,M,0:01 center: paper becomes playing card.,TRUE,M,0:02 center: object shifts shape mid-motion.,TRUE,M,0:02 center: matter passes through itself.,Hands and objects melt together.,Severe morphing observed.,
w2_011_ltx_20260719_110026,LTX,Gemini_3.1_Pro,2026-07-29,AI-generated,75,TRUE,M,0:01 center face lacks detail.,TRUE,M,0:01 right subject edge blurs.,TRUE,M,0:01 car shadows inconsistent.,FALSE,none,No watermark.,TRUE,M,0:01 center face distorted.,FALSE,none,No non-human subjects present.,TRUE,M,0:00 background cars misshapen.,TRUE,M,0:02 floating object top center.,TRUE,M,0:01 subjects glide.,TRUE,M,0:01 faces morph.,TRUE,M,0:02 background warps.,FALSE,none,No physics violations.,Faces morph and distort continuously.,Video shows clear synthesis markers.,
w2_012_ltx_20260719_110054,LTX,Gemini_3.1_Pro,2026-07-29,AI-generated,70,TRUE,M,0:01 blurry textures on table objects center,TRUE,M,0:02 subject merges with chair bottom-left,TRUE,M,0:01 inconsistent shadows on back wall,FALSE,none,no watermark observed,TRUE,M,0:02 distorted face on man right,FALSE,none,no non-human subjects present,TRUE,M,0:00 impossible table shape center,TRUE,M,0:01 chaotic spatial arrangement across frame,TRUE,M,0:01 non-rigid shifting of subjects center,TRUE,M,0:02 face morphing on man right,TRUE,M,0:02 background figure phases out center-right,TRUE,M,0:02 objects merging without physics bottom-left,Severe structural and anatomical distortions across the scene.,Multiple morphing and blending artifacts observed.,
w2_013_ltx_20260719_110122,LTX,Gemini_3.1_Pro,2026-07-29,AI-generated,70,TRUE,M,0:00-0:02 faces and clothing appear waxy across the frame,TRUE,M,0:00-0:02 right subject merges with table,TRUE,M,0:00-0:02 shadows under tables lack clear source,FALSE,none,No watermark observed,TRUE,M,0:00-0:02 left subject has distorted hands and shifting facial features,FALSE,none,no non-human subjects present,TRUE,M,0:00-0:02 whiteboard top right contains gibberish text,TRUE,M,0:00-0:02 tables center bottom intersect impossibly,TRUE,M,0:00-0:02 tables center bottom warp during movement,TRUE,M,0:00-0:02 left subject face morphs completely,TRUE,M,0:00-0:02 table shapes center bottom shift,TRUE,M,0:00-0:02 right subject arm phases through table,Severe facial morphing and gibberish text.,Multiple structural failures.,
w2_014_ltx_20260719_110151,LTX,Gemini_3.1_Pro,2026-07-29,AI-generated,75,TRUE,M,0:00 background trees lack detail.,TRUE,M,0:01 left subject bleeds into bike.,TRUE,M,0:01 shadows mismatch subject lighting.,FALSE,none,no watermark visible.,TRUE,M,0:02 right subject body distorts.,FALSE,none,no non-human subjects present.,TRUE,M,0:00 left bike wheel disconnected.,TRUE,M,0:02 left subject floats above bike.,TRUE,M,0:01 left bike frame morphs.,TRUE,M,0:02 right bike changes shape.,TRUE,M,0:02 right bicycle vanishes.,TRUE,M,0:01 leg passes through frame.,Bicycles exhibit severe structural failures.,Multiple structural and temporal artifacts observed.,
w2_015_ltx_20260719_110219,LTX,Gemini_3.1_Pro,2026-07-29,AI-generated,70,TRUE,M,0:00 bottom leaves lack detail.,TRUE,M,0:01 center subjects bleed into bench.,TRUE,M,0:01 center shadows mismatch.,FALSE,none,None visible.,TRUE,M,0:00 center faces distorted.,TRUE,M,0:02 right animal is blob.,TRUE,M,0:01 center bench legs merge.,TRUE,M,0:00 background building warped.,TRUE,M,0:02 right animal glides.,TRUE,M,0:01 center clothing shifts.,FALSE,none,No breaks.,FALSE,none,No events.,Faces and bodies are structurally distorted.,Multiple structural anomalies present.,
w2_016_ltx_20260719_110247,LTX,Gemini_3.1_Pro,2026-07-29,AI-generated,70,TRUE,M,0:01 center frame grass lacks detail,TRUE,M,0:01 center frame ball edges dissolve,TRUE,M,0:01 center frame shadow disappears,FALSE,none,No watermark visible,FALSE,none,No humans present,FALSE,none,No non-human subjects present,TRUE,M,0:00 center frame ball is misshapen,FALSE,none,Basic grass field,TRUE,M,0:01 center frame ball morphs while rolling,TRUE,M,0:01 center frame ball changes color,TRUE,M,0:02 center frame ball shrinks,TRUE,M,0:02 center frame ball loses mass,Ball changes color and shrinks.,Severe identity drift.,
w2_017_ltx_20260719_110316,LTX,Gemini_3.1_Pro,2026-07-29,AI-generated,70,TRUE,M,0:01 center sand lacks grain.,TRUE,M,0:02 center subject edges blur.,TRUE,M,0:01 center shadow mismatch.,FALSE,none,No watermark.,TRUE,M,0:02 center legs lack form.,FALSE,none,No animals.,FALSE,none,No objects.,FALSE,none,Scene normal.,TRUE,M,0:01 center feet slide.,TRUE,M,0:02 center clothing shifts.,TRUE,M,0:01 background waves slide.,TRUE,M,0:02 center no footprints.,Subject slides without footprints.,Motion is unnatural.,
w2_018_ltx_20260719_110344,LTX,Gemini_3.1_Pro,2026-07-29,AI-generated,70,TRUE,M,0:00 background trees lack detail.,TRUE,L,0:00 center skater edges blur.,FALSE,none,no lighting errors.,FALSE,none,no watermark.,TRUE,M,0:00 center skater lacks limbs.,FALSE,none,no non-human subjects present.,TRUE,L,0:00 center skateboard warped.,FALSE,none,layout normal.,TRUE,M,0:01 whole frame smearing.,TRUE,M,0:00 center skater loses form.,TRUE,L,0:01 center skater disappears.,FALSE,none,no physics violations.,Skater loses anatomical form.,Severe smearing during pan.,
w2_019_ltx_20260719_110413,LTX,Gemini_3.1_Pro,2026-07-29,Real,28,FALSE,none,Natural water texture.,FALSE,none,No boundary issues.,FALSE,none,Natural lighting.,FALSE,none,No watermarks.,FALSE,none,No humans present.,FALSE,none,no non-human subjects present,FALSE,none,No objects present.,FALSE,none,Standard composition.,FALSE,none,Natural fluid motion.,FALSE,none,No identity drift.,FALSE,none,Continuous motion.,FALSE,none,Normal physics.,no strong artefacts observed,Standard footage of turbulent water.,
w2_021_ltx_20260719_110510,LTX,Gemini_3.1_Pro,2026-07-29,AI-generated,70,TRUE,M,0:00-0:02 books lack detail.,TRUE,M,0:00-0:02 soft edges on umbrella right.,TRUE,M,0:00-0:02 flat lighting on storefront.,FALSE,none,no watermark seen.,TRUE,M,0:01-0:02 person legs distorted center.,FALSE,none,no non-human subjects present.,TRUE,M,0:00-0:02 gibberish text top awning.,TRUE,M,0:00-0:02 umbrella merged right.,TRUE,M,0:01-0:02 person legs melt center.,TRUE,M,0:01-0:02 books shift bottom left.,TRUE,M,0:01-0:02 shelf shifts center.,FALSE,none,no causality issues.,Gibberish text on the awning.,Multiple structural and text artifacts.,
w2_022_ltx_20260719_110538,LTX,Gemini_3.1_Pro,2026-07-29,AI-generated,70,TRUE,M,"0:01 center, figure lacks realistic texture.",TRUE,M,"0:01 center, figure edges blend into desk.",TRUE,M,"0:01 center, missing shadows under figure.",FALSE,none,No watermark visible.,TRUE,M,"0:01 center, figure lacks coherent anatomy.",FALSE,none,No non-human subjects present.,TRUE,M,"0:00 center, machine text is gibberish.",TRUE,M,"0:01 center, impossible spatial arrangement.",TRUE,M,"0:02 center, figure stretches non-rigidly.",TRUE,M,"0:02 center, figure shape morphs completely.",TRUE,M,"0:01 center, figure appears suddenly.",TRUE,M,"0:01 center, figure phases through solid desk.",Severe identity drift and structural morphing of the central figure.,The video exhibits multiple structural and temporal failures.,
w2_023_ltx_20260719_110606,LTX,Gemini_3.1_Pro,2026-07-29,AI-generated,70,TRUE,M,0:00 background walls lack detail.,TRUE,M,0:01 soft edges on bottom-right plants.,TRUE,M,0:02 inconsistent lighting on right structures.,FALSE,none,No watermark seen.,TRUE,M,0:00 person in center doorway lacks limbs.,FALSE,none,no non-human subjects present,TRUE,M,0:00 gibberish text on left signs.,TRUE,M,0:02 structures blend on right side.,TRUE,M,0:01 objects warp on right during pan.,TRUE,M,0:01 poster on right changes pattern.,TRUE,M,0:02 shapes appear on right side.,FALSE,none,No physics events.,Gibberish text on signs.,Multiple structural issues.,
w2_024_ltx_20260719_110635,LTX,Gemini_3.1_Pro,2026-07-29,AI-generated,75,TRUE,M,0:01 across background surfaces lack detail,TRUE,M,0:01 center person edges bleed,TRUE,M,0:01 across scene lacks coherent shadows,FALSE,none,no watermark visible,TRUE,M,0:02 center person body merges,FALSE,none,no non-human subjects present,TRUE,M,0:01 center red sign gibberish,TRUE,M,0:01 across background architecture impossible,TRUE,M,0:02 across background shifts non-rigidly,TRUE,M,0:01 center person bag turns orange,TRUE,M,0:02 bottom right head appears,TRUE,M,0:02 center person phases into objects,Gibberish text and identity drift on the central subject.,Multiple structural and temporal artifacts present.,
w2_025_ltx_20260719_110703,LTX,Gemini_3.1_Pro,2026-07-29,AI-generated,75,TRUE,M,0:00 bottom-center arm skin appears waxy.,TRUE,M,0:01 center hand edges blend into marker.,FALSE,none,Lighting appears consistent.,FALSE,none,No watermarks visible.,TRUE,M,0:02 center fingers lack definition.,FALSE,none,No non-human subjects present.,TRUE,M,0:00 across frame text is gibberish.,FALSE,none,Spatial arrangement is standard.,FALSE,none,Motion appears standard.,TRUE,M,0:01 center hand shape shifts.,FALSE,none,No obvious continuity errors.,FALSE,none,No physics violations observed.,Whiteboard text is unreadable gibberish.,Clear AI generation markers.,
w2_026_ltx_20260719_110731,LTX,Gemini_3.1_Pro,2026-07-29,AI-generated,70,TRUE,M,"0:01 center, skin and food lack fine detail.",TRUE,M,"0:01 center, hand edges bleed into food.",FALSE,none,no obvious lighting errors.,FALSE,none,no watermark visible.,TRUE,M,"0:01 center, fingers merge into blobs.",FALSE,none,no non-human subjects present.,TRUE,M,"0:01 center, tools lack rigid structure.",FALSE,none,spatial arrangement seems standard.,TRUE,M,"0:01 center, hands exhibit non-rigid motion.",TRUE,M,"0:02 bottom-right, food items change shape.",TRUE,M,"0:02 center, food pieces appear and disappear.",FALSE,none,no clear physics violations.,Hands and fingers merge into formless blobs during motion.,Severe morphing observed throughout.,
w2_027_ltx_20260719_110800,LTX,Gemini_3.1_Pro,2026-07-29,AI-generated,70,TRUE,M,0:01 center threads look waxy.,TRUE,M,0:02 bottom-left hand blends into loom.,FALSE,none,No obvious lighting issues.,FALSE,none,No watermark seen.,TRUE,M,0:00 bottom-left hand lacks defined fingers.,FALSE,none,No non-human subjects present.,TRUE,M,0:01 center loom threads merge illogically.,TRUE,M,0:01 center spatial layout is confusing.,TRUE,M,0:01 center threads move non-rigidly.,TRUE,M,0:01 center threads change pattern.,TRUE,M,0:01 bottom-left hands disappear.,TRUE,M,0:02 center threads weave without cause.,Hands morph and disappear mid-action.,Multiple structural and temporal errors.,
w2_028_ltx_20260719_110828,LTX,Gemini_3.1_Pro,2026-07-29,Real,30,FALSE,none,no texture issues,FALSE,none,no boundary issues,FALSE,none,lighting natural,FALSE,none,no watermarks,FALSE,none,no human subjects present,FALSE,none,no non-human subjects present,FALSE,none,objects normal,FALSE,none,composition normal,FALSE,none,motion natural,FALSE,none,no drift,FALSE,none,continuity maintained,FALSE,none,physics normal,no strong artefacts observed,standard out-of-focus shot,
w2_029_ltx_20260719_110856,LTX,Gemini_3.1_Pro,2026-07-29,AI-generated,75,TRUE,M,"0:00-0:02 center hands show waxy, blurred skin.",TRUE,M,0:01 right hand merges with tool and clay.,FALSE,none,no obvious lighting errors.,FALSE,none,no watermark visible.,TRUE,M,"0:02 right hand has extra, melting fingers.",FALSE,none,no non-human subjects present.,TRUE,M,0:01 right-side tool is an undefined blob.,FALSE,none,scene arrangement is plausible.,TRUE,M,0:01 center hands exhibit non-rigid motion.,TRUE,M,0:01-0:02 center clay morphs instantly.,TRUE,M,0:01 center clay disc appears suddenly.,TRUE,M,0:02 center clay forms without interaction.,Hands have extra fingers and melt into the clay.,Multiple structural and temporal errors.,
w2_030_ltx_20260719_110925,LTX,Gemini_3.1_Pro,2026-07-29,AI-generated,75,TRUE,M,Plastic foam at 0:01 center.,TRUE,L,Soft hand edges at 0:01 bottom-right.,FALSE,none,No obvious lighting errors.,FALSE,none,No watermark.,TRUE,M,Fused fingers at 0:02 bottom-right.,FALSE,none,No non-human subjects present.,TRUE,M,Distorted mug at 0:01 center.,FALSE,none,Scene composition is plausible.,TRUE,M,Non-rigid mug at 0:01 center.,TRUE,M,Mug pattern changes at 0:02 center.,TRUE,L,Background shifts at 0:01 left.,FALSE,none,No clear physics violations.,Mug pattern changes completely.,Multiple structural and temporal artifacts.,
w2_031_ltx_20260719_110953,LTX,Gemini_3.1_Pro,2026-07-29,AI-generated,70,TRUE,M,"0:01 center, fur lacks fine detail.",TRUE,M,"0:01 center, soft edges on dog.",FALSE,none,no obvious lighting errors.,FALSE,none,no watermark visible.,FALSE,none,no humans present.,TRUE,M,"0:01 center, distorted dog anatomy.",FALSE,none,no relevant objects.,FALSE,none,scene composition is standard.,TRUE,M,"0:01 center, unnatural leg sliding.",TRUE,M,"0:01 center, dog shape morphs.",TRUE,M,"0:01 center, limbs vanish.",FALSE,none,no clear physics violations.,Dog anatomy and motion are highly distorted.,Video shows clear signs of synthesis.,
w2_032_ltx_20260719_111021,LTX,Gemini_3.1_Pro,2026-07-29,AI-generated,70,TRUE,M,"0:00 center, cat fur lacks fine detail.",TRUE,M,"0:01 center, cat body blends into ledge.",TRUE,M,"0:02 left, flat shadows on curtain.",FALSE,none,No watermark visible.,FALSE,none,No humans present.,TRUE,M,"0:00 center, cat body shape is physically impossible.",TRUE,M,"0:01 top-right, background buildings are nonsensical.",TRUE,M,"0:02 center, cat spatial arrangement on ledge is illogical.",FALSE,none,Minimal motion observed.,FALSE,none,No drift observed.,FALSE,none,No continuity errors observed.,TRUE,M,"0:00 center, gravity violation as cat rests on vertical plane.",The cat's body physically merges into the vertical ledge.,Structural and anatomical errors strongly indicate synthesis.,
w2_033_ltx_20260719_111050,LTX,Gemini_3.1_Pro,2026-07-29,AI-generated,70,TRUE,M,"0:00 center, horse coat lacks detail.",TRUE,M,"0:01 lower center, leg edges blur into grass.",FALSE,none,no obvious lighting errors.,FALSE,none,no watermark seen.,FALSE,none,no humans present.,TRUE,M,"0:01 lower center, horse legs malformed.",FALSE,none,no mechanical objects.,FALSE,none,scene layout is basic.,TRUE,M,"0:01 lower center, legs slide unnaturally.",TRUE,M,"0:01 center, tail shape shifts.",TRUE,M,"0:02 right edge, new horse appears.",FALSE,none,no physics violations.,Horse legs morph and slide unnaturally.,Clear AI generation markers.,
w2_034_ltx_20260719_111118,LTX,Gemini_3.1_Pro,2026-07-29,AI-generated,70,TRUE,M,Smooth feathers at 0:01 center.,TRUE,L,Soft edges at 0:02 center.,FALSE,none,No lighting issues.,FALSE,none,No watermark.,FALSE,none,No humans present.,TRUE,M,Distorted bird face at 0:01 center.,TRUE,L,Amorphous perch at 0:00 bottom-right.,FALSE,none,Plausible scene.,TRUE,M,Non-rigid head motion at 0:01 center.,TRUE,M,Face morphs at 0:02 center.,FALSE,none,No continuity errors.,FALSE,none,No physics errors.,Bird face morphs and lacks clear features.,Clear AI generation signs.,
w2_035_ltx_20260719_111146,LTX,Gemini_3.1_Pro,2026-07-29,AI-generated,70,TRUE,L,0:01 bottom coral lacks detail,TRUE,M,0:01 center fish edges dissolve,FALSE,none,no lighting issues,FALSE,none,no watermark,FALSE,none,no humans,TRUE,M,0:02 right fish missing tail,FALSE,none,no objects,FALSE,none,scene normal,TRUE,M,0:01 center fish bends impossibly,TRUE,M,0:01 right fish markings shift,TRUE,M,0:02 top right fish disappear,FALSE,none,no physics issues,Fish morph and dissolve into the background.,Multiple temporal artifacts present.,
w2_036_ltx_20260719_111215,LTX,Gemini_3.1_Pro,2026-07-29,AI-generated,70,TRUE,M,0:00 background lacks realistic detail.,TRUE,M,"0:01 center, hand edges dissolve into object.",TRUE,M,"0:02 across frame, lighting lacks clear source.",FALSE,none,No watermark visible.,TRUE,M,"0:01 center, fingers merge and distort.",FALSE,none,No non-human subjects present.,TRUE,M,"0:01 center, paper morphs into undefined shape.",TRUE,M,"0:00 across frame, spatial relations are nonsensical.",TRUE,M,"0:02 center, objects warp during movement.",TRUE,M,"0:01 center, arm texture shifts to fur-like.",TRUE,M,"0:02 center-right, red marks manifest on paper.",TRUE,M,"0:01 center, objects melt and reform.",Severe identity drift and anatomical distortion of the hands.,Video exhibits classic early AI generation artifacts.,
w2_037_ltx_20260719_111243,LTX,Gemini_3.1_Pro,2026-07-29,AI-generated,75,TRUE,M,"0:01 center, dress lacks detail.",TRUE,M,"0:01 top center, head bleeds into black.",TRUE,L,"0:02 bottom, spotlight shifts.",FALSE,none,No watermark.,TRUE,M,"0:01 upper center, formless head/arms.",FALSE,none,no non-human subjects present,FALSE,none,No objects.,FALSE,none,Simple scene.,TRUE,M,"0:01 center, body warps.",TRUE,M,"0:02 center, head changes color.",TRUE,L,"0:01 center left, arm vanishes.",FALSE,none,No physics issues.,Figure lacks anatomical structure.,Blurring obscures details.,
w2_039_ltx_20260719_111340,LTX,Gemini_3.1_Pro,2026-07-29,AI-generated,75,TRUE,M,"0:00-0:02 across frame, people and ground lack fine detail.",TRUE,M,"0:01 center, figures blend into background.",TRUE,L,"0:02 bottom, shadows inconsistent with overhead lights.",FALSE,none,No watermark seen.,TRUE,M,"0:01 center, faces and limbs are amorphous blobs.",FALSE,none,No non-human subjects present.,TRUE,L,"0:02 background right, market stalls lack clear structure.",FALSE,none,Spatial arrangement generally plausible.,TRUE,M,"0:01-0:02 center, figures glide without leg articulation.",TRUE,M,"0:02 left, clothing colors and shapes morph.",TRUE,L,"0:01 center, figures merge unnaturally.",FALSE,none,No obvious physics violations.,"Human figures appear as amorphous, morphing blobs without distinct anatomy.",Severe structural and temporal degradation throughout.,
w2_040_ltx_20260719_111408,LTX,Gemini_3.1_Pro,2026-07-29,AI-generated,70,TRUE,M,"0:00 center, smudgy store window textures.",TRUE,M,"0:01 left, figure edges bleed.",TRUE,M,"0:01 center, missing reflections.",FALSE,none,No watermark.,TRUE,M,"0:01 left, figure lacks limbs.",TRUE,M,"0:01 bottom-center, goat legs distorted.",TRUE,M,"0:00 right, items are blobs.",TRUE,M,"0:01 center, ambiguous depth.",TRUE,M,"0:01 center, gliding motion.",TRUE,M,"0:01 left, figure morphs.",TRUE,M,"0:02 right, goat phases.",TRUE,M,"0:01 center, no ground interaction.",Severe anatomical distortion of the goat and human figure.,Video exhibits strong AI generation markers.,
w2_001_hunyuan_20260719_132500,Hunyuan,Gemini_3.1_Pro,2026-07-29,AI-generated,65,TRUE,M,"0:01 center face, skin lacks fine pores.",FALSE,none,Edges appear normal.,FALSE,none,Lighting is consistent.,FALSE,none,No watermark visible.,TRUE,M,"0:01 center mouth, teeth lack distinct separation.",FALSE,none,No non-human subjects present.,FALSE,none,No relevant objects.,FALSE,none,Scene appears normal.,TRUE,M,"0:00-0:02 center face, movement is slightly rigid.",FALSE,none,Identity remains consistent.,FALSE,none,No continuity errors observed.,FALSE,none,No physics violations.,Teeth lack distinct separation and skin appears slightly waxy.,Video shows subtle signs of generation.,
w2_002_hunyuan_20260719_133044,Hunyuan,Gemini_3.1_Pro,2026-07-29,AI-generated,70,TRUE,M,0:01 center face skin waxy.,TRUE,M,0:01 top hat edges soft.,FALSE,none,Consistent lighting.,FALSE,none,No watermark.,TRUE,M,0:02 center face teeth fused.,FALSE,none,No non-human subjects present.,TRUE,M,0:01 top right sign gibberish.,FALSE,none,Standard composition.,TRUE,M,0:01 center motion floaty.,TRUE,M,0:02 bottom center pitcher shifts.,TRUE,M,0:02 left background person static.,FALSE,none,No physics violations.,Teeth lack definition and background text is gibberish.,Background person remains entirely static.,
w2_003_hunyuan_20260719_133334,Hunyuan,Gemini_3.1_Pro,2026-07-29,AI-generated,70,TRUE,M,"0:00-0:02 center face, skin is overly smooth and waxy.",TRUE,M,"0:01 viewer right cheek, glasses frame blends into skin.",FALSE,none,Lighting appears consistent.,FALSE,none,No watermarks observed.,FALSE,none,Anatomy appears generally normal.,FALSE,none,No non-human subjects present.,TRUE,M,"0:00-0:02 center face, glasses lack proper temples.",FALSE,none,Scene composition is standard.,TRUE,M,"0:01 center face, glasses warp during head movement.",FALSE,none,No significant drift observed.,FALSE,none,No continuity errors observed.,FALSE,none,No physics violations observed.,Glasses structurally flawed and blending into face.,Video exhibits typical AI smoothing.,
w2_004_hunyuan_20260719_133625,Hunyuan,Gemini_3.1_Pro,2026-07-29,Real,30,FALSE,none,Skin and hair look natural.,FALSE,none,Edges are clean.,FALSE,none,Lighting is consistent.,FALSE,none,No watermarks seen.,FALSE,none,Facial proportions normal.,FALSE,none,no non-human subjects present,FALSE,none,Window frame is normal.,FALSE,none,Spatial arrangement normal.,FALSE,none,Motion is natural.,FALSE,none,Features remain consistent.,FALSE,none,No continuity errors.,FALSE,none,No physics violations.,no strong artefacts observed,Video appears natural.,
w2_005_hunyuan_20260719_133917,Hunyuan,Gemini_3.1_Pro,2026-07-29,AI-generated,72,TRUE,L,0:00 center face skin smooth.,TRUE,L,0:01 bottom-left spoon edges blur.,FALSE,none,Normal lighting.,FALSE,none,No watermark.,TRUE,M,0:00 bottom-left fingers merge.,FALSE,none,no non-human subjects present,TRUE,M,0:01 bottom-left spoon distorted.,FALSE,none,Standard layout.,TRUE,M,0:01 center unnatural spoon motion.,TRUE,M,0:01 center spoon morphs shape.,FALSE,none,No continuity breaks.,TRUE,M,0:01 center food physics fail.,Spoon morphs and merges with fingers.,Clear structural failures.,
w2_006_hunyuan_20260719_134208,Hunyuan,Gemini_3.1_Pro,2026-07-29,AI-generated,70,TRUE,M,"0:00-0:02 center hands, waxy skin.",TRUE,M,"0:01 center fingers, soft edges.",FALSE,none,Lighting appears consistent.,FALSE,none,No watermark.,TRUE,M,"0:00-0:02 center hands, distorted fingers.",FALSE,none,No non-human subjects present.,TRUE,M,"0:01 bottom keyboard, keys lack structure.",FALSE,none,Scene layout normal.,TRUE,M,"0:01 center hands, non-rigid movement.",TRUE,M,"0:00-0:02 center hands, finger count changes.",FALSE,none,No major continuity errors.,TRUE,M,"0:01 bottom keyboard, keys do not depress.",Fingers morph and change count.,Clear anatomical issues.,
w2_007_hunyuan_20260719_134948,Hunyuan,Gemini_3.1_Pro,2026-07-29,AI-generated,70,TRUE,M,"0:01 center, liquid appears waxy.",FALSE,none,Edges appear normal.,FALSE,none,Lighting seems consistent.,FALSE,none,No watermark visible.,TRUE,M,"0:00 top-left, thumb blends into pitcher.",FALSE,none,No non-human subjects present.,TRUE,M,"0:02 center-right, cup handle shape irregular.",FALSE,none,Scene layout is standard.,TRUE,M,"0:01 center, liquid flow lacks natural dynamics.",FALSE,none,Objects maintain identity.,FALSE,none,No sudden shifts.,TRUE,M,"0:02 center, liquid lacks splash impact.",Liquid flow lacks natural dynamics.,Thumb blends into pitcher.,
w2_008_hunyuan_20260719_135240,Hunyuan,Gemini_3.1_Pro,2026-07-29,AI-generated,75,TRUE,M,0:01 center hands smooth,TRUE,M,0:01 center laces blend,FALSE,none,Lighting normal,FALSE,none,No watermark,TRUE,M,0:01 center fingers merge,FALSE,none,no non-human subjects present,TRUE,M,0:02 center lace illogical,FALSE,none,Scene standard,TRUE,M,0:01 center fingers slide,TRUE,M,0:02 center lace changes,TRUE,M,0:01 center lace disappears,TRUE,M,0:02 center no knot,Fingers merge with laces.,Multiple structural issues.,
w2_009_hunyuan_20260719_135532,Hunyuan,Gemini_3.1_Pro,2026-07-29,AI-generated,75,TRUE,L,Smooth skin at 0:01 right hand.,TRUE,L,Pen tip blends at 0:01 center.,FALSE,none,Lighting consistent.,FALSE,none,No watermark.,TRUE,M,Odd finger grip at 0:01 top hand.,FALSE,none,No non-human subjects present.,TRUE,M,Distorted pen nib and gibberish text at 0:02 center.,FALSE,none,Plausible arrangement.,TRUE,L,Non-rigid pen motion at 0:01 center.,TRUE,M,Text morphs at 0:01 center.,TRUE,M,Ink shifts at 0:02 center.,TRUE,M,Ink appears illogically at 0:01 center.,Text on the page is gibberish and morphs during writing.,Multiple structural and temporal artifacts present.,
w2_010_hunyuan_20260719_135824,Hunyuan,Gemini_3.1_Pro,2026-07-29,AI-generated,75,TRUE,M,"0:00 center, card back lacks detail.",TRUE,L,"0:02 right, finger edge soft.",FALSE,none,no lighting issues.,FALSE,none,no watermark.,TRUE,M,"0:01 right, fingers lack definition.",FALSE,none,no non-human subjects present.,TRUE,M,"0:00 center, card pattern garbled.",FALSE,none,scene composition normal.,TRUE,M,"0:02 center, card bends oddly.",TRUE,M,"0:02 center, card pattern morphs.",FALSE,none,no continuity errors.,FALSE,none,no physics violations.,Card back pattern morphs during lift.,Card design is garbled.,
w2_011_hunyuan_20260719_140117,Hunyuan,Gemini_3.1_Pro,2026-07-29,AI-generated,70,TRUE,M,0:00-0:02 faces lack fine detail.,TRUE,M,0:00-0:02 soft edges around hair.,FALSE,none,Lighting is consistent.,FALSE,none,No watermarks visible.,TRUE,M,0:00-0:02 slight facial stiffness.,FALSE,none,No non-human subjects present.,TRUE,M,0:00-0:02 background text is unreadable.,FALSE,none,Scene composition is normal.,TRUE,M,0:00-0:02 walking motion is unnatural.,TRUE,M,0:00-0:02 clothing folds shift slightly.,FALSE,none,No continuity errors.,FALSE,none,No physics violations.,Background text is unreadable.,Video shows typical AI smoothing.,
w2_012_hunyuan_20260719_140415,Hunyuan,Gemini_3.1_Pro,2026-07-29,AI-generated,75,TRUE,M,0:00-0:02 waxy skin on faces and indistinct food textures across table.,TRUE,M,0:01 soft edges around man's hands and utensils on right.,FALSE,none,no obvious lighting errors.,FALSE,none,no watermark visible.,TRUE,M,0:01 man's right hand holding utensil is malformed.,FALSE,none,no non-human subjects present.,TRUE,M,0:01 utensils on right are distorted.,FALSE,none,scene arrangement appears standard.,TRUE,M,0:01 man's cutting motion on right is non-rigid.,TRUE,M,0:02 food in center bowls shifts shape.,FALSE,none,no sudden continuity errors.,TRUE,M,0:01 knife on right phases through food without cutting.,Man's hand and utensils on the right blend together during motion.,Multiple structural and motion artifacts present.,
w2_013_hunyuan_20260719_140707,Hunyuan,Gemini_3.1_Pro,2026-07-29,AI-generated,75,TRUE,L,0:00-0:02 faces overly smooth.,TRUE,L,0:00-0:02 right hand blends with pen.,FALSE,none,Lighting consistent.,FALSE,none,No watermarks.,TRUE,M,0:00-0:02 right hand fingers merged.,FALSE,none,No non-human subjects present.,TRUE,M,0:00-0:02 whiteboard text is gibberish.,FALSE,none,Spatial arrangement plausible.,TRUE,M,0:00-0:02 hand and pen morphing.,TRUE,L,0:00-0:02 pen shape shifts.,FALSE,none,No continuity breaks.,FALSE,none,No physics violations.,Background whiteboard text is unreadable gibberish.,Subject hands also show structural merging.,
w2_014_hunyuan_20260719_140959,Hunyuan,Gemini_3.1_Pro,2026-07-29,AI-generated,70,TRUE,L,0:01 center face waxy,TRUE,L,0:00 center edges soft,TRUE,L,0:01 bottom shadow vague,FALSE,none,no watermark visible,TRUE,M,0:00 center hand malformed,FALSE,none,no non-human subjects present,TRUE,M,0:00 center bike lacks fork,TRUE,M,0:02 background left vanish,TRUE,M,0:01 center bike morphs,TRUE,M,0:01 background left morph,TRUE,M,0:02 background left disappear,TRUE,M,0:01 center no pedaling,Bike lacks structural components.,Multiple structural errors.,
w2_015_hunyuan_20260719_141252,Hunyuan,Gemini_3.1_Pro,2026-07-29,AI-generated,75,TRUE,M,Waxy face at 00:01 center.,TRUE,M,Edges dissolve at 00:00 right.,FALSE,none,Consistent lighting.,FALSE,none,No watermark.,TRUE,M,Face distorts at 00:01 center.,TRUE,M,Malformed birds at 00:01 foreground.,FALSE,none,Stable bench.,TRUE,M,Impossible spacing at 00:01 center.,TRUE,M,Unnatural glide at 00:01 left.,TRUE,M,Face morphs at 00:02 center.,TRUE,M,Bird merges at 00:01 right.,TRUE,M,Phasing through torso at 00:01 right.,Pigeons phase through subjects and morph unnaturally.,Severe temporal artifacts.,
w2_016_hunyuan_20260719_141544,Hunyuan,Gemini_3.1_Pro,2026-07-29,AI-generated,75,TRUE,L,"0:00 bottom, grass lacks detail.",TRUE,L,"0:01 bottom center, ball edges blur.",FALSE,none,Lighting is consistent.,FALSE,none,No watermark visible.,TRUE,L,"0:01 lower frame, feet lack definition.",FALSE,none,no non-human subjects present,TRUE,M,"0:00 center, ball pattern irregular.",FALSE,none,Standard spatial arrangement.,TRUE,M,"0:01 center, ball slides unnaturally.",TRUE,M,"0:02 center, shoe color changes.",FALSE,none,No sudden shifts.,TRUE,M,"0:02 center, ball deforms.",Shoe colors and ball patterns change mid-motion.,Clear AI generation markers.,
w2_017_hunyuan_20260719_141835,Hunyuan,Gemini_3.1_Pro,2026-07-29,AI-generated,70,TRUE,M,"0:01 center, smooth sand.",TRUE,M,"0:01 center, soft edges.",TRUE,M,"0:02 bottom, missing shadow.",FALSE,none,No watermark.,TRUE,M,"0:01 center, stiff limbs.",FALSE,none,No non-human subjects present.,FALSE,none,No objects.,TRUE,M,"0:00 background, static waves.",TRUE,M,"0:01 bottom, feet slide.",TRUE,M,"0:02 center, silhouette shift.",TRUE,M,"0:01 background, static waves.",TRUE,M,"0:02 bottom, no footprints.",Runner leaves no footprints while sliding.,Floaty motion and static waves.,
w2_018_hunyuan_20260719_142127,Hunyuan,Gemini_3.1_Pro,2026-07-29,AI-generated,70,TRUE,M,0:00 top left background lacks detail.,TRUE,M,0:01 lower center feet blend into board.,TRUE,M,0:01 lower center missing shadow.,FALSE,none,No watermark.,TRUE,M,0:02 lower center legs distort.,FALSE,none,No non-human subjects present.,TRUE,M,0:01 center board loses wheels.,TRUE,M,0:02 top left shifting buildings.,TRUE,M,0:01 center board bends.,TRUE,M,0:01 center board changes shape.,TRUE,M,0:02 lower center board disappears.,TRUE,M,0:02 lower center riding without board.,Skateboard morphs and disappears mid-jump.,Clear structural failures on the skateboard.,
w2_019_hunyuan_20260719_142419,Hunyuan,Gemini_3.1_Pro,2026-07-29,AI-generated,70,TRUE,M,"0:01 center, splash lacks droplet detail.",TRUE,M,"0:01 center-right, arm edges blur into water.",FALSE,none,Lighting appears consistent.,FALSE,none,No watermark visible.,TRUE,M,"0:01 center-right, arms lack joints and hands.",FALSE,none,No non-human subjects present.,FALSE,none,No structural objects present.,FALSE,none,Scene composition is standard.,TRUE,M,"0:00-0:02 center, water moves like thick gel.",TRUE,M,"0:01 center, arms morph into the splash.",FALSE,none,No continuity errors observed.,TRUE,M,"0:01 center, splash physics lack realistic dispersion.",Water splashes lack realistic droplet physics and appear as soft masses.,"Video exhibits a smooth, painterly quality typical of AI generation.",
w2_020_hunyuan_20260719_142711,Hunyuan,Gemini_3.1_Pro,2026-07-29,AI-generated,75,TRUE,L,0:00 right subject skin waxy.,TRUE,M,0:02 right subject dissolves into background.,FALSE,none,No obvious lighting errors.,FALSE,none,No watermark.,TRUE,M,0:01 right subject legs morph.,FALSE,none,no non-human subjects present,TRUE,M,0:00 right subject missing racket.,FALSE,none,Scene layout mostly stable.,TRUE,M,0:01 left subject glides.,TRUE,M,0:02 left subjects merge.,TRUE,M,0:02 right subject vanishes.,TRUE,M,0:01 left subject moves without friction.,Right subject vanishes at 0:02.,Multiple severe temporal and anatomical errors.,
w2_021_hunyuan_20260719_143003,Hunyuan,Gemini_3.1_Pro,2026-07-29,Real,30,FALSE,none,Normal textures.,FALSE,none,Clean edges.,FALSE,none,Normal lighting.,FALSE,none,None visible.,FALSE,none,Normal anatomy.,FALSE,none,no non-human subjects present,FALSE,none,Stable objects.,FALSE,none,Logical scene.,FALSE,none,Natural motion.,FALSE,none,Consistent identity.,FALSE,none,Continuous scene.,FALSE,none,Normal physics.,no strong artefacts observed,Standard camera footage.,
w2_022_hunyuan_20260719_143310,Hunyuan,Gemini_3.1_Pro,2026-07-29,AI-generated,70,TRUE,M,"0:00 center, text on newspapers is gibberish.",TRUE,M,"0:01 right, hands merge with papers.",FALSE,none,No obvious lighting errors.,FALSE,none,No watermark visible.,TRUE,M,"0:01 right, face lacks structure.",FALSE,none,No non-human subjects present.,TRUE,M,"0:00 center, signs are unreadable.",FALSE,none,Scene layout coherent.,TRUE,M,"0:01 right, body moves non-rigidly.",TRUE,M,"0:01 right, held papers change shape.",TRUE,M,"0:01 right, papers merge into coat.",TRUE,M,"0:01 right, papers phase through body.",Objects merge and text is gibberish.,Clear AI generation.,
w2_023_hunyuan_20260719_143601,Hunyuan,Gemini_3.1_Pro,2026-07-29,AI-generated,70,TRUE,M,Soft textures on plants at 00:01 center.,TRUE,M,Soft edges on woman at 00:01 left-center.,FALSE,none,Lighting appears consistent.,FALSE,none,No watermark seen.,FALSE,none,Figures are blurry but normal.,FALSE,none,No non-human subjects present.,TRUE,M,Gibberish text on chalkboard at 00:00-00:02 right.,TRUE,M,Vague architectural details at 00:02 center.,FALSE,none,Motion appears normal.,FALSE,none,Objects remain stable.,FALSE,none,No obvious continuity errors.,FALSE,none,Physics appear normal.,Gibberish text on the chalkboard.,Text rendering fails completely.,
w2_024_hunyuan_20260719_143853,Hunyuan,Gemini_3.1_Pro,2026-07-29,AI-generated,70,TRUE,M,"0:00 center-left, board lacks sharp detail",TRUE,M,"0:01 right side, glasses blend into face",FALSE,none,Lighting appears consistent,FALSE,none,No watermark visible,TRUE,M,"0:00 center, fingers appear fused",FALSE,none,No non-human subjects present,TRUE,M,"0:00 center-left, text on board is gibberish",FALSE,none,Scene layout is plausible,FALSE,none,No obvious motion errors,FALSE,none,Objects remain consistent,FALSE,none,No continuity errors,FALSE,none,No physics violations,Text on the display board is unreadable gibberish.,Hand anatomy also shows signs of synthesis.,
w2_025_hunyuan_20260719_144145,Hunyuan,Gemini_3.1_Pro,2026-07-29,AI-generated,70,TRUE,M,0:00-0:02 waxy skin on left hand.,FALSE,none,no boundary issues.,FALSE,none,lighting consistent.,FALSE,none,no watermark.,TRUE,M,0:00-0:02 fingers blend into pen.,FALSE,none,no non-human subjects present.,TRUE,M,0:00-0:02 whiteboard text is gibberish.,FALSE,none,layout standard.,FALSE,none,no motion errors.,TRUE,M,0:00-0:02 text morphs.,FALSE,none,no continuity errors.,FALSE,none,no physics violations.,Whiteboard text is gibberish.,Clear AI generation.,
w2_026_hunyuan_20260719_144437,Hunyuan,Gemini_3.1_Pro,2026-07-29,AI-generated,70,TRUE,M,0:00-0:02 right hand skin waxy.,TRUE,M,0:00-0:02 left fingers blend into handle.,FALSE,none,Lighting consistent.,FALSE,none,No watermark.,TRUE,M,0:00-0:02 left hand grip distorted.,FALSE,none,No non-human subjects present.,TRUE,M,0:00-0:02 center knife blade warps.,FALSE,none,Standard arrangement.,TRUE,M,0:00-0:02 center knife bends.,TRUE,M,0:00-0:02 bottom center vegetable pieces morph.,FALSE,none,No sudden shifts.,TRUE,M,0:00-0:02 bottom center knife fails to cut.,Knife passes through vegetables without cutting.,Multiple structural and physical errors.,
w2_027_hunyuan_20260719_144728,Hunyuan,Gemini_3.1_Pro,2026-07-29,AI-generated,70,TRUE,M,"0:01 right side, waxy hand texture.",TRUE,M,"0:02 right side, hand edges blur.",FALSE,none,Lighting consistent.,FALSE,none,No watermark.,TRUE,M,"0:01 right side, fingers merge.",FALSE,none,No non-human subjects present.,TRUE,M,"0:01 center, loom lacks shuttle.",FALSE,none,Plausible arrangement.,TRUE,M,"0:02 right side, non-rigid hand motion.",TRUE,M,"0:02 right side, fingers morph.",FALSE,none,No sudden shifts.,TRUE,M,"0:02 center, weaving without thread.",Hand fingers merge and morph while weaving.,Loom mechanics are physically incorrect.,
w2_028_hunyuan_20260719_145020,Hunyuan,Gemini_3.1_Pro,2026-07-29,Uncertain,50,FALSE,none,Textures natural.,FALSE,none,Edges consistent.,FALSE,none,Lighting matches.,FALSE,none,No watermark.,FALSE,none,No humans.,FALSE,none,No non-human subjects present.,FALSE,none,No structural defects.,FALSE,none,Standard composition.,TRUE,M,"0:00-0:02 across frame, droplets static.",FALSE,none,No drift.,FALSE,none,No errors.,TRUE,M,"0:00-0:02 across frame, droplets defy gravity.",Lack of motion in droplets.,Appears to be a static image.,
w2_030_hunyuan_20260719_145604,Hunyuan,Gemini_3.1_Pro,2026-07-29,AI-generated,75,TRUE,L,0:00-0:02 bottom-right hand lacks skin texture.,FALSE,none,Edges appear mostly coherent.,TRUE,L,0:00-0:02 top-left pitcher reflection mismatches scene.,FALSE,none,No watermark seen.,TRUE,M,0:00-0:02 bottom-right hand lacks distinct joints.,FALSE,none,No non-human subjects present.,TRUE,L,0:00-0:02 top-left pitcher spout is slightly warped.,FALSE,none,Spatial arrangement is plausible.,TRUE,M,0:00-0:02 center milk stream lacks realistic fluid dynamics.,FALSE,none,Objects maintain identity.,TRUE,M,0:00-0:02 center cup volume does not increase.,TRUE,M,0:00-0:02 center milk impact lacks surface displacement.,Fluid dynamics of the pouring milk lack realistic physical interaction.,Hand anatomy and fluid physics show typical generative anomalies.,
w2_032_hunyuan_20260719_150147,Hunyuan,Gemini_3.1_Pro,2026-07-29,AI-generated,70,TRUE,M,"0:02 center, soft fur texture.",FALSE,none,Edges coherent.,FALSE,none,Lighting consistent.,FALSE,none,No watermark.,FALSE,none,No humans present.,TRUE,M,"0:01 center, head emerges unnaturally.",FALSE,none,Window stable.,FALSE,none,Normal arrangement.,TRUE,M,"0:01 center, non-rigid turning.",TRUE,M,"0:01 center, stripe pattern shifts.",FALSE,none,No sudden shifts.,FALSE,none,No physics violations.,Cat head emerges without skeletal structure.,Motion lacks rigidity.,
w2_033_hunyuan_20260719_150439,Hunyuan,Gemini_3.1_Pro,2026-07-29,AI-generated,75,TRUE,M,"0:01 center, smooth coat.",TRUE,M,"0:01 top, soft mane edges.",FALSE,none,no obvious lighting errors.,FALSE,none,no watermark visible.,FALSE,none,no humans present.,TRUE,M,"0:01 bottom, unnatural leg joints.",FALSE,none,no mechanical objects.,TRUE,M,"0:00 background, flat depth.",TRUE,M,"0:02 bottom, floaty gallop.",TRUE,M,"0:01 center, shifting head mark.",TRUE,M,"0:01 background, unnatural scroll.",FALSE,none,no physics violations.,Unnatural leg joints during gallop.,Motion lacks ground contact.,
w2_034_hunyuan_20260719_150731,Hunyuan,Gemini_3.1_Pro,2026-07-29,AI-generated,70,TRUE,M,"0:01 center, creature fur is a soft blur lacking detail.",TRUE,M,"0:01 center, creature edges dissolve into the background.",FALSE,none,Lighting appears consistent.,FALSE,none,No watermark visible.,FALSE,none,No human subjects present.,TRUE,M,"0:01 center, animal lacks discernible facial features or distinct limbs.",FALSE,none,Stick structure appears normal.,FALSE,none,Scene composition is standard.,TRUE,M,"0:01 center, creature exhibits non-rigid, vibrating motion.",TRUE,M,"0:01 center, creature's body mass and shape shift inconsistently.",FALSE,none,No obvious continuity errors.,FALSE,none,No clear causality violations.,"The creature's anatomy is an indistinct, morphing blob lacking defined limbs.",The video exhibits strong structural and temporal instability in the main subject.,
w2_035_hunyuan_20260719_151022,Hunyuan,Gemini_3.1_Pro,2026-07-29,Real,35,FALSE,none,natural textures,FALSE,none,normal edges,FALSE,none,realistic lighting,FALSE,none,no watermarks,FALSE,none,no humans,FALSE,none,normal fish anatomy,FALSE,none,no objects,FALSE,none,natural layout,FALSE,none,natural swimming,FALSE,none,consistent appearance,FALSE,none,no errors,FALSE,none,normal physics,no strong artefacts observed,genuine underwater footage,
w2_036_hunyuan_20260719_151314,Hunyuan,Gemini_3.1_Pro,2026-07-29,AI-generated,75,TRUE,M,"0:01 center, waxy skin and blurry cards.",TRUE,M,"0:01 center, fingers blend into cards.",FALSE,none,No lighting errors.,FALSE,none,No watermark.,TRUE,M,"0:01 center-left, fingers merge together.",FALSE,none,No non-human subjects present.,TRUE,M,"0:01 center, cards lack rigid structure.",FALSE,none,Standard composition.,TRUE,M,"0:01 center, non-rigid card motion.",TRUE,M,"0:01 center, deck morphs.",FALSE,none,No continuity errors.,TRUE,M,"0:01 center, cards melt together.",Fingers and cards merge into a non-rigid mass.,Clear AI generation markers.,
w2_037_hunyuan_20260719_151606,Hunyuan,Gemini_3.1_Pro,2026-07-29,AI-generated,65,TRUE,M,"0:00-0:02 center, loss of fine detail on face and dress.",TRUE,M,"0:01 center, soft edges around dancer.",FALSE,none,no obvious lighting errors.,FALSE,none,no watermark visible.,TRUE,M,"0:02 center, face features distorted.",FALSE,none,no non-human subjects present.,FALSE,none,no structural objects.,FALSE,none,scene composition normal.,FALSE,none,motion appears mostly normal.,TRUE,M,"0:00-0:02 center, face morphs during spin.",FALSE,none,no major continuity errors.,FALSE,none,no physics violations.,Face morphs and distorts during the spin.,"Video is low resolution, making some artifacts hard to distinguish from compression.",
w2_038_hunyuan_20260719_151858,Hunyuan,Gemini_3.1_Pro,2026-07-29,AI-generated,70,TRUE,M,0:00-0:02 center face skin appears waxy.,TRUE,L,0:01 center hand edges blend into face.,FALSE,none,Lighting appears consistent.,FALSE,none,No watermark visible.,TRUE,M,0:00-0:02 center-left fingers lack joints.,FALSE,none,No non-human subjects present.,TRUE,M,0:01 center brush lacks distinct bristles.,TRUE,M,0:00-0:02 overall reflection angle mismatches foreground.,TRUE,L,0:01 center brush movement is floaty.,TRUE,L,0:01 center eyeshadow shape shifts.,FALSE,none,No major continuity errors.,FALSE,none,No obvious physics violations.,Fingers gripping the brush lack joints and blend together.,Reflection geometry is inconsistent.,
w2_039_hunyuan_20260719_152150,Hunyuan,Gemini_3.1_Pro,2026-07-29,AI-generated,75,TRUE,M,0:01 foreground subjects lack facial details.,TRUE,M,0:02 center right subject edges blend into background.,FALSE,none,Lighting appears generally consistent.,FALSE,none,No watermarks observed.,TRUE,M,0:02 center right faces are featureless blobs.,FALSE,none,No non-human subjects present.,TRUE,M,0:00 top banners contain gibberish patterns.,FALSE,none,Scene layout is plausible.,TRUE,M,0:01 lower half people glide without walking mechanics.,TRUE,M,0:02 foreground clothing shapes morph during movement.,FALSE,none,No major continuity errors noted.,FALSE,none,No physics violations observed.,Foreground subjects have featureless faces and glide unnaturally.,Video exhibits strong synthetic characteristics.,
w2_040_hunyuan_20260719_152442,Hunyuan,Gemini_3.1_Pro,2026-07-29,AI-generated,70,TRUE,M,"0:01 center, fur lacks detail.",TRUE,M,"0:01 center, leash blends.",FALSE,none,No lighting errors.,FALSE,none,No watermark.,FALSE,none,Legs appear normal.,TRUE,M,"0:02 center, paw malformed.",TRUE,M,"0:01 top-left, leash disconnected.",TRUE,M,"0:02 right, reflection angle wrong.",TRUE,M,"0:01 center, dog slides.",TRUE,M,"0:02 right, reflection morphs.",FALSE,none,No continuity errors.,TRUE,M,"0:02 right, reflection mismatched.",Reflection angle and movement do not match the subject.,Multiple structural and reflection errors.,
w2_001_wan_20260719_162444,Wan,Gemini_3.1_Pro,2026-07-29,AI-generated,65,TRUE,M,"0:01 center face, skin lacks pore detail.",FALSE,none,Edges normal.,FALSE,none,Lighting consistent.,FALSE,none,No watermark.,TRUE,M,"0:01 center mouth, lower teeth fused.",FALSE,none,No non-human subjects present.,FALSE,none,Objects normal.,FALSE,none,Scene normal.,TRUE,M,"0:01 background, leaves unnaturally static.",FALSE,none,Identity stable.,FALSE,none,No continuity errors.,FALSE,none,No physics errors.,Fused lower teeth.,Subtle anatomical errors.,
w2_002_wan_20260719_162850,Wan,Gemini_3.1_Pro,2026-07-29,AI-generated,70,TRUE,M,0:01 center face skin waxy.,FALSE,none,edges normal.,FALSE,none,lighting normal.,FALSE,none,no watermark.,TRUE,M,0:01 center face teeth fused.,FALSE,none,no non-human subjects present.,FALSE,none,objects normal.,FALSE,none,composition normal.,TRUE,M,0:01 center face stiff motion.,TRUE,M,0:02 center face teeth morph.,TRUE,M,0:00-0:02 background frozen.,FALSE,none,no physics violations.,Background subjects remain completely frozen.,Teeth morphing and frozen background indicate synthesis.,
w2_003_wan_20260719_163256,Wan,Gemini_3.1_Pro,2026-07-29,AI-generated,70,TRUE,M,0:01 center face skin lacks pores.,TRUE,M,0:01 right glasses frame blends into hair.,TRUE,M,0:02 center glasses reflection mismatches face lighting.,FALSE,none,No watermark seen.,TRUE,M,0:02 bottom-left fingers lack joints.,FALSE,none,No non-human subjects present.,TRUE,M,0:01 bottom-left book text is gibberish.,FALSE,none,Scene layout is standard.,TRUE,M,0:01 center subject lacks natural micro-movements.,TRUE,M,0:02 bottom-left book text shifts slightly.,FALSE,none,No major continuity errors.,FALSE,none,No physics violations.,Gibberish text on the book and unnatural stillness.,Video resembles an animated still image.,
w2_004_wan_20260719_163702,Wan,Gemini_3.1_Pro,2026-07-29,AI-generated,70,TRUE,M,0:00 right hair blends into dark background.,TRUE,M,0:00 soft edges on hair.,TRUE,M,0:00 eye reflections mismatch window light.,FALSE,none,No watermark visible.,FALSE,none,Anatomy appears normal.,FALSE,none,No non-human subjects present.,TRUE,M,0:00 raindrops lack proper refraction.,FALSE,none,Composition is standard.,FALSE,none,No motion observed.,FALSE,none,No drift observed.,FALSE,none,No continuity errors.,FALSE,none,No physics violations.,Eye reflections mismatch the window light source.,Video appears completely static.,
w2_005_wan_20260719_164108,Wan,Gemini_3.1_Pro,2026-07-29,AI-generated,70,TRUE,M,0:00 center face skin smooth.,TRUE,M,0:01 center spoon edges blend.,FALSE,none,Lighting appears consistent.,FALSE,none,No watermark visible.,TRUE,M,0:00 bottom-left fingers merge.,FALSE,none,No non-human subjects present.,TRUE,M,0:01 center spoon shape shifts.,FALSE,none,Scene layout is standard.,TRUE,M,0:02 background right chef warps.,TRUE,M,0:01 center spoon food morphs.,TRUE,M,0:01 center food vanishes early.,TRUE,M,0:01 center eating lacks contact.,Food vanishes from spoon before entering mouth.,Multiple temporal and structural anomalies.,
w2_006_wan_20260719_164514,Wan,Gemini_3.1_Pro,2026-07-29,AI-generated,70,TRUE,M,"0:01 center, waxy skin.",FALSE,none,Edges coherent.,FALSE,none,Lighting consistent.,FALSE,none,No watermark.,TRUE,M,"0:01 center, fingers merge.",FALSE,none,No non-human subjects present.,TRUE,M,"0:02 bottom-right, smudged ports.",FALSE,none,Standard arrangement.,TRUE,M,"0:01 center, unnatural glide.",TRUE,M,"0:02 center, shapes shift.",FALSE,none,No continuity errors.,FALSE,none,No physics violations.,Fingers merge during typing.,Classic AI hand errors.,
w2_007_wan_20260719_164920,Wan,Gemini_3.1_Pro,2026-07-29,AI-generated,70,TRUE,M,0:01 hand skin waxy top right.,FALSE,none,Edges mostly stable.,FALSE,none,Lighting matches scene.,FALSE,none,No watermark seen.,TRUE,M,0:00 fingers lack joints top right.,FALSE,none,No non-human subjects present.,TRUE,M,0:01 jug text gibberish right.,FALSE,none,Spatial arrangement normal.,TRUE,M,0:01 milk flow rigid center.,FALSE,none,Objects maintain identity.,FALSE,none,No sudden shifts.,TRUE,M,0:01 milk pours through plastic center.,Milk pours directly through the solid plastic of the jug.,Fluid dynamics and object boundaries fail.,
w2_008_wan_20260719_165326,Wan,Gemini_3.1_Pro,2026-07-29,AI-generated,70,TRUE,M,"0:02 center, face skin lacks fine detail.",TRUE,L,"0:00 center, slight soft edges around fingers.",TRUE,M,"0:02 center, face lighting mismatches background.",FALSE,none,No watermark visible.,TRUE,M,"0:00 center, fingers blend and lack joints.",FALSE,none,No non-human subjects present.,TRUE,M,"0:00 bottom center, shoelaces connect illogically.",FALSE,none,Spatial arrangement normal.,TRUE,M,"0:01 center, hands show non-rigid morphing.",TRUE,M,"0:01 bottom right, shoe toe cap shifts shape.",FALSE,none,No continuity errors.,TRUE,M,"0:00 center, shoelace passes through fingers.",Fingers blend together and lack clear joints while tying shoes.,Multiple structural and physical errors in hand-object interaction.,
w2_009_wan_20260719_165735,Wan,Gemini_3.1_Pro,2026-07-29,AI-generated,75,FALSE,none,No texture issues.,FALSE,none,Edges intact.,FALSE,none,Lighting consistent.,FALSE,none,No watermark.,TRUE,M,0:01 right hand index finger lacks joints.,FALSE,none,No non-human subjects present.,TRUE,M,0:00 center page text is gibberish.,FALSE,none,Spatial arrangement standard.,TRUE,M,0:01 center pen motion lacks consistency.,TRUE,M,0:02 center text morphs.,TRUE,M,0:01 center ink out of sync.,FALSE,none,No physics violations.,Text on the page is complete gibberish.,Video shows clear signs of AI generation through text rendering failures.,
w2_010_wan_20260719_170141,Wan,Gemini_3.1_Pro,2026-07-29,AI-generated,70,TRUE,M,"0:01 center, cards lack individual paper texture.",TRUE,M,"0:02 center-left, thumb blends into cards.",FALSE,none,Lighting appears consistent.,FALSE,none,No watermarks visible.,TRUE,M,"0:02 center-left, distorted left fingers.",FALSE,none,No non-human subjects present.,TRUE,M,"0:01 center, deck lacks individual card structure.",FALSE,none,Spatial arrangement is standard.,TRUE,M,"0:02 center, cards warp non-rigidly.",TRUE,M,"0:01 center, card pattern shifts.",TRUE,M,"0:02 center-left, thumb phases through cards.",FALSE,none,No obvious physics violations beyond motion.,Cards warp non-rigidly and merge with fingers.,Multiple structural and motion artifacts indicate synthesis.,
w2_011_wan_20260719_170547,Wan,Gemini_3.1_Pro,2026-07-29,AI-generated,75,TRUE,L,0:01 top-right background buildings lack detail.,TRUE,L,0:00 center man's glasses blend into face.,FALSE,none,Lighting seems consistent.,FALSE,none,No watermark.,TRUE,M,0:00 bottom-right woman's hand has merged fingers.,FALSE,none,No non-human subjects present.,TRUE,M,0:00 bottom-left phone is distorted.,FALSE,none,Scene composition plausible.,TRUE,L,0:01 bottom subjects' feet slide.,TRUE,M,0:02 center man's glasses change shape.,TRUE,M,0:02 bottom-left phone disappears.,FALSE,none,No physics violations.,Phone disappears and hands are distorted.,Multiple structural and continuity errors.,
w2_012_wan_20260719_170953,Wan,Gemini_3.1_Pro,2026-07-29,AI-generated,75,TRUE,M,0:00-0:02 faces and food lack detail across frame.,TRUE,M,0:01 fork edges blend into hands on right.,FALSE,none,Lighting is consistent.,FALSE,none,No watermark.,TRUE,M,0:01 father's fingers merge with fork.,FALSE,none,No non-human subjects present.,TRUE,M,0:02 forks on right are bent.,FALSE,none,Arrangement is plausible.,TRUE,M,0:01-0:02 hands warp during movement.,TRUE,M,0:02 father's fork changes shape.,FALSE,none,No continuity errors.,TRUE,M,0:01 utensils pass through food.,Utensils merging with hands and warping during motion.,Multiple structural and motion artifacts indicate synthesis.,
w2_013_wan_20260719_171359,Wan,Gemini_3.1_Pro,2026-07-29,AI-generated,70,TRUE,M,0:01 faces center show waxy skin,TRUE,M,0:01 soft edges around hands center,TRUE,M,0:02 table reflections bottom mismatch,FALSE,none,no watermark visible,TRUE,M,0:01 distorted fingers on left man bottom-left,FALSE,none,no non-human subjects present,TRUE,M,0:00 gibberish text on whiteboard top-center,FALSE,none,scene composition normal,TRUE,M,0:01 rigid hand motion center,TRUE,M,0:02 pen shape shifts bottom-left,FALSE,none,no continuity errors,FALSE,none,no physics violations,Gibberish text on whiteboard top-center.,Multiple structural anomalies present.,
w2_014_wan_20260719_171805,Wan,Gemini_3.1_Pro,2026-07-29,Real,30,FALSE,none,Textures natural.,FALSE,none,Edges consistent.,FALSE,none,Shadows match.,FALSE,none,No watermarks.,FALSE,none,Proportions normal.,FALSE,none,no non-human subjects present,FALSE,none,Bike coherent.,FALSE,none,Layout logical.,FALSE,none,Movement natural.,FALSE,none,Identities stable.,FALSE,none,No errors.,FALSE,none,Physics normal.,no strong artefacts observed,Appears to be standard footage.,
w2_016_wan_20260719_172618,Wan,Gemini_3.1_Pro,2026-07-29,Real,35,FALSE,none,no texture defects,FALSE,none,no boundary defects,FALSE,none,lighting consistent,FALSE,none,no watermarks,FALSE,none,anatomy normal,FALSE,none,no non-human subjects present,FALSE,none,objects sound,FALSE,none,composition natural,FALSE,none,motion realistic,FALSE,none,identities stable,FALSE,none,no continuity errors,FALSE,none,physics normal,no strong artefacts observed,video appears genuine,
w2_017_wan_20260719_173114,Wan,Gemini_3.1_Pro,2026-07-29,AI-generated,70,TRUE,M,"0:00 center, subject lacks detail.",TRUE,M,"0:01 center, soft edges on runner.",TRUE,M,"0:02 center, lighting mismatch.",FALSE,none,No watermark.,TRUE,M,"0:01 center, leg joints unclear.",FALSE,none,No non-human subjects.,FALSE,none,No mechanical objects.,FALSE,none,Scene plausible.,TRUE,M,"0:02 center, foot sliding.",FALSE,none,Identity consistent.,FALSE,none,No shifts.,FALSE,none,No physics issues.,Unnatural foot sliding and leg structure.,Motion and anatomy suggest synthesis.,
w2_018_wan_20260719_173520,Wan,Gemini_3.1_Pro,2026-07-29,Real,25,FALSE,none,Textures natural.,FALSE,none,Edges consistent.,FALSE,none,Shadows match light.,FALSE,none,No watermarks.,FALSE,none,Proportions normal.,FALSE,none,no non-human subjects present,FALSE,none,Skateboard maintains structure.,FALSE,none,Spatial arrangement logical.,FALSE,none,Physics realistic.,FALSE,none,Subject stable.,FALSE,none,No continuity errors.,FALSE,none,Cause and effect match.,no strong artefacts observed,Video appears to be standard skate footage.,
w2_019_wan_20260719_173926,Wan,Gemini_3.1_Pro,2026-07-29,AI-generated,70,TRUE,M,0:01 center water lacks detail.,TRUE,M,0:01 center legs bleed into water.,FALSE,none,No lighting issues.,FALSE,none,No watermark.,TRUE,M,0:00 top right feet lack toes.,FALSE,none,No animals present.,FALSE,none,No mechanical objects.,TRUE,M,0:01 center spatial layout shifts.,TRUE,M,0:01 center splash motion is non-rigid.,TRUE,M,0:01 center legs morph.,TRUE,M,0:01 center shapes appear in splash.,TRUE,M,0:02 center water physics fail.,Legs morphing into water splash.,Clear AI generation.,
w2_020_wan_20260719_174332,Wan,Gemini_3.1_Pro,2026-07-29,AI-generated,70,TRUE,M,0:01 center player skin waxy.,TRUE,M,0:01 top right racket edges soft.,TRUE,M,0:02 bottom shadow mismatched.,FALSE,none,No watermark.,TRUE,M,0:02 top left hand malformed.,FALSE,none,No non-human subjects present.,TRUE,M,0:01 center racket warps.,FALSE,none,Scene layout plausible.,TRUE,M,0:01 center racket bends.,TRUE,M,0:00 center right balls merge.,TRUE,M,0:01 center right ball vanishes.,TRUE,M,0:01 center right swing misses.,Racket warps and balls vanish mid-swing.,Multiple structural and temporal failures.,
w2_021_wan_20260719_174738,Wan,Gemini_3.1_Pro,2026-07-29,AI-generated,75,TRUE,M,"0:00 in background window, books lack detail.",TRUE,M,"0:00 on subject's hands, edges blend into book.",FALSE,none,Lighting appears consistent.,FALSE,none,No watermarks visible.,TRUE,M,"0:00 on subject's right hand, fingers merged.",FALSE,none,No non-human subjects present.,TRUE,M,"0:00 across the window, text is gibberish.",FALSE,none,Spatial arrangement is standard.,FALSE,none,Minimal motion observed.,FALSE,none,Subject remains consistent.,FALSE,none,No continuity errors seen.,FALSE,none,No physics violations.,Window text is entirely gibberish.,Clear AI generation markers.,
w2_022_wan_20260719_175144,Wan,Gemini_3.1_Pro,2026-07-29,AI-generated,70,TRUE,M,0:00 bottom-center magazines lack detail.,TRUE,M,0:01 center sitting man blends into background.,FALSE,none,Lighting appears consistent.,FALSE,none,No watermark seen.,TRUE,M,0:02 center sitting man has distorted face.,FALSE,none,no non-human subjects present,TRUE,M,0:00 center-left storefront has gibberish text EAVRDAK.,TRUE,M,0:01 center-right traffic pole merges with signs.,TRUE,L,0:01 center standing man moves stiffly.,TRUE,L,0:02 bottom-center magazine shapes shift.,FALSE,none,No continuity errors seen.,FALSE,none,No physics violations seen.,Gibberish text on storefronts.,Multiple structural defects.,
w2_023_wan_20260719_175550,Wan,Gemini_3.1_Pro,2026-07-29,AI-generated,75,FALSE,none,no obvious texture defects,TRUE,M,"0:01 left edge, soft boundaries on moving person",FALSE,none,lighting appears consistent,FALSE,none,no watermark visible,FALSE,none,human subject too obscured,FALSE,none,no non-human subjects present,TRUE,M,"0:00 right foreground, gibberish text on sign",TRUE,M,"0:00 right foreground, impossible stool geometry",TRUE,M,"0:01 left edge, unnatural ghosting on person",FALSE,none,objects remain consistent,FALSE,none,no continuity errors,FALSE,none,no physics violations,Gibberish text on the main cafe sign.,Scene is mostly static with clear text rendering failures.,
w2_024_wan_20260719_175957,Wan,Gemini_3.1_Pro,2026-07-29,AI-generated,70,TRUE,M,0:00 waxy faces center,TRUE,M,0:01 soft hand edges center,FALSE,none,no lighting errors,FALSE,none,no watermark,TRUE,M,0:02 mangled hand center-left,FALSE,none,no non-human subjects present,TRUE,M,0:02 distorted laptop center,TRUE,M,0:01 clipping train right,TRUE,M,0:01 non-rigid motion right,TRUE,M,0:01 map morphs center,TRUE,M,0:01 object shifts center,TRUE,M,0:01 door clipping right,Map morphs into laptop.,Multiple structural errors.,
w2_025_wan_20260719_180423,Wan,Gemini_3.1_Pro,2026-07-29,AI-generated,65,TRUE,M,"0:01 right side, skin appears overly smooth.",TRUE,M,"0:01 right side, hand blends into marker.",FALSE,none,Lighting appears consistent.,FALSE,none,No watermark visible.,TRUE,M,"0:01 right side, fingers merged holding marker.",FALSE,none,No non-human subjects present.,TRUE,M,"0:02 right side, whiteboard text is gibberish.",FALSE,none,Scene layout is standard.,TRUE,M,"0:01 right side, marker moves non-rigidly.",TRUE,M,"0:02 right side, hand morphs during motion.",FALSE,none,No major continuity errors.,TRUE,M,"0:02 right side, marks appear without proper contact.",Hand holding marker is merged and distorted.,Background students are static.,
w2_026_wan_20260719_180830,Wan,Gemini_3.1_Pro,2026-07-29,AI-generated,70,TRUE,M,"Waxy skin on hands at 0:01, center-left.",TRUE,M,"Soft edges around knife blade at 0:01, center.",FALSE,none,Lighting appears consistent.,FALSE,none,No watermark visible.,TRUE,M,"Fingers on right hand blend together at 0:01, center-left.",FALSE,none,No non-human subjects present.,TRUE,M,"Knife blade geometry shifts at 0:02, center.",FALSE,none,Spatial arrangement is standard.,TRUE,M,"Knife motion lacks rigid physics at 0:01, center.",TRUE,M,"Chopped vegetables morph shapes at 0:01, center-bottom.",TRUE,M,"Vegetable pieces appear without being cut at 0:02, center-bottom.",TRUE,M,"Knife passes through food without separating it at 0:01, center.",Chopped vegetables morph and appear without physical cutting.,Multiple temporal and structural anomalies observed.,
w2_027_wan_20260719_181236,Wan,Gemini_3.1_Pro,2026-07-29,AI-generated,75,TRUE,M,"0:01 right side, threads lack fiber detail.",TRUE,M,"0:01 center, hand edges bleed into threads.",FALSE,none,Lighting appears mostly consistent.,FALSE,none,No watermarks observed.,TRUE,M,"0:01 center, fingers merge into threads.",FALSE,none,No non-human subjects present.,TRUE,M,"0:00 center, threads merge into solid wood.",TRUE,M,"0:00 left side, loom structure is nonsensical.",TRUE,M,"0:01 left side, wooden parts warp.",TRUE,M,"0:02 center, threads shift color.",TRUE,M,"0:02 center, threads vanish into hands.",TRUE,M,"0:01 center, threads pass through solid objects.",Fingers and wooden loom parts seamlessly melt into the threads.,Multiple structural and temporal artifacts present. Objects lack physical boundaries.,
w2_028_wan_20260719_181642,Wan,Gemini_3.1_Pro,2026-07-29,Uncertain,50,FALSE,none,Normal glass texture.,FALSE,none,No edge defects.,FALSE,none,Consistent lighting.,FALSE,none,No watermark.,FALSE,none,No humans present.,FALSE,none,No non-human subjects present.,FALSE,none,Structures too blurred.,FALSE,none,Plausible composition.,TRUE,M,"0:00-0:02 across frame, scene is completely static.",FALSE,none,No drift.,FALSE,none,No continuity errors.,FALSE,none,No physics violations.,Lack of motion suggests a still image.,Scene is entirely frozen.,
w2_029_wan_20260719_182048,Wan,Gemini_3.1_Pro,2026-07-29,AI-generated,75,TRUE,M,"0:01 center, waxy skin.",TRUE,M,"0:02 center, soft finger edges.",FALSE,none,Consistent lighting.,FALSE,none,No watermark.,TRUE,M,"0:02 center-right, distorted fingers.",FALSE,none,No non-human subjects present.,FALSE,none,Wheel appears normal.,FALSE,none,Normal composition.,TRUE,M,"0:01 center, non-rigid fingers.",TRUE,M,"0:02 center, finger shape shifts.",FALSE,none,No continuity errors.,TRUE,M,"0:01 center, fingers phase into clay.",Fingers distort unnaturally.,Clear AI markers.,
w2_030_wan_20260719_182454,Wan,Gemini_3.1_Pro,2026-07-29,AI-generated,70,TRUE,M,"0:01 bottom-right, smooth skin.",TRUE,M,"0:01 top-left, soft pitcher edge.",FALSE,none,Lighting appears consistent.,FALSE,none,No watermark visible.,TRUE,M,"0:02 top-left, undefined fingers.",FALSE,none,No non-human subjects present.,TRUE,M,"0:01 center, irregular spout.",FALSE,none,Composition is standard.,TRUE,M,"0:01 center, rigid milk stream.",TRUE,M,"0:02 center, morphing latte art.",FALSE,none,No obvious continuity errors.,TRUE,M,"0:02 center, static liquid volume.",Milk stream lacks fluid dynamics.,Multiple subtle anomalies present.,
w2_031_wan_20260719_182900,Wan,Gemini_3.1_Pro,2026-07-29,AI-generated,70,TRUE,M,"0:01 bottom, grass lacks detail.",TRUE,M,"0:01 center, soft edges on legs.",FALSE,none,no lighting errors.,FALSE,none,no watermark.,FALSE,none,no humans present.,TRUE,M,"0:01 center, malformed dog legs.",FALSE,none,no objects.,FALSE,none,plausible scene.,TRUE,M,"0:01 center, non-rigid leg motion.",TRUE,M,"0:01 center, legs morph shape.",FALSE,none,no continuity errors.,FALSE,none,no causality errors.,Dog legs morph and exhibit non-rigid motion.,Anatomy and motion are distorted.,
w2_032_wan_20260719_183306,Wan,Gemini_3.1_Pro,2026-07-29,AI-generated,70,TRUE,M,0:01 center fur lacks detail,TRUE,M,0:02 center soft edges,TRUE,M,0:01 right shadows inconsistent,FALSE,none,no watermark,FALSE,none,no humans present,TRUE,M,0:01 center eyes distorted,TRUE,M,0:02 background slats merge,FALSE,none,normal composition,FALSE,none,normal motion,TRUE,M,0:02 center face shifts,FALSE,none,no continuity errors,FALSE,none,no physics violations,Background blinds merge.,Multiple structural errors.,
w2_034_wan_20260719_184202,Wan,Gemini_3.1_Pro,2026-07-29,AI-generated,70,TRUE,M,0:01 top-left background leaves lack fine detail.,FALSE,none,Edges appear normal.,FALSE,none,Lighting is consistent.,FALSE,none,No watermark.,FALSE,none,No humans present.,TRUE,M,0:01 center body shows floating unattached claw.,FALSE,none,Branch appears normal.,FALSE,none,Spatial arrangement is standard.,TRUE,M,0:02 top-center head movement is unnaturally fluid.,TRUE,M,0:01 center back feathers morph during movement.,FALSE,none,No continuity errors.,FALSE,none,No physics violations.,Floating unattached claw on the bird's body.,Bird anatomy is structurally impossible.,
w2_035_wan_20260719_184608,Wan,Gemini_3.1_Pro,2026-07-29,Real,35,FALSE,none,textures natural,FALSE,none,edges consistent,FALSE,none,lighting matches,FALSE,none,no watermark,FALSE,none,no humans,FALSE,none,fish normal,FALSE,none,no objects,FALSE,none,composition logical,FALSE,none,motion fluid,FALSE,none,identity maintained,FALSE,none,no errors,FALSE,none,physics normal,no strong artefacts observed,Standard underwater footage.,
w2_036_wan_20260719_185013,Wan,Gemini_3.1_Pro,2026-07-29,AI-generated,70,TRUE,M,"0:00-0:02 center, skin and suit lack fine detail.",TRUE,M,"0:01 center right, fingers bleed into card edges.",FALSE,none,Lighting appears consistent.,FALSE,none,No watermark visible.,TRUE,M,"0:01 center, fingers morph and lack clear joints.",FALSE,none,No non-human subjects present.,TRUE,M,"0:01 center, playing cards have gibberish patterns.",FALSE,none,Spatial arrangement is plausible.,TRUE,M,"0:01-0:02 center, rigid cards bend non-rigidly.",TRUE,M,"0:01 center, card patterns shift during movement.",FALSE,none,No sudden appearances or shifts.,TRUE,M,"0:01 center, cards float without physical support.",Fingers morphing into non-rigid playing cards.,Multiple structural and temporal artifacts present.,
w2_037_wan_20260719_185419,Wan,Gemini_3.1_Pro,2026-07-29,AI-generated,70,TRUE,M,"0:00-0:02 center, skin and dress lack fine texture.",TRUE,M,"0:01 center, soft edges around dancer.",TRUE,M,"0:00-0:02 bottom, floor shadows mismatch spotlights.",FALSE,none,No watermark.,TRUE,M,"0:01 center, leg proportions slightly distorted.",FALSE,none,No non-human subjects.,FALSE,none,No mechanical objects.,TRUE,M,"0:00-0:02 background, spotlight arrangement illogical.",TRUE,M,"0:01-0:02 center, floaty jump physics.",TRUE,M,"0:00-0:02 bottom, shadow shape morphs unnaturally.",TRUE,M,"0:00-0:02 bottom, shadows shift inconsistently.",TRUE,M,"0:01 center, gravity appears slightly reduced.",Floor shadows mismatch lighting and morph unnaturally.,Multiple lighting and physics inconsistencies.,
w2_038_wan_20260719_185825,Wan,Gemini_3.1_Pro,2026-07-29,AI-generated,70,TRUE,M,Waxy skin on reflection at 0:01 center.,TRUE,M,Fingers blend into brush at 0:00 center.,FALSE,none,No obvious lighting issues.,FALSE,none,No watermark visible.,TRUE,M,Merged fingers on hand at 0:01 center.,FALSE,none,No non-human subjects present.,TRUE,M,"Foreground object silver, reflection purple at 0:00 right.",TRUE,M,Reflection mismatched to foreground at 0:01 across frame.,TRUE,M,Independent motion of reflection at 0:02 across frame.,TRUE,M,Brush morphs slightly at 0:01 center.,FALSE,none,No sudden shifts.,TRUE,M,Mirror violates physics at 0:01 across frame.,Mirror reflection acts independently of foreground.,Clear AI generation due to mirror mismatch.,
w2_039_wan_20260719_190231,Wan,Gemini_3.1_Pro,2026-07-29,AI-generated,70,TRUE,M,0:01 center faces appear waxy.,TRUE,M,0:02 background crowd edges blur.,TRUE,M,0:01 bottom ground reflections mismatch.,FALSE,none,No watermark seen.,TRUE,M,0:02 center-left woman face distorted.,FALSE,none,No non-human subjects present.,TRUE,M,0:00 left awning text gibberish.,FALSE,none,Scene layout appears standard.,TRUE,M,0:01 center figures glide unnaturally.,TRUE,M,0:02 center faces morph mid-stride.,TRUE,M,0:02 background figures merge into shadows.,FALSE,none,No physics violations noted.,Gibberish text on left awning and morphing faces.,Multiple AI markers present.,
w2_040_wan_20260719_190637,Wan,Gemini_3.1_Pro,2026-07-29,AI-generated,70,TRUE,M,"0:01 center, smooth dog coats.",FALSE,none,No boundary issues.,FALSE,none,Lighting consistent.,TRUE,M,"0:01 center-left, floating text.",FALSE,none,Human obscured.,TRUE,M,"0:01 center, dog reflection mismatch.",TRUE,M,"0:01 center, gibberish text.",TRUE,M,"0:01 center, impossible reflection.",FALSE,none,Motion limited.,FALSE,none,No identity drift.,TRUE,M,"0:01 center, reflection continuity error.",TRUE,M,"0:01 center, reflection physics fail.",Dog reflection does not match physical pose.,Gibberish text is also present.,
w2_001_kling,Kling,Gemini_3.1_Pro,2026-07-29,AI-generated,70,TRUE,M,0:00 face skin smoothed.,TRUE,M,0:01 soft hair edges.,FALSE,none,Lighting consistent.,TRUE,M,0:00 bottom-right KlingAI logo.,TRUE,M,0:02 teeth blending.,FALSE,none,No non-human subjects present.,FALSE,none,No object issues.,FALSE,none,Scene normal.,FALSE,none,No motion artifacts.,FALSE,none,Subject stable.,FALSE,none,No continuity errors.,FALSE,none,No physics violations.,Watermark indicates AI generation.,Video contains generator watermark.,
w2_002_kling,Kling,Gemini_3.1_Pro,2026-07-29,AI-generated,70,TRUE,M,0:01 face skin smoothed,TRUE,M,0:02 hair edges soft,FALSE,none,lighting consistent,TRUE,M,0:00 bottom-right logo,TRUE,M,0:02 teeth blended,FALSE,none,no non-human subjects present,FALSE,none,objects normal,FALSE,none,layout normal,TRUE,M,0:01 rigid head motion,FALSE,none,identity stable,TRUE,M,0:02 static steam bottom-right,FALSE,none,no physics issues,Watermark present in corner.,Video shows AI markers.,
w2_003_kling,Kling,Gemini_3.1_Pro,2026-07-29,AI-generated,75,TRUE,M,0:01 waxy skin texture on face,TRUE,M,0:01 glasses frame blends into hair right side,FALSE,none,lighting appears consistent,TRUE,M,0:00 KlingAI watermark bottom right,FALSE,none,anatomy appears normal,FALSE,none,no non-human subjects present,TRUE,M,0:02 book pages lack text detail bottom,FALSE,none,composition is standard,FALSE,none,motion is minimal,FALSE,none,features remain stable,FALSE,none,no continuity errors,FALSE,none,no physics violations,Watermark indicates AI generation.,Video contains clear generator watermark.,
w2_004_kling,Kling,Gemini_3.1_Pro,2026-07-29,AI-generated,75,TRUE,M,Waxy skin on face at 00:00 center.,FALSE,none,No boundary issues.,FALSE,none,Lighting appears consistent.,TRUE,M,KlingAI logo bottom right at 00:00.,FALSE,none,Anatomy appears normal.,FALSE,none,No non-human subjects present.,FALSE,none,Objects appear structurally sound.,TRUE,M,Reflection perspective off at 00:00 right.,FALSE,none,No motion artifacts observed.,TRUE,M,Reflection eyes open while subject closed at 00:01 right.,FALSE,none,No continuity errors.,TRUE,M,Reflection fails to mirror subject at 00:01 right.,Reflection eyes remain open while subject closes eyes.,Watermark confirms AI origin.,
w2_006_kling,Kling,Gemini_3.1_Pro,2026-07-29,AI-generated,75,TRUE,M,0:01 waxy skin on hands in center.,TRUE,M,0:01 soft edges around fingers in center.,FALSE,none,Lighting appears consistent.,TRUE,M,0:00 KlingAI watermark bottom-right.,TRUE,M,0:01 fingers merging on left hand in center.,FALSE,none,No non-human subjects present.,TRUE,M,0:02 keyboard keys lack standard symbols in lower-center.,FALSE,none,Scene arrangement is standard.,TRUE,M,0:01 fingers glide without pressing keys in center.,TRUE,M,0:02 finger shapes morph during movement in center.,FALSE,none,No sudden shifts observed.,TRUE,M,0:01 keys do not depress when struck in lower-center.,Watermark and merging fingers indicate synthesis.,Multiple structural and motion anomalies present.,
w2_007_kling,Kling,Gemini_3.1_Pro,2026-07-29,AI-generated,75,TRUE,M,"Waxy skin on thumb at 00:00, left side.",TRUE,M,"Glass rim blends with milk at 00:01, center.",FALSE,none,Lighting appears consistent.,TRUE,M,"KlingAI 3.0 watermark at 00:00, bottom-right.",FALSE,none,Thumb anatomy appears normal.,FALSE,none,No non-human subjects present.,TRUE,M,"Bottle neck geometry shifts at 00:02, center-left.",FALSE,none,Spatial arrangement is standard.,FALSE,none,No obvious motion artifacts.,FALSE,none,Objects maintain identity.,FALSE,none,No sudden shifts or pops.,TRUE,M,"Milk volume in bottle static at 00:01, center-left.",Visible KlingAI watermark confirms generation.,Watermark is definitive. Physics slightly off.,
w2_008_kling,Kling,Gemini_3.1_Pro,2026-07-29,AI-generated,70,TRUE,M,0:01 center hands show waxy skin.,TRUE,M,0:01 center fingers blend with laces.,FALSE,none,Lighting appears consistent.,TRUE,M,0:00 bottom-right KlingAI watermark.,TRUE,M,0:01 center fingers lack clear joints.,FALSE,none,No non-human subjects present.,TRUE,M,0:01 center laces merge into shoe.,FALSE,none,Scene layout normal.,TRUE,M,0:01 center fingers slide unnaturally.,FALSE,none,Objects maintain identity.,FALSE,none,No sudden shifts.,TRUE,M,0:01 center pulling lace creates no knot.,Watermark present and laces merge into fingers.,Clear AI generation markers.,
w2_009_kling,Kling,Gemini_3.1_Pro,2026-07-29,AI-generated,70,TRUE,M,0:00 top right hand skin smooth.,FALSE,none,edges appear normal.,TRUE,M,0:01 center pen shadow misaligned.,TRUE,M,0:00 bottom right logo.,TRUE,M,0:01 top right finger grip awkward.,FALSE,none,no non-human subjects present.,TRUE,M,0:02 center text is gibberish.,FALSE,none,layout is standard.,FALSE,none,motion appears steady.,FALSE,none,objects stable.,FALSE,none,no sudden shifts.,TRUE,M,0:01 center ink appears oddly.,Logo visible in corner.,Text is unreadable.,
w2_011_kling,Kling,Gemini_3.1_Pro,2026-07-29,AI-generated,75,TRUE,M,0:01 center faces waxy.,TRUE,M,0:01 center soft edges on jackets.,FALSE,none,Lighting appears consistent.,TRUE,M,0:00 bottom-right KlingAI logo.,TRUE,M,0:02 left man profile distorted.,FALSE,none,no non-human subjects present,TRUE,M,0:00 left background cars melted.,FALSE,none,Scene layout normal.,FALSE,none,Cannot assess from stills.,TRUE,M,0:02 left man face shifts.,FALSE,none,No major continuity errors.,FALSE,none,No physics violations.,Watermark in corner indicates AI.,Video shows AI generation signs.,
w2_012_kling,Kling,Gemini_3.1_Pro,2026-07-29,AI-generated,75,TRUE,M,0:00 center faces waxy,TRUE,M,0:01 center hands soft,FALSE,none,lighting consistent,TRUE,M,0:00 bottom right watermark,TRUE,M,0:02 center hands malformed,FALSE,none,no non-human subjects,TRUE,M,0:01 center fork blends,TRUE,M,0:02 center layout changes,FALSE,none,no motion artifacts,TRUE,M,0:02 center character changes,TRUE,M,0:02 center abrupt cut,FALSE,none,no physics violations,Watermark present.,Multiple artifacts noted.,
w2_013_kling,Kling,Gemini_3.1_Pro,2026-07-29,AI-generated,75,TRUE,M,0:01 center woman face waxy.,TRUE,M,0:01 left man shoulder soft edge.,TRUE,M,0:02 right whiteboard shadow mismatch.,TRUE,M,0:00 bottom-right KlingAI logo.,TRUE,M,0:00 left man hand distorted.,FALSE,none,no non-human subjects present.,TRUE,M,0:01 right whiteboard gibberish text.,FALSE,none,scene layout plausible.,TRUE,M,0:01 left man arm non-rigid.,TRUE,M,0:02 right whiteboard drawings shift.,FALSE,none,no major continuity errors.,FALSE,none,no physics violations.,Watermark and gibberish text confirm AI generation.,Multiple structural and temporal artifacts present.,
w2_014_kling,Kling,Gemini_3.1_Pro,2026-07-29,AI-generated,70,TRUE,M,0:01 top-left woman's face lacks detail.,TRUE,M,0:01 center woman's hands blend into seat.,FALSE,none,lighting is consistent.,TRUE,M,0:00 bottom-right KlingAI watermark.,TRUE,M,0:01 center woman's fingers lack definition.,FALSE,none,no non-human subjects present.,TRUE,M,0:02 bottom-center bike pedals distorted.,FALSE,none,scene layout normal.,TRUE,M,0:01 bottom-left woman's feet slide.,FALSE,none,no identity drift.,FALSE,none,no continuity errors.,FALSE,none,no physics violations.,Watermark indicates AI generation.,Multiple structural and motion artifacts present.,
w2_016_kling,Kling,Gemini_3.1_Pro,2026-07-29,AI-generated,75,TRUE,M,0:00 bottom grass lacks detail.,TRUE,M,0:01 center foot merges with ball.,FALSE,none,Lighting appears consistent.,TRUE,M,0:00 bottom-right KlingAI logo.,FALSE,none,Legs appear normal.,FALSE,none,No non-human subjects present.,TRUE,M,0:01 center ball geometry distorts.,FALSE,none,Scene layout is standard.,TRUE,M,0:01 center foot clips through ball.,TRUE,M,0:02 center ball pattern shifts.,FALSE,none,No sudden shifts.,TRUE,M,0:01 center solid objects intersect.,Foot passes directly through the ball.,Watermark confirms AI origin.,
w2_017_kling,Kling,Gemini_3.1_Pro,2026-07-29,AI-generated,70,TRUE,M,0:01 bottom sand lacks fine grain detail.,TRUE,M,0:02 center subject edges soft against bright background.,FALSE,none,Lighting appears mostly consistent.,TRUE,M,0:00 bottom-right KlingAI 3.0 watermark visible.,TRUE,M,0:01 center face details indistinct.,FALSE,none,no non-human subjects present,FALSE,none,No structural objects present.,FALSE,none,Scene arrangement is standard.,TRUE,M,0:01 center-bottom foot sliding during stride.,FALSE,none,Subject appearance remains stable.,FALSE,none,No obvious continuity errors.,TRUE,M,0:02 bottom-left footprints fail to form.,Watermark indicates AI generation.,Video shows typical AI motion smoothing.,
w2_018_kling,Kling,Gemini_3.1_Pro,2026-07-29,AI-generated,75,TRUE,M,"0:00 bottom-left, concrete lacks grain.",TRUE,M,"0:01 center, shoes blend into board.",TRUE,M,"0:00 bottom-right, shadow disconnected.",TRUE,M,"0:00 bottom-right, KlingAI watermark.",TRUE,M,"0:02 center, foot merges with board.",FALSE,none,no non-human subjects present,TRUE,M,"0:01 center, trucks lose structure.",FALSE,none,Scene arrangement standard.,TRUE,M,"0:02 center-bottom, board phases through edge.",TRUE,M,"0:01 center, shoe pattern shifts.",FALSE,none,No sudden shifts.,TRUE,M,"0:02 center-bottom, board passes through concrete.",Skateboard phases through solid concrete.,Watermark confirms AI origin.,
w2_019_kling,Kling,Gemini_3.1_Pro,2026-07-29,AI-generated,75,TRUE,M,Waxy skin texture at 00:00 center.,FALSE,none,No boundary issues.,FALSE,none,Lighting consistent.,TRUE,M,KlingAI watermark at 00:00 bottom-right.,TRUE,M,Impossible arm joints at 00:00 center.,FALSE,none,No non-human subjects present.,FALSE,none,No structural issues.,FALSE,none,Scene composition normal.,FALSE,none,No motion artifacts.,TRUE,M,Torso morphs at 00:01 center.,FALSE,none,No continuity errors.,TRUE,M,Unnatural splash at 00:01 center.,Impossible human anatomy and watermark.,Clear AI generation.,
w2_021_kling,Kling,Gemini_3.1_Pro,2026-07-29,AI-generated,75,TRUE,M,"0:00, subject face; waxy skin.",FALSE,none,No boundary issues noted.,TRUE,M,"0:00, window reflection; lighting slightly mismatched.",TRUE,M,"0:00, bottom-right; KlingAI watermark.",TRUE,M,"0:00, subject hands; fingers lack definition.",FALSE,none,no non-human subjects present,TRUE,M,"0:00, left window; gibberish text.",FALSE,none,Scene composition appears standard.,FALSE,none,No obvious motion artifacts.,TRUE,L,"0:01, book covers; slight detail shifting.",FALSE,none,No continuity errors observed.,FALSE,none,No physics violations.,Watermark and gibberish text confirm AI generation.,Clear AI markers present.,
w2_022_kling,Kling,Gemini_3.1_Pro,2026-07-29,AI-generated,75,FALSE,none,No texture defects noted,FALSE,none,No boundary defects noted,FALSE,none,Lighting seems consistent,TRUE,M,Watermark bottom-right 0:00-0:02,TRUE,M,Hand lacks definition 0:01 center,FALSE,none,no non-human subjects present,TRUE,M,Gibberish text on paper 0:00 center,FALSE,none,Scene arrangement plausible,FALSE,none,No motion artifacts noted,TRUE,M,Text shifts shape 0:01 center,FALSE,none,No continuity errors noted,FALSE,none,No physics violations noted,Watermark and gibberish text present.,Clear AI generation markers.,
w2_023_kling,Kling,Gemini_3.1_Pro,2026-07-29,AI-generated,70,TRUE,M,0:00 background foliage lacks fine detail.,TRUE,M,0:01 soft edges around subject's coat.,FALSE,none,Lighting appears generally consistent.,TRUE,M,0:00 bottom-right corner shows KlingAI logo.,FALSE,none,No obvious anatomical defects.,FALSE,none,No non-human subjects present.,TRUE,M,0:00 right side chalkboard text is gibberish.,TRUE,M,0:02 center sign is too narrow to hide subject.,FALSE,none,Motion is relatively smooth.,TRUE,M,0:01 right side chalkboard text shifts slightly.,FALSE,none,No major continuity errors.,TRUE,M,0:02 center subject vanishes behind narrow sign.,Chalkboard text is gibberish.,Watermark confirms AI origin.,
w2_024_kling,Kling,Gemini_3.1_Pro,2026-07-29,AI-generated,75,TRUE,M,"Waxy skin on face at 0:01, center.",TRUE,M,"Soft edges on background people at 0:00, left.",FALSE,none,No obvious lighting issues.,TRUE,M,"KlingAI watermark at 0:00, bottom-right.",FALSE,none,Anatomy appears normal.,FALSE,none,No non-human subjects present.,TRUE,M,"Gibberish text on board at 0:00, right.",FALSE,none,Scene composition is standard.,FALSE,none,No clear motion artifacts.,TRUE,M,"Board text morphs at 0:02, right.",FALSE,none,No continuity errors noted.,FALSE,none,No physics violations.,Watermark and gibberish text confirm AI generation.,Clear AI markers present.,
w2_026_kling,Kling,Gemini_3.1_Pro,2026-07-29,AI-generated,75,TRUE,M,"0:01 center frame, hands show waxy skin texture.",FALSE,none,edges generally intact.,TRUE,M,"0:01 center frame, knife reflection static.",TRUE,M,"0:00 bottom-right, KlingAI watermark visible.",TRUE,M,"0:01 left frame, right hand grip distorted.",FALSE,none,no non-human subjects present.,TRUE,M,"0:02 center frame, pepper slices inconsistent.",FALSE,none,composition standard.,TRUE,M,"0:01 center frame, slicing motion lacks resistance.",TRUE,M,"0:02 center frame, pepper interior morphs.",TRUE,M,"0:02 center frame, slices appear abruptly.",FALSE,none,physics mostly plausible.,Watermark indicates AI generation.,Multiple structural and temporal artifacts present.,
w2_027_kling,Kling,Gemini_3.1_Pro,2026-07-29,AI-generated,70,TRUE,M,"0:01 center, threads lack detail.",TRUE,M,"0:02 lower-center, hand bleeds into wood.",TRUE,M,"0:01 left, shadows mismatch window.",FALSE,none,No watermarks visible.,TRUE,M,"0:02 lower-center, fingers merge.",FALSE,none,No non-human subjects present.,TRUE,M,"0:01 center, wood bends.",TRUE,M,"0:00 right, loom misaligned.",TRUE,M,"0:02 center, wood warps.",TRUE,M,"0:01 center, stripes shift.",TRUE,M,"0:02 right, threads vanish.",FALSE,none,No physics violations.,Fingers merge into the wooden loom.,Multiple structural and temporal artifacts present.,
w2_028_kling,Kling,Gemini_3.1_Pro,2026-07-29,Uncertain,50,FALSE,none,no texture defects observed,FALSE,none,no boundary defects observed,FALSE,none,no lighting inconsistencies observed,FALSE,none,no watermarks observed,FALSE,none,no humans present,FALSE,none,no non-human subjects present,FALSE,none,no structural defects observed,FALSE,none,no composition issues observed,FALSE,none,no motion artifacts observed,FALSE,none,no identity drift observed,TRUE,M,"at 0:02 across frame, abrupt droplet and scale change.",FALSE,none,no physics violations observed,Abrupt visual change at 0:02 suggests a cut.,Appears to be standard stock footage.,
w2_029_kling,Kling,Gemini_3.1_Pro,2026-07-29,AI-generated,70,TRUE,M,"0:00 center, skin waxy.",FALSE,none,Edges coherent.,FALSE,none,Lighting consistent.,FALSE,none,No watermark.,TRUE,M,"0:01 center, two right hands.",FALSE,none,No non-human subjects present.,FALSE,none,Wheel normal.,FALSE,none,Scene normal.,TRUE,M,"0:02 center, unnatural sliding.",FALSE,none,No drift.,FALSE,none,No errors.,TRUE,M,"0:01 center, clay static.",Anatomical errors with hands.,Multiple right hands.,
w2_031_kling,Kling,Gemini_3.1_Pro,2026-07-29,AI-generated,75,TRUE,M,0:00-0:02 background grass lacks detail,TRUE,M,0:01 bottom center soft edges on paws,FALSE,none,no obvious lighting errors,FALSE,none,no watermark visible,FALSE,none,no humans present,TRUE,M,0:01 center frame extra legs appear,FALSE,none,no mechanical objects,FALSE,none,scene is simple grass,TRUE,M,0:01 lower frame legs slide on grass,TRUE,M,0:00-0:02 center frame body structure morphs,TRUE,M,0:01 center frame limbs appear suddenly,TRUE,M,0:01 center frame legs phase through each other,Extra legs appear from the dog's chest.,Severe anatomical morphing.,
w2_032_kling,Kling,Gemini_3.1_Pro,2026-07-29,AI-generated,75,TRUE,M,Waxy fur at 0:00 on cat body.,FALSE,none,No boundary issues.,FALSE,none,No lighting issues.,FALSE,none,No watermark.,FALSE,none,No humans.,TRUE,M,Mushy paws at 0:02 on front right.,FALSE,none,No object issues.,TRUE,M,Wrong reflection angle at 0:00 in window.,FALSE,none,No motion issues.,FALSE,none,No identity drift.,TRUE,M,Static reflection at 0:01 in window.,TRUE,M,Reflection ignores movement at 0:02 in window.,Reflection does not move.,Cat stretches but reflection remains still.,
w2_033_kling,Kling,Gemini_3.1_Pro,2026-07-29,AI-generated,70,TRUE,M,"0:02 center, horse coat is overly smooth.",TRUE,M,"0:01 lower, soft edges on moving hooves.",FALSE,none,Lighting appears consistent.,FALSE,none,No watermarks visible.,FALSE,none,No humans present.,TRUE,M,"0:00 lower, front leg joints distorted.",FALSE,none,No mechanical objects.,FALSE,none,Basic field scene.,TRUE,M,"0:01 center, unnatural galloping gait.",FALSE,none,Horse maintains appearance.,FALSE,none,No continuity errors.,TRUE,M,"0:00 lower, dust mismatch with hooves.",Distorted front leg anatomy and unnatural gait.,Video exhibits typical AI generation markers.,
w2_034_kling,Kling,Gemini_3.1_Pro,2026-07-29,AI-generated,70,TRUE,M,"0:01 center, waxy feathers.",FALSE,none,No boundary issues.,FALSE,none,Consistent lighting.,FALSE,none,No watermark.,FALSE,none,No humans.,TRUE,M,"0:00 bottom-center, blobby claws.",FALSE,none,No objects.,FALSE,none,Normal composition.,TRUE,M,"0:01 center, odd feather motion.",TRUE,M,"0:02 center, beak morphs.",FALSE,none,No continuity errors.,FALSE,none,No physics errors.,Beak morphs into face.,Claw structure fails.,
w2_036_kling,Kling,Gemini_3.1_Pro,2026-07-29,AI-generated,70,TRUE,L,"0:01 center, cards lack fine detail",TRUE,L,"0:01 center, soft edges on fingers",FALSE,none,Lighting appears consistent,FALSE,none,No watermark visible,TRUE,M,"0:01 center, right hand fingers merged",FALSE,none,No non-human subjects present,TRUE,M,"0:01 center, deck is a solid block",FALSE,none,Spatial arrangement normal,TRUE,M,"0:02 center, cards bend unnaturally",TRUE,L,"0:01 center, card patterns shift",TRUE,L,"0:02 center, deck shape changes",FALSE,none,No physics violations observed,Fingers merging with a solid block of cards.,Clear AI generation due to hand and object distortion.,
w2_037_kling,Kling,Gemini_3.1_Pro,2026-07-29,AI-generated,70,TRUE,M,"Smooth skin and fabric at 0:01, center.",TRUE,M,"Blurry arm edges at 0:01, center.",TRUE,M,"Shadow mismatch at 0:02, bottom.",FALSE,none,No watermarks visible.,TRUE,M,"Leg distortion at 0:02, lower center.",FALSE,none,No non-human subjects present.,FALSE,none,No mechanical objects.,FALSE,none,Scene composition plausible.,TRUE,M,"Non-rigid legs at 0:01, lower center.",TRUE,M,"Dress morphs at 0:02, center.",FALSE,none,No sudden cuts.,FALSE,none,No physics violations.,Dress fabric morphs and changes volume unnaturally during the spin.,Multiple structural and temporal artifacts indicate synthesis.,
w2_038_kling,Kling,Gemini_3.1_Pro,2026-07-29,AI-generated,75,TRUE,M,0:01 right side reflection face shows waxy skin.,FALSE,none,no clear boundary defects.,FALSE,none,lighting appears consistent.,FALSE,none,no watermark visible.,TRUE,M,0:01 right side reflection hand has merged fingers.,FALSE,none,no non-human subjects present.,TRUE,M,0:02 left side foreground brush handle bends slightly.,TRUE,M,0:00 across frame reflection angle mismatches foreground.,FALSE,none,motion is mostly rigid.,FALSE,none,identity remains stable.,FALSE,none,no sudden shifts.,TRUE,M,0:01 across frame reflection shows wrong hand.,The mirror reflection shows the wrong hand and angle.,Reflection physics are completely broken.,
w2_039_kling,Kling,Gemini_3.1_Pro,2026-07-29,AI-generated,65,TRUE,M,0:01 center faces lack detail.,FALSE,none,No boundary issues.,TRUE,M,0:01 center shadows inconsistent.,FALSE,none,No watermark.,TRUE,M,0:01 center woman face distorted.,FALSE,none,no non-human subjects present,TRUE,M,0:00 top lights merge.,FALSE,none,Scene layout plausible.,TRUE,M,0:01 center subjects glide.,TRUE,M,0:01 center woman appears suddenly.,TRUE,M,0:02 background people vanish.,FALSE,none,No physics violations.,Faces morph and distort.,Multiple AI markers present.,
w2_001_gemini_omni_flash,Gemini_Omni,Gemini_3.1_Pro,2026-07-29,AI-generated,70,TRUE,M,0:00-0:02 face shows waxy skin,FALSE,none,edges appear normal,FALSE,none,lighting is consistent,FALSE,none,no watermark visible,TRUE,M,0:02 mouth shows fused teeth,FALSE,none,no non-human subjects present,FALSE,none,no objects present,FALSE,none,composition is standard,TRUE,M,0:01-0:02 jaw shows rubbery motion,FALSE,none,identity remains stable,FALSE,none,no continuity errors,FALSE,none,no physics violations,Fused teeth visible when mouth opens.,Classic AI hyper-real aesthetic.,
w2_002_gemini_omni_flash,Gemini_Omni,Gemini_3.1_Pro,2026-07-29,AI-generated,70,TRUE,M,0:01 center face skin appears waxy.,FALSE,none,Edges appear normal.,FALSE,none,Lighting is consistent.,FALSE,none,No watermark.,TRUE,M,0:01 center face teeth lack definition.,FALSE,none,No non-human subjects.,TRUE,M,0:00 top left menu text is gibberish.,FALSE,none,Scene layout is standard.,FALSE,none,Motion is standard.,TRUE,M,0:02 center sweater knit pattern shifts.,FALSE,none,No continuity errors.,FALSE,none,No physics violations.,Menu text is unreadable gibberish.,Video shows typical AI generation traits.,
w2_003_gemini_omni_flash,Gemini_Omni,Gemini_3.1_Pro,2026-07-29,AI-generated,65,TRUE,M,0:01 center face skin waxy.,TRUE,M,0:01 center glasses blend into cheek.,FALSE,none,no lighting errors.,FALSE,none,no watermark.,TRUE,M,0:02 bottom-left fingers blend.,FALSE,none,no non-human subjects present.,TRUE,M,0:01 bottom-left book lacks text.,FALSE,none,scene standard.,TRUE,M,0:01 center head motion stiff.,TRUE,M,0:02 center glasses shift.,TRUE,M,0:01 mid-left dust vanishes.,FALSE,none,no physics errors.,Fingers blending into book pages.,AI generated traits.,
w2_004_gemini_omni_flash,Gemini_Omni,Gemini_3.1_Pro,2026-07-29,AI-generated,70,TRUE,M,"0:01 center, skin appears waxy.",TRUE,M,"0:01 center, face edges blend into glass.",FALSE,none,No obvious lighting errors.,FALSE,none,No watermark visible.,TRUE,M,"0:01 center, mouth and chin distorted.",FALSE,none,No non-human subjects present.,TRUE,M,"0:02 right, raindrops oddly shaped.",FALSE,none,Spatial arrangement plausible.,FALSE,none,Motion not clearly anomalous.,TRUE,M,"0:00 to 0:02 center, facial structure morphs.",TRUE,M,"0:00 to 0:01 across frame, raindrop pattern changes.",FALSE,none,No physics violations observed.,Facial structure morphs across frames.,Multiple structural and continuity errors.,
w2_006_gemini_omni_flash,Gemini_Omni,Gemini_3.1_Pro,2026-07-29,AI-generated,70,TRUE,L,"0:01 center frame, hands waxy.",TRUE,L,"0:01 center frame, finger edges soft.",FALSE,none,lighting appears consistent.,FALSE,none,no watermark visible.,TRUE,M,"0:01 right side, fingers merge.",FALSE,none,no non-human subjects present.,TRUE,M,"0:00 bottom center, keys illegible.",FALSE,none,scene arrangement is standard.,TRUE,M,"0:02 center frame, fingers glide.",TRUE,M,"0:01 center frame, finger shapes shift.",FALSE,none,no major continuity errors.,FALSE,none,no obvious physics violations.,Fingers merge and lack defined joints.,Keyboard keys are blurry shapes.,
w2_007_gemini_omni_flash,Gemini_Omni,Gemini_3.1_Pro,2026-07-29,AI-generated,75,TRUE,M,"0:02 center, coffee surface appears waxy.",TRUE,M,"0:00 top-left, thumb edge merges with bottle.",FALSE,none,Lighting appears consistent.,FALSE,none,No watermark visible.,TRUE,M,"0:00 top-left, thumb lacks nail definition.",FALSE,none,No non-human subjects present.,TRUE,M,"0:01 center-left, glass bottle rim is asymmetrical.",FALSE,none,Spatial arrangement is plausible.,TRUE,M,"0:02 center, milk swirls with unnatural viscosity.",FALSE,none,Objects maintain identity.,FALSE,none,No sudden shifts or disappearances.,TRUE,M,"0:01 top-left, milk level in bottle remains static while pouring.",Thumb blending into the asymmetrical glass bottle.,Multiple structural and physical anomalies indicate synthesis.,
w2_008_gemini_omni_flash,Gemini_Omni,Gemini_3.1_Pro,2026-07-29,AI-generated,70,TRUE,M,0:01 hands waxy.,TRUE,M,0:02 center laces bleed.,FALSE,none,Lighting consistent.,FALSE,none,No watermark.,TRUE,M,0:01 center fingers merged.,FALSE,none,No non-human subjects present.,TRUE,M,0:01 center lace topology fails.,FALSE,none,Scene standard.,TRUE,M,0:02 center laces melt.,TRUE,M,0:02 center lace morphs.,FALSE,none,No sudden shifts.,TRUE,M,0:02 center laces phase.,Shoelaces merge and phase through fingers.,Multiple structural errors.,
w2_009_gemini_omni_flash,Gemini_Omni,Gemini_3.1_Pro,2026-07-29,AI-generated,70,TRUE,M,Waxy skin on hand at 0:01 center-right.,FALSE,none,No boundary issues.,FALSE,none,Lighting appears consistent.,FALSE,none,No watermarks visible.,TRUE,M,Bottom-right fingers lack joints at 0:02.,FALSE,none,No non-human subjects present.,TRUE,M,Paper text is gibberish at 0:00 left.,FALSE,none,Scene composition is standard.,TRUE,M,Pen motion out of sync at 0:01 center.,FALSE,none,No identity drift observed.,FALSE,none,No continuity errors.,TRUE,M,Ink appears without flow at 0:02 center.,Text on the page consists of nonsensical gibberish.,Video shows typical AI text rendering failures.,
w2_011_gemini_omni_flash,Gemini_Omni,Gemini_3.1_Pro,2026-07-29,AI-generated,75,TRUE,M,0:00 center faces waxy.,TRUE,M,0:00 background people soft.,FALSE,none,Lighting consistent.,FALSE,none,No watermark.,TRUE,M,0:00 background faces lack detail.,FALSE,none,No non-human subjects present.,TRUE,M,0:01 right sign text gibberish.,FALSE,none,Layout normal.,FALSE,none,No motion errors.,TRUE,M,0:01 right sign text changes.,FALSE,none,No continuity errors.,FALSE,none,No physics violations.,Gibberish text on right storefront sign.,Typical AI markers present.,
w2_012_gemini_omni_flash,Gemini_Omni,Gemini_3.1_Pro,2026-07-29,AI-generated,75,TRUE,M,0:00 waxy skin on faces center,TRUE,M,0:01 soft edges on spoons center,FALSE,none,no obvious lighting errors,FALSE,none,no watermark visible,TRUE,M,0:01 malformed fingers left hand,FALSE,none,no non-human subjects present,TRUE,M,0:01 spoon bends center right,TRUE,M,0:00 awkward bowl alignment center,TRUE,M,0:01 non-rigid hand motion left,TRUE,M,0:01 food shifts appearance center,TRUE,M,0:01 table layout changes across frame,TRUE,M,0:01 spoon physics fail bottom right,Malformed hands and fingers interacting with utensils.,Multiple structural and continuity errors indicate synthesis.,
w2_013_gemini_omni_flash,Gemini_Omni,Gemini_3.1_Pro,2026-07-29,AI-generated,70,TRUE,M,"0:01 center, smooth skin.",FALSE,none,No boundary issues.,FALSE,none,Lighting consistent.,FALSE,none,No watermarks.,TRUE,M,"0:02 bottom-left, merged fingers.",FALSE,none,No non-human subjects present.,TRUE,M,"0:00 right, gibberish text.",FALSE,none,Standard layout.,FALSE,none,No motion issues.,TRUE,M,"0:02 center, face shifts.",TRUE,M,"0:02 right, board changes.",FALSE,none,No physics issues.,Gibberish text on the whiteboard.,Multiple structural anomalies present.,
w2_014_gemini_omni_flash,Gemini_Omni,Gemini_3.1_Pro,2026-07-29,AI-generated,75,TRUE,M,0:01 center: waxy skin on faces.,TRUE,M,0:01 center: helmet straps merge into neck.,TRUE,L,0:02 bottom-right: shadow under foot misaligned.,FALSE,none,No watermark visible.,TRUE,M,0:02 right: man's hands are fused blobs.,FALSE,none,No non-human subjects present.,TRUE,M,0:00 center: bike missing pedals and chain.,TRUE,M,0:02 right: man's leg angle impossible.,FALSE,none,Cannot judge from stills.,TRUE,M,0:02 right: man's face changes from 0:00.,TRUE,M,0:02 center: bike frame structure changes.,FALSE,none,No causality issues observed.,Man's hands are fused blobs and bike lacks pedals.,Clear AI generation.,
w2_016_gemini_omni_flash,Gemini_Omni,Gemini_3.1_Pro,2026-07-29,AI-generated,65,TRUE,M,0:00 top trees lack detail,FALSE,none,no boundary issues,TRUE,M,0:01 center ball lighting off,FALSE,none,no watermark visible,TRUE,M,0:01 bottom-left foot deformed,FALSE,none,no non-human subjects present,TRUE,M,0:01 center ball pattern wrong,FALSE,none,scene arrangement plausible,TRUE,M,0:02 center-left dirt floats,TRUE,M,0:02 center ball morphs,FALSE,none,no continuity errors,FALSE,none,physics mostly intact,ball pattern is irregular and morphs,multiple structural artifacts present,
w2_017_gemini_omni_flash,Gemini_Omni,Gemini_3.1_Pro,2026-07-29,AI-generated,70,TRUE,M,0:00 bottom sand lacks grain.,TRUE,M,0:01 center subject edges soft.,TRUE,M,0:02 center face lit despite backlight.,FALSE,none,No watermark seen.,TRUE,M,0:01 center arm swing stiff.,FALSE,none,No non-human subjects present.,FALSE,none,No mechanical objects.,FALSE,none,Scene layout plausible.,TRUE,M,0:00 bottom center foot slides.,TRUE,M,0:02 center face details shift.,TRUE,M,0:01 background waves static.,FALSE,none,No physics violations.,Lighting on subject is inconsistent with background sun.,Multiple moderate artifacts suggest synthesis.,
w2_018_gemini_omni_flash,Gemini_Omni,Gemini_3.1_Pro,2026-07-29,AI-generated,70,TRUE,M,0:00 background right graffiti lacks detail.,TRUE,M,0:02 bottom center shoe blends into board.,FALSE,none,Lighting appears consistent.,FALSE,none,No watermark visible.,FALSE,none,Skater anatomy appears normal.,FALSE,none,No non-human subjects present.,TRUE,M,0:02 bottom center skateboard trucks have impossible wheel layout.,FALSE,none,Scene layout is standard.,TRUE,M,0:01 center skateboard bends during flip.,TRUE,M,0:01 center board graphic changes mid-air.,FALSE,none,No major continuity errors.,FALSE,none,Physics generally followed.,Skateboard trucks and wheels morph into impossible structures upon landing.,Multiple structural and motion artifacts on the skateboard.,
w2_019_gemini_omni_flash,Gemini_Omni,Gemini_3.1_Pro,2026-07-29,AI-generated,75,TRUE,M,0:01 center: water splash looks plastic.,TRUE,M,0:02 center: soft edges around swimmer.,TRUE,M,0:00 top: inconsistent water reflections.,FALSE,none,no watermark.,TRUE,M,0:01 center: hands have extra melting fingers.,FALSE,none,no non-human subjects present.,TRUE,M,0:00 bottom: lane ropes lack structure.,TRUE,M,0:02 background: underwater lines mismatch.,TRUE,M,0:01 center: unnatural entry motion.,TRUE,M,0:02 center: shorts pattern shifts.,TRUE,M,0:01 center: splash angle mismatch.,TRUE,M,0:01 center: water forms solid crown.,Hands entering water have extra melting fingers.,Multiple structural and physical errors.,
w2_021_gemini_omni_flash,Gemini_Omni,Gemini_3.1_Pro,2026-07-29,AI-generated,70,TRUE,M,Waxy skin texture on face at 00:01 center.,FALSE,none,No boundary defects.,FALSE,none,Lighting appears consistent.,FALSE,none,No watermarks.,FALSE,none,Anatomy appears normal.,FALSE,none,No non-human subjects present.,TRUE,M,Gibberish text on chalkboard at 00:00 bottom-left.,FALSE,none,Scene composition is standard.,FALSE,none,No motion artifacts visible.,TRUE,M,Background layout changes at 00:01 behind subject.,TRUE,M,Background shifts abruptly at 00:01.,FALSE,none,No physics violations.,Gibberish text on chalkboard and background shift.,Clear AI generation markers.,
w2_022_gemini_omni_flash,Gemini_Omni,Gemini_3.1_Pro,2026-07-29,AI-generated,70,TRUE,M,0:02 waxy skin texture on face.,TRUE,M,0:00 soft edges around hat.,FALSE,none,Lighting appears consistent.,TRUE,M,0:00 watermark bottom right.,TRUE,M,0:01 merged fingers on paper.,FALSE,none,No non-human subjects present.,TRUE,M,0:01 gibberish text on newspaper.,FALSE,none,Scene composition normal.,FALSE,none,Cannot assess motion from stills.,TRUE,M,0:01 newspaper layout changes.,FALSE,none,No obvious continuity errors.,FALSE,none,No physics violations.,Gibberish text on newspapers clearly indicates AI generation.,Multiple structural and text artifacts present.,
w2_023_gemini_omni_flash,Gemini_Omni,Gemini_3.1_Pro,2026-07-29,AI-generated,70,TRUE,M,0:00 background figures in cafe window appear painted.,TRUE,M,0:01 soft edges around subject's coat on right side.,FALSE,none,Lighting appears consistent.,FALSE,none,No watermarks observed.,TRUE,M,0:01 center frame subject's facial proportions shift.,FALSE,none,no non-human subjects present,TRUE,M,0:00 right side menu board contains gibberish text.,FALSE,none,Spatial arrangements appear normal.,FALSE,none,No obvious motion artifacts.,TRUE,M,0:01 center frame subject's purse strap appears inconsistently.,TRUE,M,0:01 center frame purse strap suddenly visible.,FALSE,none,No physics violations observed.,Menu board contains gibberish text.,Multiple AI markers present.,
w2_024_gemini_omni_flash,Gemini_Omni,Gemini_3.1_Pro,2026-07-29,AI-generated,75,TRUE,M,0:02 center face skin smooth.,FALSE,none,no boundary issues.,FALSE,none,lighting consistent.,FALSE,none,no watermarks.,FALSE,none,anatomy normal.,FALSE,none,no non-human subjects present.,TRUE,M,0:01 center text gibberish.,FALSE,none,composition normal.,FALSE,none,no motion issues.,FALSE,none,no drift.,TRUE,M,0:01 center board changes from 0:00.,FALSE,none,no physics issues.,Gibberish text on board.,Clear text failure.,
w2_026_gemini_omni_flash,Gemini_Omni,Gemini_3.1_Pro,2026-07-29,AI-generated,70,FALSE,none,texture appears normal,TRUE,M,"0:01 center, knife edge bleeds into slices",FALSE,none,lighting is consistent,FALSE,none,no watermark seen,TRUE,M,"0:02 right hand, thumb blends into handle",FALSE,none,no non-human subjects present,TRUE,M,"0:01 center, knife phases through slices",TRUE,M,"0:00 center, slices float in mid-air",FALSE,none,motion is mostly smooth,FALSE,none,objects maintain identity,FALSE,none,no sudden shifts,TRUE,M,"0:01 center, gravity violation with floating slices",Slices float in mid-air while the knife phases through them.,Clear physics violations indicate synthesis.,
w2_027_gemini_omni_flash,Gemini_Omni,Gemini_3.1_Pro,2026-07-29,AI-generated,70,TRUE,M,"0:01 center, waxy skin on hands.",TRUE,M,"0:01 center-right, threads blend into wood.",FALSE,none,Lighting appears consistent.,FALSE,none,No watermark visible.,TRUE,M,"0:01 center, fingers slightly distorted.",FALSE,none,No non-human subjects present.,TRUE,M,"0:01 center-right, loom mechanics illogical.",FALSE,none,Spatial arrangement seems standard.,FALSE,none,Motion is relatively smooth.,TRUE,M,"0:01 center, thread colors shift.",TRUE,M,"0:01 across frame, loom structure changes between cuts.",TRUE,M,"0:01 center, threads pass through solid wood.",Loom structure and threads change completely between cuts.,Multiple structural and continuity errors.,
w2_028_gemini_omni_flash,Gemini_Omni,Gemini_3.1_Pro,2026-07-29,AI-generated,70,TRUE,M,"0:01 center, water looks synthetic.",FALSE,none,No edge issues.,TRUE,M,"0:01 center, drop reflections mismatch background.",FALSE,none,No watermark.,FALSE,none,No humans.,FALSE,none,no non-human subjects present,FALSE,none,No structured objects.,TRUE,M,"0:02 background, city layout shifts.",TRUE,M,"0:01 center, drops wobble unnaturally.",TRUE,M,"0:02 background, bokeh lights morph.",TRUE,M,"0:01 center-right, drops appear suddenly.",TRUE,M,"0:01 center, gravity fails to move drops.",Water drops wobble without falling.,Background lights morph.,
w2_029_gemini_omni_flash,Gemini_Omni,Gemini_3.1_Pro,2026-07-29,AI-generated,75,TRUE,M,"0:01 right hand, clay merges with skin.",TRUE,M,"0:01 left hand, fingertips blur into clay.",FALSE,none,Lighting consistent.,FALSE,none,No watermark.,TRUE,M,"0:01 right hand, misshapen fingernails.",FALSE,none,No non-human subjects present.,FALSE,none,Wheel structure normal.,FALSE,none,Composition normal.,TRUE,M,"0:01 center, hands slide unnaturally.",TRUE,M,"0:01 right hand, clay spots morph.",FALSE,none,No continuity errors.,TRUE,M,"0:01 center, clay static despite pressure.",Clay does not deform under hand pressure.,Multiple moderate artifacts present.,
w2_031_gemini_omni_flash,Gemini_Omni,Gemini_3.1_Pro,2026-07-29,AI-generated,70,TRUE,M,"0:02 center frame, dog fur lacks detail.",TRUE,M,"0:00 center frame, soft edges on dog.",TRUE,M,"0:01 top right, artificial lens flare.",FALSE,none,No watermark visible.,FALSE,none,No humans present.,TRUE,M,"0:02 lower frame, dog legs morph.",FALSE,none,No mechanical objects.,FALSE,none,Scene composition appears standard.,TRUE,M,"0:02 lower frame, unnatural leg motion.",TRUE,M,"0:01 center frame, dog face shifts.",TRUE,M,"0:01 full frame, abrupt shot change.",FALSE,none,No obvious physics violations.,Dog legs morph unnaturally.,Multiple anatomical errors.,
w2_032_gemini_omni_flash,Gemini_Omni,Gemini_3.1_Pro,2026-07-29,AI-generated,70,TRUE,M,"0:02 center, tongue lacks natural texture.",TRUE,M,"0:01 bottom-left, paw edges blur into wood.",FALSE,none,Lighting appears consistent.,FALSE,none,No watermarks observed.,FALSE,none,No humans present.,TRUE,M,"0:02 center, mouth interior and teeth distorted.",FALSE,none,Objects appear structurally sound.,FALSE,none,Scene composition is standard.,TRUE,M,"0:01 center, leg stretches unnaturally.",TRUE,M,"0:01 bottom-left, paw structure changes during movement.",TRUE,M,"0:02 center, whiskers shift inconsistently.",FALSE,none,No physics violations observed.,Cat's mouth and paws exhibit anatomical distortion during movement.,Multiple anatomical and temporal artifacts confirm synthesis.,
w2_033_gemini_omni_flash,Gemini_Omni,Gemini_3.1_Pro,2026-07-29,AI-generated,70,TRUE,M,0:01 neck coat waxy.,FALSE,none,No boundary issues.,FALSE,none,Lighting consistent.,FALSE,none,No watermarks.,FALSE,none,No humans.,TRUE,M,0:00 front legs unnatural.,FALSE,none,No structural issues.,FALSE,none,Scene standard.,TRUE,M,0:02 lower legs floaty.,FALSE,none,No drift.,FALSE,none,No continuity errors.,TRUE,M,0:02 ground dirt unnatural.,Unnatural leg joint structure and floaty motion.,Horse gait lacks physical realism.,
w2_034_gemini_omni_flash,Gemini_Omni,Gemini_3.1_Pro,2026-07-29,AI-generated,75,TRUE,M,"0:01 center, feathers appear waxy.",TRUE,M,"0:02 bottom-center, feet blend into branch.",FALSE,none,Lighting appears consistent.,FALSE,none,No watermarks observed.,FALSE,none,No human subjects present.,TRUE,M,"0:02 center, beak structure is impossible.",FALSE,none,No structural object issues.,FALSE,none,Scene composition normal.,TRUE,M,"0:02 center, beak moves non-rigidly.",TRUE,M,"0:02 center, beak changes shape.",FALSE,none,No continuity errors.,FALSE,none,No physics violations.,The bird's beak morphs into an impossible shape.,Clear AI generation due to anatomical morphing.,
w2_036_gemini_omni_flash,Gemini_Omni,Gemini_3.1_Pro,2026-07-29,AI-generated,75,TRUE,M,"0:00 center, skin and cards lack fine detail.",TRUE,M,"0:01 center, falling card edges blur.",FALSE,none,Lighting appears mostly consistent.,FALSE,none,No watermark visible.,TRUE,M,"0:02 bottom-center, left hand fingers blend.",FALSE,none,No non-human subjects present.,TRUE,M,"0:01 center, cards intersect and bend.",FALSE,none,Spatial arrangement is standard.,TRUE,M,"0:01 center, cards float unnaturally.",TRUE,M,"0:01 center, card back patterns morph.",TRUE,M,"0:01 center, falling cards vanish into stack.",TRUE,M,"0:01 center, gravity violated by floating cards.",Cards float and intersect unnaturally during the drop.,Multiple structural and motion artifacts present.,
w2_037_gemini_omni_flash,Gemini_Omni,Gemini_3.1_Pro,2026-07-29,AI-generated,70,TRUE,M,0:01 center: facial skin appears waxy.,TRUE,M,0:01 center: soft edges around moving arms.,TRUE,M,0:00-0:02 bottom center: floor shadow does not match dress shape.,FALSE,none,no watermark visible.,TRUE,M,0:00 left/right: hands lack clear finger definition.,FALSE,none,no non-human subjects present,FALSE,none,no structural object defects noted.,FALSE,none,scene composition appears standard.,TRUE,M,0:01 bottom center: feet slide during spin.,TRUE,M,0:02 center: dress folds morph unnaturally.,TRUE,M,0:01 center: spin transition resembles a morph.,TRUE,M,0:02 center: dress fabric moves rigidly.,The floor shadow remains static and mismatched to the dynamic dress.,Multiple moderate artifacts suggest synthesis.,
w2_038_gemini_omni_flash,Gemini_Omni,Gemini_3.1_Pro,2026-07-29,AI-generated,70,TRUE,M,"0:01 right side, skin overly smooth.",FALSE,none,No obvious boundary defects.,TRUE,M,"0:01 across frame, lighting mismatch.",FALSE,none,No watermark.,TRUE,M,"0:01 bottom left, fingers morphed.",FALSE,none,No non-human subjects present.,TRUE,M,"0:02 bottom right, brush differs.",TRUE,M,"0:01 across frame, reflection mismatch.",FALSE,none,Motion is mostly rigid.,TRUE,M,"0:02 bottom right, hand morphs.",TRUE,M,"0:01 across frame, sync error.",TRUE,M,"0:01 across frame, physics violation.",Mirror reflection completely mismatches the foreground subject.,Severe spatial and reflection inconsistencies.,
w2_039_gemini_omni_flash,Gemini_Omni,Gemini_3.1_Pro,2026-07-29,AI-generated,70,TRUE,M,"0:01 right side, background faces lack detail.",TRUE,M,"0:02 center, skewers blend into grill.",TRUE,M,"0:02 center, floating object lacks shadow.",FALSE,none,No watermark seen.,TRUE,M,"0:02 right side, hand has merged fingers.",FALSE,none,No non-human subjects present.,TRUE,M,"0:00 right side, green sign has gibberish.",TRUE,M,"0:02 center, object floats illogically.",FALSE,none,Cannot assess motion from stills.,FALSE,none,Cannot assess drift from stills.,FALSE,none,No continuity errors visible.,TRUE,M,"0:02 center, object floats without support.",Gibberish text and merged fingers indicate AI generation.,Multiple structural anomalies present.,
w2_001_seedance,Seedance,Gemini_3.1_Pro,2026-07-29,AI-generated,70,TRUE,M,"0:01 center frame, facial skin appears overly smooth.",TRUE,M,"0:00 top center, hair edges blend unnaturally into background.",FALSE,none,0:00 lighting appears consistent.,FALSE,none,0:00 no watermark visible.,TRUE,M,"0:02 center frame, mouth lacks defined teeth depth.",FALSE,none,0:00 no non-human subjects present.,FALSE,none,0:00 no mechanical objects.,FALSE,none,0:00 scene is simple and consistent.,TRUE,M,"0:01 center frame, lip motion appears disconnected from jaw.",FALSE,none,0:00 subject remains consistent.,FALSE,none,0:00 no continuity errors.,FALSE,none,0:00 no physics violations.,Unnatural lip motion disconnected from jaw structure.,Video exhibits typical generative smoothing.,
w2_002_seedance,Seedance,Gemini_3.1_Pro,2026-07-29,AI-generated,70,TRUE,M,0:00 background books lack detail.,TRUE,M,0:01 top-center hair blends into background.,FALSE,none,no obvious lighting errors.,FALSE,none,no watermark visible.,TRUE,M,0:00 bottom-center hands have merged fingers.,FALSE,none,no non-human subjects present.,TRUE,M,0:00 bottom-left cup handle lacks structure.,FALSE,none,scene composition appears standard.,FALSE,none,motion is minimal.,FALSE,none,no obvious drift.,FALSE,none,no continuity errors.,FALSE,none,no physics violations.,Merged fingers on the subject's hands.,Overall cinematic smoothness suggests AI.,
w2_003_seedance,Seedance,Gemini_3.1_Pro,2026-07-29,AI-generated,65,TRUE,M,0:01 center face waxy skin,TRUE,M,0:01 center glasses blend into nose,FALSE,none,lighting appears consistent,FALSE,none,no watermark,FALSE,none,anatomy appears normal,FALSE,none,no non-human subjects present,TRUE,M,0:02 bottom right gibberish text on book,FALSE,none,composition normal,FALSE,none,motion normal,TRUE,M,0:02 bottom right text shifts on book,FALSE,none,no continuity errors,FALSE,none,no physics violations,Gibberish text on the book.,Video shows AI traits.,
w2_004_seedance,Seedance,Gemini_3.1_Pro,2026-07-29,AI-generated,70,TRUE,M,0:00-0:02 face skin appears waxy.,TRUE,M,0:01 left side hair edge soft.,FALSE,none,Lighting appears consistent.,FALSE,none,No watermark visible.,TRUE,M,0:01 center face blink dissolves.,FALSE,none,No non-human subjects present.,FALSE,none,Objects appear structurally sound.,TRUE,M,0:00-0:02 right background buildings lack detail.,TRUE,M,0:00-0:02 right window raindrops static.,TRUE,M,0:01 bottom left hair curls shift.,FALSE,none,No major continuity errors.,TRUE,M,0:00-0:02 right window raindrops defy gravity.,Raindrops on the window remain completely static.,Video exhibits typical generative smoothing.,
w2_006_seedance,Seedance,Gemini_3.1_Pro,2026-07-29,AI-generated,70,TRUE,M,0:01 center frame skin on hands appears waxy.,TRUE,M,0:02 center frame soft edges around fingers.,FALSE,none,lighting appears consistent.,FALSE,none,no watermark visible.,TRUE,M,0:01 right hand fingers merge.,FALSE,none,no non-human subjects present.,TRUE,M,0:00 bottom center keyboard keys are misshapen.,FALSE,none,scene arrangement is standard.,TRUE,M,0:01 center frame fingers glide without pressing keys.,TRUE,M,0:02 bottom center keys shift shape under hands.,FALSE,none,no major continuity errors.,TRUE,M,0:01 bottom center fingers pass through keyboard.,Keyboard keys are misshapen and fingers merge.,Clear AI generation markers.,
w2_007_seedance,Seedance,Gemini_3.1_Pro,2026-07-29,AI-generated,75,TRUE,M,"0:00 center-left, waxy skin.",FALSE,none,no boundary issues noted.,TRUE,M,"0:01 bottom-left, inconsistent shadow.",FALSE,none,no watermark visible.,TRUE,M,"0:01 center-left, stiff fingers.",FALSE,none,no non-human subjects present.,TRUE,M,"0:01 center, asymmetrical bottle rim.",FALSE,none,scene composition appears normal.,TRUE,M,"0:01 center, unnatural liquid flow.",FALSE,none,no identity drift observed.,TRUE,M,"0:02 center, cup suddenly fills.",TRUE,M,"0:02 center, liquid appears from nowhere.",Cup suddenly fills with dark liquid.,Multiple temporal and structural anomalies.,
w2_008_seedance,Seedance,Gemini_3.1_Pro,2026-07-29,AI-generated,70,TRUE,M,"0:01 left, logo wobbly.",FALSE,none,no boundary issues.,FALSE,none,lighting consistent.,FALSE,none,no watermark.,TRUE,M,"0:01 center, fingers blend.",FALSE,none,no non-human subjects present.,TRUE,M,"0:02 center, laces lack structure.",FALSE,none,composition normal.,TRUE,M,"0:01 center, floaty motion.",TRUE,M,"0:02 center, lace shifts.",TRUE,M,"0:01 center, knot inconsistent.",TRUE,M,"0:02 center, tension mismatch.",fingers and laces morphing.,typical ai traits.,
w2_009_seedance,Seedance,Gemini_3.1_Pro,2026-07-29,AI-generated,70,TRUE,M,0:01 top-left skin lacks fine pore detail.,FALSE,none,no clear boundary failures.,FALSE,none,lighting appears consistent.,FALSE,none,no watermark visible.,TRUE,M,0:00 top-left hand grip on pen is structurally awkward.,FALSE,none,no non-human subjects present.,TRUE,M,0:01 center-right text is illegible pseudo-cursive.,FALSE,none,spatial arrangement is standard.,TRUE,M,0:02 center pen motion does not match ink deposition.,FALSE,none,objects maintain identity.,FALSE,none,no major continuity breaks.,TRUE,M,0:01 center ink blobs appear without physical contact.,Ink appears on paper without proper physical interaction from the pen nib.,Text generation and physical interaction show typical synthesis errors.,
w2_012_seedance,Seedance,Gemini_3.1_Pro,2026-07-29,AI-generated,70,TRUE,M,0:01 faces appear waxy across frame.,TRUE,M,0:01 father's hand blends into plate center.,TRUE,M,0:02 table shadows mismatch light source.,FALSE,none,No watermark visible.,TRUE,M,0:01 father's fingers merged on knife center.,FALSE,none,No non-human subjects present.,TRUE,M,0:00 forks lack distinct tines bottom left.,FALSE,none,Scene arrangement standard.,TRUE,M,0:02 father's face rigid during movement center.,TRUE,M,0:01 food shifts shape bottom center.,FALSE,none,No continuity errors.,FALSE,none,No physics violations.,Merged fingers and distorted cutlery indicate synthesis.,Motion is minimal and rigid.,
w2_013_seedance,Seedance,Gemini_3.1_Pro,2026-07-29,AI-generated,70,TRUE,M,"0:01 left side, woman's face has waxy texture.",TRUE,M,"0:01 right side, soft edges around marker.",FALSE,none,Lighting appears consistent.,FALSE,none,No watermark visible.,TRUE,M,"0:01 right side, woman's fingers holding marker are fused.",FALSE,none,no non-human subjects present,TRUE,M,"0:00 right side, text on glass board is gibberish.",FALSE,none,Spatial arrangement is plausible.,TRUE,M,"0:02 center, man's mouth motion is unnatural.",FALSE,none,Identities remain stable.,FALSE,none,No major continuity errors.,FALSE,none,No physics violations observed.,Text on the glass board is entirely gibberish.,Multiple AI artifacts present. Compressed scores applied.,
w2_014_seedance,Seedance,Gemini_3.1_Pro,2026-07-29,AI-generated,70,TRUE,M,0:01 center frame faces appear overly smooth.,FALSE,none,No major boundary issues.,FALSE,none,Lighting appears consistent.,FALSE,none,No watermarks visible.,TRUE,M,0:00 center right man's hand lacks defined fingers.,FALSE,none,No non-human subjects present.,TRUE,M,0:01 bottom center bike handlebars morph.,FALSE,none,Scene composition is standard.,TRUE,M,0:02 center frame man glides.,TRUE,M,0:01 top center man's face shifts.,FALSE,none,No major continuity errors.,FALSE,none,Physics appear mostly normal.,Bicycle handlebars and man's face morph during motion.,Multiple structural and temporal shifts indicate synthesis.,
w2_024_seedance,Seedance,Gemini_3.1_Pro,2026-07-29,AI-generated,75,TRUE,M,0:02 center hair lacks fine detail,TRUE,L,0:02 center subject edges soft,FALSE,none,lighting appears consistent,FALSE,none,no watermark visible,FALSE,none,anatomy appears normal,FALSE,none,no non-human subjects present,TRUE,M,0:00 center text is gibberish,FALSE,none,composition is plausible,FALSE,none,no obvious motion errors,TRUE,M,0:02 center board text changes,TRUE,M,0:02 center board layout shifts,FALSE,none,no physics violations,Text on the departure board is gibberish and changes.,Clear AI generation due to text rendering failures.,
w2_027_seedance,Seedance,Gemini_3.1_Pro,2026-07-29,AI-generated,70,TRUE,M,"0:01 center, skin and threads lack fine detail.",TRUE,M,"0:02 center-left, soft edges around hands.",FALSE,none,Lighting appears mostly consistent.,FALSE,none,No watermark visible.,TRUE,M,"0:01 center-left, fingers merge together.",FALSE,none,No non-human subjects present.,TRUE,M,"0:02 center, loom threads pass through solid wood.",TRUE,M,"0:01 center, loom parts lack logical spatial arrangement.",TRUE,M,"0:02 center, hands slide without manipulating threads.",TRUE,M,"0:02 center, shuttle changes shape.",FALSE,none,No major continuity errors noted.,TRUE,M,"0:02 center, weaving action does not affect fabric.",Fingers merging and loom threads passing through solid wood.,Multiple structural and anatomical errors indicate synthesis.,
w2_020_ltx_20260719_110441,LTX,Gemini_3.1_Pro,2026-07-31,AI-generated,70,TRUE,M,"0:02 top right, blurry background.",TRUE,M,"0:00 center, soft ball edges.",FALSE,none,no obvious lighting errors.,FALSE,none,no watermark visible.,FALSE,none,no humans present.,FALSE,none,no non-human subjects present.,TRUE,M,"0:00 center, distorted ball.",TRUE,M,"0:01 center, impossible line.",TRUE,M,"0:01 center, unnatural impact.",TRUE,M,"0:00-0:02 center, ball shifts.",TRUE,M,"0:01 center, line appears.",TRUE,M,"0:01 center, ball paints line.",Ball impact creates a permanent court line.,Clear physics violation.,
w2_038_ltx_20260719_111311,LTX,Gemini_3.1_Pro,2026-07-31,AI-generated,75,TRUE,M,"Waxy skin on face reflection at 0:01, right.",TRUE,L,"Soft edges on foreground head at 0:00, left.",FALSE,none,No obvious lighting errors.,FALSE,none,No watermark visible.,TRUE,M,"Fingers melt in reflection at 0:01, bottom right.",FALSE,none,no non-human subjects present,TRUE,M,"Brush loses shape at 0:01, center right.",FALSE,none,Spatial arrangement appears standard.,TRUE,M,"Non-rigid hand motion at 0:01, bottom right.",TRUE,M,"Brush morphs across frames at 0:01, right.",FALSE,none,No major continuity errors.,FALSE,none,No physics violations.,Fingers and brush melting together in the mirror reflection.,Multiple structural and temporal artifacts present.,
w2_015_wan_20260719_172211,Wan,Gemini_3.1_Pro,2026-07-31,AI-generated,70,TRUE,M,"0:00-0:02 center, faces appear waxy.",TRUE,M,"0:00-0:02 center, soft edges around held pigeon.",FALSE,none,No lighting issues noted.,FALSE,none,No watermark seen.,TRUE,M,"0:00-0:02 center, man's hands morphed.",TRUE,M,"0:00-0:02 bottom right, pigeons lack legs.",TRUE,M,"0:00-0:02 background left/right, bicycle wheels distorted.",FALSE,none,Scene composition standard.,TRUE,M,"0:00-0:02 bottom right, pigeons slide.",TRUE,M,"0:00-0:02 center, held pigeon shifts.",TRUE,M,"0:00-0:01 bottom left, pigeon vanishes.",FALSE,none,No physics issues noted.,Man's hands and held pigeon morph together.,Multiple structural and motion artifacts present.,
w2_011_seedance,Seedance,Gemini_3.1_Pro,2026-07-31,AI-generated,70,TRUE,M,0:00 center faces appear waxy.,TRUE,M,0:01 center soft edges around subjects.,FALSE,none,lighting appears normal.,FALSE,none,no watermark seen.,TRUE,M,0:01 center right subject hands lack detail.,FALSE,none,no non-human subjects present.,FALSE,none,objects appear normal.,FALSE,none,scene layout is standard.,TRUE,M,0:01 center subjects glide while walking.,FALSE,none,identities remain stable.,TRUE,M,0:02 left background figures blur.,FALSE,none,no physics violations.,Unnatural gliding motion and waxy skin textures.,Video shows typical AI generation traits.,
w2_016_seedance,Seedance,Gemini_3.1_Pro,2026-07-31,AI-generated,75,TRUE,M,0:00 bottom grass looks synthetic.,FALSE,none,no boundary issues.,FALSE,none,lighting appears consistent.,FALSE,none,no watermark.,TRUE,M,0:01 right shoe cleats lack detail.,FALSE,none,no non-human subjects present.,TRUE,M,0:00 center ball has irregular polygons.,TRUE,M,0:02 center ball scale is wrong.,TRUE,M,0:01 center grass particles float.,TRUE,M,0:02 center ball pattern changes.,TRUE,M,0:02 whole frame perspective shifts.,FALSE,none,no physics violations.,Ball pattern changes and perspective shifts abruptly.,Multiple structural and continuity errors.,
w2_017_seedance,Seedance,Gemini_3.1_Pro,2026-07-31,AI-generated,70,TRUE,M,0:00-0:02 smooth skin and sand textures.,TRUE,M,0:00-0:02 soft edges around runner's legs.,TRUE,M,0:00-0:02 shadow inconsistent with sunset.,FALSE,none,no watermark.,TRUE,M,0:01 blurry hands lacking detail.,FALSE,none,no non-human subjects present.,FALSE,none,no mechanical objects.,FALSE,none,scene composition standard.,TRUE,M,0:01 floaty motion and foot sliding.,TRUE,M,0:02 shoe shape morphs.,TRUE,M,0:00-0:02 waves slide without crashing.,TRUE,M,0:01 footprints appear as flat smudges.,Floaty running motion with foot sliding on the sand.,Multiple temporal and motion artifacts indicate synthesis.,
w2_018_seedance,Seedance,Gemini_3.1_Pro,2026-07-31,AI-generated,70,TRUE,M,"0:01 center, clothing lacks detail.",TRUE,M,"0:01 center, shoe and board edges blur.",TRUE,M,"0:00 bottom, shadow disconnected.",FALSE,none,No watermark.,TRUE,M,"0:01 center, right foot morphs.",FALSE,none,No non-human subjects.,TRUE,M,"0:02 center, skateboard trucks malformed.",TRUE,M,"0:02 background, skyline appears abruptly.",TRUE,M,"0:02 center, board moves non-rigidly.",TRUE,M,"0:02 center, board changes shape.",TRUE,M,"0:02 center, board detaches unnaturally.",TRUE,M,"0:02 center, board flip lacks momentum.",Skateboard morphs and loses structural integrity.,Multiple structural and temporal errors.,
w2_021_seedance,Seedance,Gemini_3.1_Pro,2026-07-31,AI-generated,75,TRUE,M,"0:01 center frame, subject face appears overly smooth.",FALSE,none,Edges appear mostly coherent.,FALSE,none,Lighting matches scene.,FALSE,none,No watermarks visible.,TRUE,M,"0:02 center frame, smile appears rigid.",FALSE,none,no non-human subjects present,TRUE,M,"0:00 top center, main sign reads gibberish IJARY & BOOKEY.",FALSE,none,Spatial arrangement is standard.,TRUE,M,"0:01 center frame, head turn lacks natural micro-movements.",FALSE,none,Subject maintains consistent appearance.,FALSE,none,No sudden shifts or disappearing objects.,FALSE,none,No physics violations observed.,Gibberish text on the main storefront sign.,Video exhibits clear AI generation markers primarily through text rendering failures.,
w2_023_seedance,Seedance,Gemini_3.1_Pro,2026-07-31,AI-generated,70,FALSE,none,no texture defects,TRUE,L,0:01 slight soft edges on coat left,FALSE,none,lighting consistent,FALSE,none,no watermark,FALSE,none,anatomy normal,FALSE,none,no non-human subjects present,TRUE,M,0:00 gibberish text on center chalkboard,FALSE,none,composition normal,TRUE,M,0:01 floaty walk center,FALSE,none,no drift,TRUE,M,0:02 unnatural reflection right window,FALSE,none,no physics violations,Gibberish text on central chalkboard.,Text rendering fails.,
w2_026_seedance,Seedance,Gemini_3.1_Pro,2026-07-31,AI-generated,60,TRUE,M,"0:01 center, vegetables lack texture.",TRUE,M,"0:01 center, knife edge blends.",FALSE,none,Lighting seems normal.,FALSE,none,No watermark seen.,TRUE,M,"0:00 left, fingers merge on handle.",FALSE,none,No non-human subjects present.,TRUE,M,"0:01 center, knife blade distorts.",FALSE,none,Composition is normal.,TRUE,M,"0:01 center, chopping is non-rigid.",TRUE,M,"0:02 center, vegetables morph.",TRUE,M,"0:01 center, food appears suddenly.",TRUE,M,"0:02 center, knife does not cut.",Vegetables morph and appear without actual cutting.,Multiple temporal and structural artifacts noted.,
w2_028_seedance,Seedance,Gemini_3.1_Pro,2026-07-31,Uncertain,40,FALSE,none,Textures appear natural.,FALSE,none,Edges are sharp.,FALSE,none,Refractions match background.,FALSE,none,No watermarks seen.,FALSE,none,No humans present.,FALSE,none,no non-human subjects present,FALSE,none,Droplets have normal shapes.,FALSE,none,Logical spatial arrangement.,FALSE,none,Video is static.,FALSE,none,No drift observed.,FALSE,none,No continuity errors.,FALSE,none,No physics violations.,no strong artefacts observed,Video appears to be a static image of rain on glass.,
w2_029_seedance,Seedance,Gemini_3.1_Pro,2026-07-31,AI-generated,70,TRUE,M,"0:01 center, clay looks plastic.",TRUE,M,"0:02 center, soft finger edges.",FALSE,none,Lighting appears consistent.,FALSE,none,No watermark observed.,TRUE,M,"0:01 left, unnatural thumb joint.",FALSE,none,No non-human subjects present.,TRUE,M,"0:02 center, misaligned pot ridges.",FALSE,none,Scene arrangement is standard.,TRUE,M,"0:01 center, clay rotation looks like scrolling.",TRUE,M,"0:02 center, clay details shift.",FALSE,none,No continuity errors noted.,TRUE,M,"0:01 center, clay does not deform.",Clay rotation resembles a scrolling texture rather than 3D motion.,Hands remain unnaturally static.,
w2_031_seedance,Seedance,Gemini_3.1_Pro,2026-07-31,AI-generated,70,TRUE,M,"0:01 center, fur lacks fine detail.",TRUE,M,"0:02 center-left, soft edges around tail.",FALSE,none,Lighting appears consistent.,FALSE,none,No watermark visible.,FALSE,none,No humans present.,TRUE,M,"0:01 bottom-center, hind legs distorted.",TRUE,M,"0:00 mid-right, floating green artifact.",FALSE,none,Scene composition normal.,TRUE,M,"0:01 bottom-center, non-physical leg motion.",TRUE,M,"0:02 center-left, tail shape changes.",TRUE,M,"0:01 mid-right, floating artifact persists.",FALSE,none,No causality violations.,Hind legs exhibit distorted anatomy and non-physical motion.,Floating artifacts and tail shape changes also indicate AI generation.,
w2_032_seedance,Seedance,Gemini_3.1_Pro,2026-07-31,AI-generated,70,TRUE,M,"0:01 center, cat fur appears overly smooth.",TRUE,M,"0:02 left, tail edges blend into background.",TRUE,M,"0:01 top, light rays remain static.",FALSE,none,No watermarks observed.,FALSE,none,No humans present.,TRUE,M,"0:01 center, cat spine stretches unnaturally.",FALSE,none,No structural object issues.,TRUE,M,"0:02 right, window reflection fails to match cat.",TRUE,M,"0:02 center, paws slide on pillow.",FALSE,none,Subject identity remains stable.,TRUE,M,"0:02 right, reflection does not update with movement.",FALSE,none,No physics violations observed.,Window reflection fails to match subject.,Reflection errors strongly indicate synthesis.,
w2_033_seedance,Seedance,Gemini_3.1_Pro,2026-07-31,AI-generated,70,TRUE,M,"0:01 center, smooth coat",FALSE,none,no boundary issues,FALSE,none,lighting consistent,FALSE,none,no watermark,FALSE,none,no humans,TRUE,M,"0:01 lower center, leg joints malformed",FALSE,none,no objects,FALSE,none,scene standard,TRUE,M,"0:01 lower center, legs slide",TRUE,M,"0:02 lower center, legs morph",FALSE,none,no continuity errors,TRUE,M,"0:01 lower center, floating",Legs morph and slide.,Clear AI generation.,
w2_034_seedance,Seedance,Gemini_3.1_Pro,2026-07-31,Real,30,FALSE,none,textures natural,FALSE,none,edges clean,FALSE,none,lighting consistent,FALSE,none,no watermarks,FALSE,none,no humans,FALSE,none,bird anatomy correct,FALSE,none,branch normal,FALSE,none,composition natural,FALSE,none,motion fluid,FALSE,none,no morphing,FALSE,none,no errors,FALSE,none,physics normal,no strong artefacts observed,video appears natural,
w2_036_seedance,Seedance,Gemini_3.1_Pro,2026-07-31,AI-generated,75,TRUE,M,0:00 top-center face waxy,TRUE,M,0:01 center fingers bleed into cards,FALSE,none,no lighting errors,FALSE,none,no watermark,TRUE,M,0:01 center fingers distorted,FALSE,none,no non-human subjects present,TRUE,M,0:01 center deck mushy,FALSE,none,scene plausible,TRUE,M,0:01 center cards non-rigid,TRUE,M,0:02 center card pattern shifts,TRUE,M,0:02 center cards vanish,TRUE,M,0:02 center card floats,Cards merge with hands.,Clear AI generation.,
w2_037_seedance,Seedance,Gemini_3.1_Pro,2026-07-31,AI-generated,70,TRUE,M,"0:01 center, dress fabric lacks fine detail.",TRUE,M,"0:01 upper center, hair edges blur unnaturally.",FALSE,none,Lighting appears consistent.,FALSE,none,No watermark visible.,TRUE,M,"0:01 center right, hand loses definition.",FALSE,none,No non-human subjects present.,TRUE,M,"0:02 center, dress topology morphs.",FALSE,none,Scene composition is standard.,TRUE,M,"0:01 center, dress motion is overly fluid.",TRUE,M,"0:02 center, dress design shifts during spin.",FALSE,none,No major continuity errors.,FALSE,none,Physics generally maintained.,Dress fabric morphs and moves with unnatural fluidity during the spin.,Motion blur and fabric physics indicate synthesis.,
w2_038_seedance,Seedance,Gemini_3.1_Pro,2026-07-31,AI-generated,70,TRUE,M,0:00-0:02 face skin appears overly smooth.,TRUE,M,0:01 right side brush edges blend into skin.,FALSE,none,Lighting appears consistent.,FALSE,none,No watermark visible.,TRUE,M,0:02 right hand grip appears stiff.,FALSE,none,no non-human subjects present,TRUE,M,0:01 bottom-left foreground brush lacks detail.,TRUE,M,0:00-0:02 bottom-left foreground hand perspective is static.,TRUE,M,0:00-0:02 bottom-left foreground hand is completely frozen.,FALSE,none,No significant identity drift.,FALSE,none,No major continuity errors.,TRUE,M,0:00-0:02 right eye brush moves but makeup does not change.,Foreground hand remains entirely frozen while reflection moves.,Video exhibits typical AI generation traits like static foreground elements.,
w2_039_seedance,Seedance,Gemini_3.1_Pro,2026-07-31,AI-generated,75,TRUE,M,0:02 lower-left faces lack detail,TRUE,L,0:02 center background figures blend,FALSE,none,consistent lighting,FALSE,none,no watermark,TRUE,M,0:02 bottom-left distorted faces,FALSE,none,no non-human subjects present,TRUE,M,0:01 top-center wire changes thickness,TRUE,M,0:01 center impossible spatial shift,FALSE,none,smooth motion,TRUE,M,0:01 center bulbs morph into string,TRUE,M,0:01 center morph replaces camera move,TRUE,M,0:01 center scale transition violates space,Bulbs morph into distant string lights.,Clear AI transition.,
pexels_animal_18106001,Pexels,Gemini_3.1_Pro,2026-07-31,AI-generated,70,TRUE,M,"0:01 center, fur lacks detail.",TRUE,M,"0:01 center, soft edges on cat.",FALSE,none,no obvious lighting errors.,FALSE,none,no watermark visible.,FALSE,none,no humans present.,TRUE,M,"0:02 center, eye and whiskers distorted.",FALSE,none,no structural object errors.,FALSE,none,scene composition normal.,TRUE,M,"0:01 center, head turn too smooth.",TRUE,M,"0:01 center, fur pattern shifts.",FALSE,none,no continuity errors.,FALSE,none,no physics violations.,Fur pattern shifts during movement.,Video shows unnatural smoothness.,
pexels_animal_35921279,Pexels,Gemini_3.1_Pro,2026-07-31,Real,25,FALSE,none,Textures natural.,FALSE,none,Edges consistent.,FALSE,none,Lighting consistent.,FALSE,none,No watermarks.,FALSE,none,Rider normal.,FALSE,none,Horse normal.,FALSE,none,Objects sound.,FALSE,none,Scene logical.,FALSE,none,Motion natural.,FALSE,none,No drift.,FALSE,none,No errors.,FALSE,none,Physics consistent.,no strong artefacts observed,Video appears authentic.,
pexels_animal_36041061,Pexels,Gemini_3.1_Pro,2026-07-31,Real,35,FALSE,none,natural textures,FALSE,none,sharp edges,FALSE,none,consistent shadows,FALSE,none,no watermark,FALSE,none,no humans,FALSE,none,normal cat anatomy,FALSE,none,stable structures,FALSE,none,logical layout,FALSE,none,natural movement,FALSE,none,stable appearance,FALSE,none,no errors,FALSE,none,normal physics,no strong artefacts observed,video appears natural,
pexels_animal_4651948,Pexels,Gemini_3.1_Pro,2026-07-31,Real,35,FALSE,none,natural grass texture,FALSE,none,normal depth of field,FALSE,none,consistent diffuse lighting,FALSE,none,no watermark,FALSE,none,no humans,FALSE,none,dog anatomy normal,FALSE,none,no objects,FALSE,none,normal field,FALSE,none,natural running,FALSE,none,dog consistent,FALSE,none,no errors,FALSE,none,normal physics,no strong artefacts observed,video appears natural,
pexels_animal_6983539,Pexels,Gemini_3.1_Pro,2026-07-31,Real,35,FALSE,none,Natural fur texture.,FALSE,none,Sharp whisker edges.,FALSE,none,Consistent eye reflections.,FALSE,none,No watermarks.,FALSE,none,No humans present.,FALSE,none,Normal cat anatomy.,FALSE,none,Normal collar structure.,FALSE,none,Logical spatial arrangement.,FALSE,none,Smooth blinking motion.,FALSE,none,Consistent fur patterns.,FALSE,none,No lighting shifts.,FALSE,none,Normal physics.,no strong artefacts observed,Video appears real.,
pexels_edge_case_13004609,Pexels,Gemini_3.1_Pro,2026-07-31,Real,30,FALSE,none,Flat 2D style.,FALSE,none,Clean lines.,FALSE,none,No lighting.,FALSE,none,None visible.,FALSE,none,Stylized art.,FALSE,none,no non-human subjects present,FALSE,none,No objects.,FALSE,none,Abstract scene.,FALSE,none,2D animation.,FALSE,none,Intentional morphing.,FALSE,none,Abstract style.,FALSE,none,Surreal logic.,no strong artefacts observed,Traditional 2D animation.,
pexels_edge_case_20200360,Pexels,Gemini_3.1_Pro,2026-07-31,AI-generated,70,TRUE,M,"0:00 center, skin lacks detail.",TRUE,M,"0:01 center, fire edges bleed.",TRUE,M,"0:01 center, missing shadows.",FALSE,none,No watermark seen.,TRUE,M,"0:00 bottom-center, legs crossed impossibly.",FALSE,none,no non-human subjects present,TRUE,M,"0:01 center, staff bends.",FALSE,none,Scene composition normal.,TRUE,M,"0:01 center, staff phases through body.",TRUE,M,"0:01 center, face morphs.",TRUE,M,"0:02 center, fire trails vanish.",TRUE,M,"0:01 center, staff passes through torso.",Staff phases through torso.,Multiple structural errors.,
pexels_edge_case_26607072,Pexels,Gemini_3.1_Pro,2026-07-31,Real,35,FALSE,none,Normal textures.,FALSE,none,Normal edges.,FALSE,none,Consistent lighting.,FALSE,none,No watermarks.,FALSE,none,Normal anatomy.,FALSE,none,no non-human subjects present,FALSE,none,Normal objects.,FALSE,none,Normal composition.,FALSE,none,Natural motion.,FALSE,none,Consistent identities.,FALSE,none,No errors.,FALSE,none,Normal physics.,no strong artefacts observed,Video shows natural stage performance.,
pexels_edge_case_37996025,Pexels,Gemini_3.1_Pro,2026-07-31,AI-generated,70,TRUE,M,"0:01 background left, crowd faces lack detail.",TRUE,M,"0:02 center, dancer legs blend with floor.",TRUE,M,"0:01 bottom right, floor spotlights mismatch scene.",FALSE,none,No watermark seen.,TRUE,M,"0:01 center, dancer legs distorted.",FALSE,none,no non-human subjects present,TRUE,M,"0:01 middle right, small banner text is gibberish.",TRUE,M,"0:02 center, leg positions spatially impossible.",TRUE,M,"0:01 center, foot sliding during dance.",TRUE,M,"0:02 left, skirt colors shift.",TRUE,M,"0:01 bottom, spotlight motion inconsistent.",FALSE,none,No obvious physics violations.,Dancer legs morph and slide impossibly.,Multiple structural and motion artifacts present.,
pexels_edge_case_38124533,Pexels,Gemini_3.1_Pro,2026-07-31,Real,35,FALSE,none,Textures appear natural.,FALSE,none,Edges are consistent.,FALSE,none,Lighting matches fire sources.,FALSE,none,No watermarks seen.,FALSE,none,Proportions are normal.,FALSE,none,no non-human subjects present,FALSE,none,Objects maintain structure.,FALSE,none,Spatial arrangement is logical.,FALSE,none,Movement is natural.,FALSE,none,Identities remain stable.,FALSE,none,No continuity errors.,FALSE,none,Physics behave normally.,no strong artefacts observed,Video appears to be a genuine recording.,
pexels_hands_10048810,Pexels,Gemini_3.1_Pro,2026-07-31,AI-generated,70,TRUE,M,"0:01 right side, waxy skin.",TRUE,M,"0:02 center, pin blurs into hand.",FALSE,none,No lighting issues.,FALSE,none,No watermark.,TRUE,M,"0:01 right side, fingers merge.",FALSE,none,No non-human subjects present.,TRUE,M,"0:02 center, pin distorts.",FALSE,none,Standard composition.,TRUE,M,"0:01 center, pin slides.",TRUE,M,"0:02 center, hand morphs.",FALSE,none,No continuity errors.,TRUE,M,"0:02 center, dough static.",Fingers merge with the rolling pin.,Motion lacks physical realism.,
pexels_hands_1326864,Pexels,Gemini_3.1_Pro,2026-07-31,AI-generated,70,TRUE,M,"0:01 left side, skin lacks detail.",FALSE,none,No boundary issues.,FALSE,none,Lighting consistent.,FALSE,none,No watermark.,TRUE,M,"0:01 left side, fingers lack joints.",FALSE,none,no non-human subjects present,TRUE,M,"0:01 center, keyboard text is gibberish.",FALSE,none,Layout standard.,TRUE,M,"0:01 left side, hand motion lacks rigidity.",FALSE,none,Objects stable.,FALSE,none,No shifts.,FALSE,none,No physics errors.,Keyboard keys display gibberish symbols.,Text rendering fails.,
pexels_hands_37239368,Pexels,Gemini_3.1_Pro,2026-07-31,AI-generated,70,TRUE,M,0:01 right hand skin smooth.,TRUE,M,0:01 right fingers blend into pepper.,TRUE,M,0:01 inconsistent shadows under hand.,FALSE,none,No watermark.,TRUE,M,0:01 right fingers fused.,FALSE,none,No non-human subjects present.,TRUE,M,0:01 pepper topology impossible.,TRUE,M,0:01 hand arrangement impossible.,TRUE,M,0:01 non-rigid finger motion.,TRUE,M,0:01 bracelet appears on wrist.,TRUE,M,0:01 sudden bracelet appearance.,TRUE,M,0:02 pepper heals after cut.,Bracelet appears suddenly on wrist.,Multiple structural issues noted.,
pexels_motion_6078256,Pexels,Gemini_3.1_Pro,2026-07-31,Real,45,FALSE,none,Normal textures.,FALSE,none,Sharp edges.,FALSE,none,Consistent lighting.,FALSE,none,No watermark.,FALSE,none,No humans.,FALSE,none,no non-human subjects present,FALSE,none,Logical structures.,FALSE,none,Normal composition.,FALSE,none,No motion.,FALSE,none,No drift.,FALSE,none,No continuity issues.,FALSE,none,No physics issues.,no strong artefacts observed,Static scene.,
pexels_motion_7187057,Pexels,Gemini_3.1_Pro,2026-07-31,AI-generated,70,TRUE,M,0:01 bottom-left ball lacks fine detail.,TRUE,M,0:01 center legs have soft edges.,FALSE,none,lighting appears consistent.,FALSE,none,no watermark visible.,TRUE,M,0:00 center-left right hand lacks fingers.,FALSE,none,no non-human subjects present.,TRUE,M,0:01 bottom-left ball pattern distorted.,FALSE,none,scene layout is standard.,TRUE,M,0:01 bottom-left ball motion floaty.,TRUE,M,0:02 bottom-left ball pattern morphs.,FALSE,none,no major continuity errors.,TRUE,M,0:01 bottom-left ball bounces without contact.,Ball morphs and bounces without contact.,Hands lack detail. Ball physics are incorrect.,
pexels_motion_7876930,Pexels,Gemini_3.1_Pro,2026-07-31,AI-generated,70,TRUE,M,"0:01 center, waxy skin and blurred laces.",TRUE,M,"0:01 center, fingers blend into shoe.",FALSE,none,Lighting seems consistent.,FALSE,none,No watermark.,TRUE,M,"0:01 center, indistinct fingers.",FALSE,none,No non-human subjects present.,TRUE,M,"0:02 right, bench merges with stone.",FALSE,none,Plausible spatial arrangement.,TRUE,M,"0:01 center, hands wobble unnaturally.",FALSE,none,Stable appearance.,FALSE,none,No sudden shifts.,TRUE,M,"0:01 center, hands don't affect laces.",Hands wobble without manipulating the shoelaces.,Background objects lack structural coherence.,
pexels_motion_8344814,Pexels,Gemini_3.1_Pro,2026-07-31,AI-generated,65,TRUE,M,0:01 background center lacks detail.,TRUE,M,0:01 center edges blend with railing.,TRUE,M,0:00 center lighting mismatches background.,FALSE,none,No watermark.,TRUE,M,0:00 center right hand distorted.,FALSE,none,No non-human subjects.,TRUE,M,0:01 bottom railing warps.,TRUE,M,0:01 center impossible railing overlap.,TRUE,M,0:01 background highway cars frozen.,TRUE,M,0:01 center hand shape shifts.,TRUE,M,0:02 background static.,TRUE,M,0:01 center subject floats.,Highway cars remain completely frozen while subject runs.,Multiple spatial and temporal anomalies.,
pexels_multi_person_6305116,Pexels,Gemini_3.1_Pro,2026-07-31,AI-generated,70,TRUE,M,"Waxy skin on hands at 0:00, right.",TRUE,M,"Soft edges on candles at 0:02, center.",FALSE,none,No lighting errors.,FALSE,none,No watermark.,TRUE,M,"Malformed fingers at 0:00, right.",FALSE,none,No non-human subjects present.,TRUE,M,"Candles change shape at 0:02, center.",FALSE,none,Scene composition normal.,FALSE,none,No motion errors.,TRUE,M,"Person changes appearance at 0:02, center.",TRUE,M,"Candle count changes at 0:02, center.",FALSE,none,No physics violations.,Person changes appearance after wipe.,Multiple continuity errors.,
pexels_multi_person_6305179,Pexels,Gemini_3.1_Pro,2026-07-31,AI-generated,70,TRUE,M,0:00 waxy skin on man left.,FALSE,none,No boundary issues.,FALSE,none,Lighting consistent.,FALSE,none,No watermark.,TRUE,M,0:01 right side woman hand fingers distorted.,FALSE,none,no non-human subjects present,TRUE,M,0:00 bottom left fork misshapen.,FALSE,none,Scene layout plausible.,TRUE,M,0:01 right side non-rigid hand motion.,TRUE,M,0:01 right side woman hand morphs.,FALSE,none,No continuity errors.,FALSE,none,No physics violations.,Woman's right hand fingers morph and distort.,Anatomical anomalies indicate synthesis.,
pexels_multi_person_6686947,Pexels,Gemini_3.1_Pro,2026-07-31,AI-generated,70,TRUE,M,"0:01 center-left, woman's face lacks detail.",TRUE,M,"0:02 center-right, soft edges on man's sweater.",FALSE,none,Lighting appears consistent.,FALSE,none,No watermark visible.,TRUE,M,"0:02 bottom-right, man's hand lacks definition.",FALSE,none,No non-human subjects present.,TRUE,M,"0:01 center, couch cushions lack structure.",FALSE,none,Scene layout is plausible.,TRUE,M,"0:01 center-right, man's walking motion glides.",TRUE,M,"0:02 center-right, sweater folds shift unnaturally.",FALSE,none,No major continuity errors.,FALSE,none,No physics violations.,Unnatural shifting of sweater folds and gliding motion.,Video exhibits moderate AI markers.,
pexels_multi_person_7199217,Pexels,Gemini_3.1_Pro,2026-07-31,Real,35,FALSE,none,Textures natural.,FALSE,none,Edges sharp.,FALSE,none,Lighting consistent.,FALSE,none,No watermarks.,FALSE,none,Anatomy normal.,FALSE,none,No non-human subjects present.,FALSE,none,Objects stable.,FALSE,none,Composition logical.,FALSE,none,Motion natural.,FALSE,none,No drift.,FALSE,none,No errors.,FALSE,none,Physics normal.,no strong artefacts observed,Video appears entirely natural.,
pexels_multi_person_7325946,Pexels,Gemini_3.1_Pro,2026-07-31,AI-generated,70,TRUE,M,0:01 center faces lack detail.,TRUE,M,0:01 bottom center legs blur into ground.,FALSE,none,Lighting appears consistent.,FALSE,none,No watermark visible.,TRUE,M,0:02 center legs bend unnaturally.,FALSE,none,no non-human subjects present,TRUE,M,0:00 top center glass frame merges oddly.,FALSE,none,Scene composition normal.,TRUE,M,0:01 bottom center severe foot sliding.,TRUE,M,0:02 center clothing folds shift.,FALSE,none,No major continuity errors.,FALSE,none,No causality violations.,Severe foot sliding and unnatural leg bending.,Motion artifacts strongly indicate AI generation.,
pexels_multi_person_8121423,Pexels,Gemini_3.1_Pro,2026-07-31,Real,35,FALSE,none,Textures natural.,FALSE,none,Edges sharp.,FALSE,none,Shadows consistent.,FALSE,none,No watermarks.,FALSE,none,Anatomy normal.,FALSE,none,no non-human subjects present,FALSE,none,Objects normal.,FALSE,none,Composition logical.,FALSE,none,Motion natural.,FALSE,none,Identities consistent.,FALSE,none,No errors.,FALSE,none,Physics normal.,no strong artefacts observed,Video appears genuine.,
pexels_multi_person_8481271,Pexels,Gemini_3.1_Pro,2026-07-31,AI-generated,70,TRUE,M,"0:00 center, waxy skin on older woman.",TRUE,M,"0:02 center, hands and glasses bleed together.",FALSE,none,No obvious lighting errors.,FALSE,none,No watermark seen.,TRUE,M,"0:02 center, fingers merge and extra limbs appear.",FALSE,none,No non-human subjects present.,TRUE,M,"0:02 center, wine glasses distort and merge.",TRUE,M,"0:02 left, impossible spatial overlap of people.",TRUE,M,"0:02 center, non-rigid movement of glasses.",TRUE,M,"0:01 left, man's head splits into two faces.",TRUE,M,"0:01 edges, new people suddenly appear.",TRUE,M,"0:02 center, solid glasses pass through each other.",Multiple extra limbs and people suddenly appear during the toast.,Severe temporal and anatomical distortions.,
pexels_multi_person_8774198,Pexels,Gemini_3.1_Pro,2026-07-31,AI-generated,70,TRUE,M,"Waxy skin on right subject at 0:01, right side.",TRUE,M,"Soft edges around middle subject at 0:01, center.",FALSE,none,Lighting appears consistent.,FALSE,none,No watermark seen.,TRUE,M,"Indistinct fingers on left subject at 0:00, bottom left.",FALSE,none,No non-human subjects present.,FALSE,none,Objects appear structurally sound.,FALSE,none,Spatial arrangement is plausible.,TRUE,M,"Middle subject glides unnaturally at 0:01, center.",TRUE,M,"Left subject face shifts at 0:02, left.",FALSE,none,No major continuity errors.,FALSE,none,Physics generally maintained.,Unnatural gliding motion of the middle subject.,Multiple subtle AI markers present.,
pexels_portrait_4057145,Pexels,Gemini_3.1_Pro,2026-07-31,Real,30,FALSE,none,Textures natural.,FALSE,none,Edges natural.,FALSE,none,Lighting consistent.,FALSE,none,No watermarks.,FALSE,none,Anatomy correct.,FALSE,none,no non-human subjects present,FALSE,none,Objects normal.,FALSE,none,Scene logical.,FALSE,none,Motion natural.,FALSE,none,No drift.,FALSE,none,No errors.,FALSE,none,Physics normal.,no strong artefacts observed,Standard camera footage.,
pexels_portrait_5051072,Pexels,Gemini_3.1_Pro,2026-07-31,AI-generated,70,TRUE,M,"0:01 center, face skin appears overly smooth.",TRUE,M,"0:01 bottom center, fingers bleed into glass.",FALSE,none,Lighting appears consistent.,FALSE,none,No watermark visible.,TRUE,M,"0:01 bottom center, hand has merged fingers.",FALSE,none,No non-human subjects present.,TRUE,M,"0:02 bottom center, glass rim is uneven.",FALSE,none,Spatial arrangement is standard.,TRUE,M,"0:01 bottom center, hand moves non-rigidly.",TRUE,M,"0:01 bottom center, fingers morph during movement.",FALSE,none,No major continuity errors.,TRUE,M,"0:01 bottom center, fingers phase through glass.",Hand holding the glass exhibits merged fingers.,Multiple structural issues with the hand.,
pexels_portrait_6099467,Pexels,Gemini_3.1_Pro,2026-07-31,AI-generated,75,TRUE,M,0:01 skin on hands appears waxy.,TRUE,M,0:01 soft edges around fingers.,FALSE,none,Lighting appears consistent.,FALSE,none,No watermark visible.,TRUE,M,0:02 hands have fused fingers.,FALSE,none,No non-human subjects present.,FALSE,none,Background objects intact.,FALSE,none,Spatial arrangement normal.,TRUE,M,0:01 fingers exhibit non-rigid motion.,TRUE,M,0:02 finger count changes.,FALSE,none,No sudden shifts.,TRUE,M,0:02 fingers pass through each other.,Hands exhibit severe anatomical merging.,Multiple hand deformities observed.,
pexels_portrait_7203426,Pexels,Gemini_3.1_Pro,2026-07-31,Real,40,FALSE,none,Natural skin and fabric textures.,FALSE,none,Clean edges.,FALSE,none,Consistent studio lighting.,FALSE,none,No watermark.,FALSE,none,Normal hand and face.,FALSE,none,no non-human subjects present,FALSE,none,No objects.,FALSE,none,Normal composition.,FALSE,none,Natural subtle movement.,FALSE,none,No drift.,FALSE,none,No errors.,FALSE,none,No physics violations.,no strong artefacts observed,Video appears authentic with natural textures.,
pexels_portrait_7735868,Pexels,Gemini_3.1_Pro,2026-07-31,Real,35,FALSE,none,0:00-0:02 face textures natural,FALSE,none,0:00-0:02 edges sharp,FALSE,none,0:00-0:02 lighting consistent,FALSE,none,0:00-0:02 no watermarks,FALSE,none,0:00-0:02 proportions normal,FALSE,none,no non-human subjects present,FALSE,none,0:00-0:02 glasses sound,FALSE,none,0:00-0:02 arrangement logical,FALSE,none,0:00-0:02 motion fluid,FALSE,none,0:00-0:02 appearance stable,FALSE,none,0:00-0:02 no errors,FALSE,none,0:00-0:02 physics normal,no strong artefacts observed,Video appears authentic.,
pexels_portrait_8724243,Pexels,Gemini_3.1_Pro,2026-07-31,Real,35,FALSE,none,Skin and hair textures appear natural.,FALSE,none,Subject edges are sharp against background.,FALSE,none,Lighting and shadows are consistent.,FALSE,none,No watermarks observed.,FALSE,none,Facial proportions are anatomically correct.,FALSE,none,No non-human subjects present.,FALSE,none,No structural object defects.,FALSE,none,Standard portrait composition.,FALSE,none,Head turn motion is natural.,FALSE,none,Facial features remain consistent.,FALSE,none,No continuity errors observed.,FALSE,none,No physics violations.,no strong artefacts observed,Video appears to be standard high-quality stock footage.,
pexels_portrait_8724519,Pexels,Gemini_3.1_Pro,2026-07-31,Real,35,FALSE,none,Natural skin detail at 0:00-0:02 across face.,FALSE,none,Clean edges around subject at 0:00-0:02.,FALSE,none,Consistent lighting on face at 0:00-0:02.,FALSE,none,No watermarks at 0:00-0:02.,FALSE,none,Normal facial proportions at 0:00-0:02.,FALSE,none,no non-human subjects present,FALSE,none,No objects present.,FALSE,none,Standard framing at 0:00-0:02.,FALSE,none,Natural movement at 0:00-0:02.,FALSE,none,Consistent features at 0:00-0:02.,FALSE,none,No errors at 0:00-0:02.,FALSE,none,No physics issues at 0:00-0:02.,no strong artefacts observed,Video appears entirely natural.,
pexels_text_scene_33923464,Pexels,Gemini_3.1_Pro,2026-07-31,AI-generated,70,TRUE,M,"0:00 background left, worker uniform lacks fine detail.",TRUE,M,"0:00 mid-left, soft edges on stacked cups.",FALSE,none,Lighting appears generally consistent.,FALSE,none,No watermarks observed.,TRUE,M,"0:00 background left, worker face and mask distorted.",FALSE,none,No non-human subjects present.,TRUE,M,"0:00 right side, wall menu and counter signs contain gibberish text.",FALSE,none,Spatial arrangements appear normal.,TRUE,M,"0:01 background left, worker movement is slightly rigid.",FALSE,none,Objects maintain identity across frames.,FALSE,none,No sudden shifts or disappearances.,FALSE,none,No physics violations observed.,Gibberish text on menus.,Text failures strongly indicate AI generation.,
pexels_text_scene_5920143,Pexels,Gemini_3.1_Pro,2026-07-31,Real,35,FALSE,none,Normal textures.,FALSE,none,Normal edges.,FALSE,none,Consistent lighting.,FALSE,none,None visible.,FALSE,none,Normal anatomy.,FALSE,none,No non-human subjects present.,FALSE,none,Coherent text.,FALSE,none,Logical arrangement.,FALSE,none,Fluid motion.,FALSE,none,No morphing.,FALSE,none,No errors.,FALSE,none,Normal physics.,no strong artefacts observed,Video appears entirely natural.,
pexels_text_scene_6103527,Pexels,Gemini_3.1_Pro,2026-07-31,Real,35,FALSE,none,Textures natural.,FALSE,none,Edges sharp.,FALSE,none,Lighting consistent.,FALSE,none,No watermarks.,FALSE,none,Person normal.,FALSE,none,no non-human subjects present,FALSE,none,Text legible.,FALSE,none,Layout logical.,FALSE,none,Pan smooth.,FALSE,none,No morphing.,FALSE,none,No shifts.,FALSE,none,Physics normal.,no strong artefacts observed,Text is perfectly stable.,
pexels_text_scene_7557411,Pexels,Gemini_3.1_Pro,2026-07-31,Real,35,FALSE,none,Textures appear natural.,FALSE,none,Edges are clean.,FALSE,none,Lighting is consistent.,FALSE,none,No watermark seen.,FALSE,none,Hand is anatomically correct.,FALSE,none,no non-human subjects present,FALSE,none,Books and text are coherent.,FALSE,none,Spatial arrangement is logical.,FALSE,none,Movement is natural.,FALSE,none,Objects remain consistent.,FALSE,none,No sudden shifts.,FALSE,none,Physics are maintained.,no strong artefacts observed,Legible text and natural motion suggest real footage.,
pexels_text_scene_7778358,Pexels,Gemini_3.1_Pro,2026-07-31,Real,30,FALSE,none,Natural textures.,FALSE,none,Consistent edges.,FALSE,none,Consistent lighting.,FALSE,none,None visible.,FALSE,none,Normal anatomy.,FALSE,none,no non-human subjects present,FALSE,none,Normal structure.,FALSE,none,Logical composition.,FALSE,none,Natural motion.,FALSE,none,Consistent identity.,FALSE,none,Continuous scene.,FALSE,none,Normal physics.,no strong artefacts observed,Video appears to be a standard camera recording.,
pexels_text_scene_8567117,Pexels,Gemini_3.1_Pro,2026-07-31,AI-generated,75,TRUE,M,"0:00 left shelves, books lack fine detail.",TRUE,M,"0:01 center, books merge into wooden shelf.",TRUE,L,"0:02 floor, shadows inconsistent with ambient light.",TRUE,M,"0:02 bottom-left, white text-like shape appears.",TRUE,M,"0:02 center aisle, figure has distorted limbs.",FALSE,none,no non-human subjects present.,TRUE,M,"0:00 right shelves, books have gibberish text.",TRUE,M,"0:01 center, shelf perspective is skewed.",TRUE,M,"0:01 entire frame, shelves warp during pan.",TRUE,M,"0:01 bottom-left, books change color.",TRUE,M,"0:01 center aisle, figure suddenly appears.",TRUE,M,"0:02 center, figure phases through floor.",Figure suddenly appears and morphs in the center aisle.,Multiple structural and temporal artifacts present.,
pexels_text_scene_8617056,Pexels,Gemini_3.1_Pro,2026-07-31,AI-generated,70,TRUE,M,0:00-0:02 face center overly smooth.,TRUE,M,0:01 soft edges around hair top.,TRUE,M,0:01 flat lighting on face center.,FALSE,none,No watermark visible.,TRUE,M,0:00-0:02 unnatural segmented hair sides.,FALSE,none,No non-human subjects present.,TRUE,M,0:00-0:02 malformed text background right.,FALSE,none,Normal composition.,TRUE,M,0:01 rigid hair motion sides.,TRUE,M,0:01 hair segments shift shape sides.,FALSE,none,No continuity errors.,FALSE,none,No physics violations.,Unnatural segmented hair structure and malformed background text.,Multiple AI markers present.,
pexels_text_scene_8617059,Pexels,Gemini_3.1_Pro,2026-07-31,AI-generated,70,FALSE,none,no texture defects,FALSE,none,edges normal,FALSE,none,lighting consistent,FALSE,none,no watermark,TRUE,M,"0:01 center right, fingers blend with chalk",FALSE,none,no non-human subjects present,TRUE,M,"0:00 top center, text is malformed",FALSE,none,scene plausible,FALSE,none,motion normal,TRUE,M,"0:01 top center, text morphs spelling",FALSE,none,no continuity errors,FALSE,none,physics normal,Text morphs spelling across frames.,Clear AI generation due to text instability.,
pexels_texture_12171874,Pexels,Gemini_3.1_Pro,2026-07-31,AI-generated,75,TRUE,M,0:01 right hand clay is waxy.,FALSE,none,Edges intact.,FALSE,none,Lighting consistent.,FALSE,none,No watermark.,TRUE,M,0:00 top-left hand fingers merge.,FALSE,none,No non-human subjects present.,FALSE,none,Wheel normal.,FALSE,none,Scene normal.,TRUE,M,0:01 bottom wheel lines warp.,TRUE,M,0:02 right hand fingers shift.,FALSE,none,No breaks.,FALSE,none,Physics obeyed.,Background hand fingers merge unnaturally.,Multiple anatomical errors.,
pexels_texture_15419572,Pexels,Gemini_3.1_Pro,2026-07-31,Real,30,FALSE,none,Textures appear natural,FALSE,none,Edges are sharp,FALSE,none,Lighting is consistent,FALSE,none,No watermarks,FALSE,none,No humans,FALSE,none,no non-human subjects present,FALSE,none,No structural issues,FALSE,none,Composition is normal,FALSE,none,Motion is natural,FALSE,none,No drift observed,FALSE,none,Continuity maintained,FALSE,none,Physics appear normal,no strong artefacts observed,Video appears to be standard macro footage.,
pexels_texture_28000739,Pexels,Gemini_3.1_Pro,2026-07-31,AI-generated,70,TRUE,M,"0:01 center, skin and clay look waxy.",TRUE,M,"0:01 center, soft edges around fingers.",FALSE,none,Lighting appears normal.,FALSE,none,No watermark seen.,TRUE,M,"0:01 center, fingers merge and have wrong proportions.",FALSE,none,No non-human subjects present.,TRUE,M,"0:02 center, pot topology is distorted.",FALSE,none,Scene layout is standard.,TRUE,M,"0:01 center, hands glide unnaturally.",TRUE,M,"0:02 center, fingers change shape.",FALSE,none,No major continuity cuts.,TRUE,M,"0:02 center, fingers pass through solid clay.",Fingers merge with each other and the clay.,Clear AI generation due to hand distortions.,
pexels_texture_4253330,Pexels,Gemini_3.1_Pro,2026-07-31,AI-generated,70,TRUE,M,0:00 center-left hand skin appears waxy.,TRUE,M,0:01 center spoon handle bleeds into fingers.,FALSE,none,Lighting appears consistent.,FALSE,none,No watermark visible.,TRUE,M,0:01 center fingers merge with spoon.,FALSE,none,No non-human subjects present.,TRUE,M,0:00 center spoon shape is distorted.,FALSE,none,Spatial arrangement is plausible.,TRUE,M,0:01 bottom-center liquid moves unnaturally.,TRUE,M,0:02 center spoon handle morphs.,FALSE,none,No major continuity errors.,FALSE,none,Physics generally maintained.,Spoon handle merges with fingers.,Multiple structural anomalies.,
pexels_texture_5566249,Pexels,Gemini_3.1_Pro,2026-07-31,AI-generated,70,TRUE,M,"0:01 center, clay texture shifts unnaturally.",TRUE,M,"0:02 center, string edges blur into fingers.",FALSE,none,Lighting appears consistent.,FALSE,none,No watermark visible.,TRUE,M,"0:02 center, left hand fingers merge and elongate.",FALSE,none,No non-human subjects present.,TRUE,M,"0:02 center, string topology is impossible.",FALSE,none,Spatial arrangement is standard.,TRUE,M,"0:01 center, erratic hand movements.",TRUE,M,"0:01 center, clay morphs shape instantly.",TRUE,M,"0:01 center, string appears suddenly.",TRUE,M,"0:02 center, string passes through solid fingers.",Fingers merge with the string and clay in an impossible manner.,Multiple structural and temporal anomalies confirm synthesis.,
pexels_texture_6602836,Pexels,Gemini_3.1_Pro,2026-07-31,Real,30,FALSE,none,Textures natural.,FALSE,none,Edges consistent.,FALSE,none,Lighting natural.,FALSE,none,No watermarks.,FALSE,none,Anatomy normal.,FALSE,none,no non-human subjects present,FALSE,none,Objects stable.,FALSE,none,Composition logical.,FALSE,none,Motion realistic.,FALSE,none,Identities stable.,FALSE,none,No errors.,FALSE,none,Physics respected.,no strong artefacts observed,Standard live-action footage.,
pexels_texture_7008577,Pexels,Gemini_3.1_Pro,2026-07-31,AI-generated,75,TRUE,M,0:02 center-left hand skin waxy,TRUE,M,0:01 center spatula blends into hand,TRUE,M,0:01 center grill reflections shift,FALSE,none,no watermark visible,TRUE,M,0:02 center-left hand loses fingers,FALSE,none,no non-human subjects present,TRUE,M,0:01 center-right knob distorted,FALSE,none,scene arrangement normal,TRUE,M,0:02 center-left hand moves non-rigidly,TRUE,M,0:02 center-left tattoo changes,TRUE,M,0:02 center spatula disappears,FALSE,none,no physics violations,Hand morphs and loses fingers while spatula disappears.,Multiple temporal and structural errors.,
pexels_texture_9166501,Pexels,Gemini_3.1_Pro,2026-07-31,Real,35,FALSE,none,Textures appear natural.,FALSE,none,Edges are sharp.,FALSE,none,Consistent highlights.,FALSE,none,No watermark.,FALSE,none,No humans.,FALSE,none,no non-human subjects present,FALSE,none,Droplets have normal shapes.,FALSE,none,Standard macro composition.,FALSE,none,Smooth camera pan.,FALSE,none,Droplets remain stable.,FALSE,none,No continuity errors.,FALSE,none,Physics appear normal.,no strong artefacts observed,Appears to be standard macro footage.,
w2_029_hunyuan_20260719_145312,Hunyuan,Gemini_3.1_Pro,2026-07-31,AI-generated,75,TRUE,L,0:00 top-right arm lacks pores.,TRUE,L,0:01 center fingers bleed into clay.,FALSE,none,Lighting seems consistent.,FALSE,none,No watermark seen.,TRUE,M,0:01 center hands show merged fingers.,FALSE,none,No non-human subjects present.,FALSE,none,Wheel structure normal.,FALSE,none,Standard spatial setup.,TRUE,L,0:01 center hands move non-rigidly.,TRUE,M,0:02 center fingers change count.,FALSE,none,No sudden shifts.,TRUE,L,0:02 center clay physics incorrect.,Fingers merge and morph continuously.,Hands exhibit structural and temporal instability.,
w2_033_wan_20260719_183755,Wan,Gemini_3.1_Pro,2026-07-31,AI-generated,75,TRUE,M,"0:01 center, smooth waxy horse coat.",TRUE,L,"0:01 right, soft edges on tail.",FALSE,none,No lighting issues noted.,FALSE,none,No watermarks visible.,FALSE,none,No humans present.,TRUE,M,"0:00 bottom, front legs lack joints.",FALSE,none,No structural object issues.,FALSE,none,Scene composition appears normal.,TRUE,M,"0:01 bottom, legs float non-rigidly.",TRUE,L,"0:02 center, facial mark shifts.",TRUE,M,"0:01 bottom, hooves slide on grass.",FALSE,none,No physics violations noted.,The horse's legs exhibit non-rigid motion and lack defined joints.,Motion and anatomical anomalies strongly suggest synthesis.,
w2_019_seedance,Seedance,Gemini_3.1_Pro,2026-07-31,AI-generated,70,TRUE,M,0:02 center water looks like glass.,TRUE,M,0:00 center diver edges soft.,TRUE,M,0:02 center splash lighting off.,FALSE,none,No watermark.,TRUE,M,0:00 left diver feet fused.,FALSE,none,No non-human subjects present.,FALSE,none,No objects.,TRUE,M,0:00 bottom left pool edge skewed.,TRUE,M,0:01 center splash motion viscous.,TRUE,M,0:01 center legs shift shape.,TRUE,M,0:01 center sudden splash.,TRUE,M,0:02 center water defies physics.,Water splash behaves like a viscous solid.,Fluid dynamics are highly unnatural.,
pexels_animal_19568439,Pexels,Gemini_3.1_Pro,2026-07-31,Real,30,FALSE,none,Textures natural.,FALSE,none,Edges clean.,FALSE,none,Lighting consistent.,FALSE,none,No watermarks.,FALSE,none,No humans present.,FALSE,none,Dog anatomy correct.,FALSE,none,Objects normal.,FALSE,none,Scene logical.,FALSE,none,Motion natural.,FALSE,none,No drift.,FALSE,none,No errors.,FALSE,none,Physics normal.,no strong artefacts observed,Video appears standard.,
pexels_animal_35282483,Pexels,Gemini_3.1_Pro,2026-07-31,Real,30,FALSE,none,Natural grass and tree textures.,FALSE,none,Normal edges with natural motion blur.,FALSE,none,Consistent overcast lighting.,FALSE,none,No watermark visible.,FALSE,none,Background figures appear normal.,FALSE,none,Dog anatomy is normal.,FALSE,none,Goal and wall structures are normal.,FALSE,none,Logical spatial layout.,FALSE,none,Natural camera pan and subject movement.,FALSE,none,No drift observed.,FALSE,none,Consistent scene continuity.,FALSE,none,Normal physics.,no strong artefacts observed,Video appears to be standard camera footage.,
pexels_animal_37746776,Pexels,Gemini_3.1_Pro,2026-07-31,AI-generated,70,TRUE,M,"0:01 center, brush fence lacks distinct twigs.",TRUE,M,"0:02 left, horse edges bleed into white fence.",FALSE,none,Lighting appears generally consistent.,FALSE,none,No watermarks visible.,TRUE,M,"0:02 left, rider lacks defined limbs.",TRUE,M,"0:02 left, horse legs lack joints.",TRUE,M,"0:01 background left, red car is distorted.",TRUE,M,"0:02 left, impossible depth between horse and fence.",TRUE,M,"0:02 left, horse moves with unnatural fluidity.",TRUE,M,"0:02 left, rider shape shifts during jump.",TRUE,M,"0:02 left, horse materializes abruptly.",TRUE,M,"0:02 left, horse passes through solid fence.",Horse phases through solid foreground fence.,Multiple depth and occlusion failures.,
pexels_edge_case_26491575,Pexels,Gemini_3.1_Pro,2026-07-31,AI-generated,70,TRUE,M,"0:01 center frame, waxy skin.",TRUE,L,"0:01 right side, soft arm edges.",FALSE,none,Lighting consistent.,FALSE,none,No watermark.,TRUE,M,"0:01 center frame, blobby hands.",FALSE,none,No non-human subjects present.,FALSE,none,No objects.,FALSE,none,Simple stage.,TRUE,L,"0:02 bottom frame, foot sliding.",TRUE,M,"0:01 center frame, face morphing.",FALSE,none,No continuity errors.,FALSE,none,No physics violations.,Hands lack distinct fingers and face morphs during turn.,Multiple anatomical and temporal artifacts present.,
pexels_edge_case_26491663,Pexels,Gemini_3.1_Pro,2026-07-31,AI-generated,75,TRUE,M,"0:01 center-right, dancer face lacks detail",TRUE,M,"0:00 left, soft edges around pink hair",FALSE,none,Lighting appears mostly consistent,FALSE,none,No watermark observed,TRUE,M,"0:01 center-left, dancer hands are formless blobs",FALSE,none,No non-human subjects present,FALSE,none,No relevant objects,TRUE,M,"0:02 left, intertwined dancers lack clear spatial separation",TRUE,M,"0:01 left, pink-haired dancer moves non-rigidly",TRUE,M,"0:01 left, pink-haired dancer clothing morphs",TRUE,M,"0:01 left, sudden shift in dancer posture",FALSE,none,No clear physics violations,Severe anatomical distortions and morphing hands.,Multiple structural and temporal artifacts indicate synthesis.,
pexels_edge_case_36187024,Pexels,Gemini_3.1_Pro,2026-07-31,AI-generated,75,TRUE,M,"0:01 center-left, straw materials lack fine detail.",TRUE,M,"0:02 right, rifle edges blur into background.",FALSE,none,Lighting appears mostly consistent.,FALSE,none,No watermark seen.,TRUE,M,"0:01 bottom-right, hand holding rifle is malformed.",FALSE,none,No non-human subjects present.,TRUE,M,"0:01 right, rifle barrel is bent.",TRUE,M,"0:02 background, figures overlap impossibly.",TRUE,M,"0:01 center, rigid rifles bend during movement.",TRUE,M,"0:02 center, headdress colors shift.",TRUE,M,"0:01 background, figures dissolve into blur.",FALSE,none,No obvious physics violations noted.,Rifles bend and morph during movement.,Multiple structural and temporal artifacts present.,
pexels_hands_2369564,Pexels,Gemini_3.1_Pro,2026-07-31,AI-generated,70,TRUE,M,"0:01 foreground, fingers appear waxy.",FALSE,none,Edges consistent with depth of field.,FALSE,none,Lighting appears normal.,FALSE,none,No watermark seen.,TRUE,M,"0:01 foreground, fingers lack joints.",FALSE,none,No non-human subjects present.,TRUE,M,"0:02 center, keyboard text is gibberish.",FALSE,none,Spatial arrangement normal.,TRUE,M,"0:01 center, fingers move without depressing keys.",FALSE,none,Objects remain stable.,FALSE,none,No continuity errors.,TRUE,M,"0:01 center, impact does not move keys.",Keyboard text is gibberish.,Fingers lack detail.,
pexels_hands_8888977,Pexels,Gemini_3.1_Pro,2026-07-31,AI-generated,70,TRUE,M,"0:01 center, skin is smooth.",FALSE,none,No boundary issues.,TRUE,M,"0:01 bottom, shadows lack depth.",FALSE,none,No watermark.,TRUE,M,"0:01 center, fingers bend oddly.",FALSE,none,No non-human subjects present.,TRUE,M,"0:00 center, keys have gibberish.",FALSE,none,Layout is standard.,TRUE,M,"0:01 center, fingers glide over keys.",TRUE,M,"0:02 center, key symbols shift.",FALSE,none,No continuity breaks.,FALSE,none,No physics violations.,Keyboard keys display shifting gibberish symbols.,Multiple structural and temporal artifacts noted.,
pexels_motion_10453254,Pexels,Gemini_3.1_Pro,2026-07-31,Real,35,FALSE,none,No texture issues.,FALSE,none,Normal edges.,FALSE,none,Consistent lighting.,FALSE,none,No watermarks.,FALSE,none,Normal anatomy.,FALSE,none,No non-human subjects present.,FALSE,none,Normal objects.,FALSE,none,Normal composition.,FALSE,none,Natural motion.,FALSE,none,Consistent identity.,FALSE,none,No continuity errors.,FALSE,none,Normal physics.,no strong artefacts observed,Video appears natural.,
pexels_motion_18006916,Pexels,Gemini_3.1_Pro,2026-07-31,AI-generated,60,TRUE,M,"0:01 top right, shoe lacks fine detail.",TRUE,M,"0:01 right side, board edge blurs.",FALSE,none,Lighting appears consistent.,FALSE,none,No watermark visible.,FALSE,none,Anatomy appears standard.,FALSE,none,No non-human subjects present.,TRUE,M,"0:00 bottom right, truck missing wheel.",FALSE,none,Spatial arrangement plausible.,TRUE,M,"0:01 right side, board slides without rolling.",FALSE,none,Objects maintain appearance.,FALSE,none,No sudden shifts.,TRUE,M,"0:02 right side, unnatural sliding physics.",Skateboard missing wheel.,Rigid motion.,
pexels_motion_30147550,Pexels,Gemini_3.1_Pro,2026-07-31,AI-generated,70,TRUE,M,0:01 background grass lacks fine detail.,TRUE,M,0:02 edges around the moving shoe are soft.,FALSE,none,no obvious lighting issues.,FALSE,none,no watermark visible.,TRUE,M,0:02 left foot and ankle morph unnaturally.,FALSE,none,no non-human subjects present.,TRUE,M,0:01 ball pattern is distorted.,FALSE,none,scene arrangement appears standard.,TRUE,M,0:02 shoe exhibits non-rigid motion.,TRUE,M,0:02 ball pattern and shoe design shift.,FALSE,none,no major continuity breaks.,FALSE,none,physics appear mostly consistent.,The ball pattern and shoe design shift mid-motion.,Multiple structural and temporal artifacts indicate synthesis.,
w2_022_seedance,Seedance,Gemini_3.1_Pro,2026-07-31,AI-generated,75,TRUE,M,"0:01 center right, face lacks fine detail.",FALSE,none,No boundary issues.,FALSE,none,Lighting is consistent.,FALSE,none,No watermarks.,TRUE,M,"0:02 background left, pedestrian faces lack structure.",FALSE,none,No non-human subjects present.,TRUE,M,"0:00 center, newspaper text is gibberish.",FALSE,none,Layout is plausible.,TRUE,M,"0:01 background left, rigid car motion.",FALSE,none,No identity drift.,FALSE,none,No continuity errors.,FALSE,none,No physics violations.,Newspaper text is gibberish.,Background elements show AI artifacts.,
pexels_hands_3797834,Pexels,Gemini_3.1_Pro,2026-07-31,AI-generated,70,TRUE,M,"Waxy skin on hands at 0:01, top center.",TRUE,M,"Soft edges around knife at 0:01, center.",TRUE,M,"Inconsistent shadows on board at 0:01, center.",FALSE,none,No watermark visible.,TRUE,M,"Merged fingers on top hand at 0:01, top center.",FALSE,none,No non-human subjects present.,TRUE,M,"Knife blade lacks rigid structure at 0:01, center.",FALSE,none,Scene composition appears standard.,TRUE,M,"Unnatural gliding knife motion at 0:01, center.",TRUE,M,"Onion layers morph at 0:02, center.",TRUE,M,"Slice appears without main onion reducing at 0:02, center.",TRUE,M,"Slice separates before blade passes at 0:01, center.",Merged fingers on the hand holding the onion.,Multiple structural and temporal artifacts present.,
pexels_hands_4201451,Pexels,Gemini_3.1_Pro,2026-07-31,AI-generated,70,TRUE,M,Waxy vegetables at 0:01 center.,TRUE,M,Soft knife edge at 0:01 center.,TRUE,M,Odd blade reflection at 0:01 center-left.,FALSE,none,No watermark seen.,TRUE,M,Thumb anatomy off at 0:02 top-right.,FALSE,none,No non-human subjects present.,TRUE,M,Transparent blade at 0:01 center.,TRUE,M,Veggies overlap impossibly at 0:01 center.,TRUE,M,Knife phases through veggies at 0:01 center.,TRUE,M,Carrots morph at 0:02 center.,TRUE,M,Onions shift at 0:01 center-right.,TRUE,M,Knife phases through solid carrots at 0:01 center.,Knife blade is transparent and phases through vegetables.,Multiple physics and structural violations.,
w2_031_hunyuan_20260719_145855,Hunyuan,Gemini_3.1_Pro,2026-07-31,AI-generated,70,TRUE,M,"0:00-0:02 across frame, grass and fur lack detail.",TRUE,M,"0:01 bottom center, soft edges on dog legs.",FALSE,none,Lighting appears consistent.,FALSE,none,No watermark seen.,FALSE,none,No humans present.,TRUE,M,"0:01 bottom center, dog legs merge.",TRUE,M,"0:02 top right, house windows warped.",FALSE,none,Scene layout is standard.,TRUE,M,"0:00-0:02 bottom center, legs slide.",TRUE,M,"0:01 center, dog shape shifts.",FALSE,none,No major continuity errors.,TRUE,M,"0:02 bottom center, dog floats.",Dog legs merge and slide unnaturally.,Motion and anatomy are distorted.,
pexels_hands_37239369,Pexels,Gemini_3.1_Pro,2026-07-31,AI-generated,70,TRUE,M,0:01 center tomato skin appears waxy.,TRUE,M,0:02 center knife edge blurs into tomato.,TRUE,M,0:01 center knife reflection inconsistent.,FALSE,none,No watermark seen.,TRUE,M,0:01 top-center fingers lack joints.,FALSE,none,No non-human subjects present.,TRUE,M,0:01 center knife blade bends.,FALSE,none,Scene layout is standard.,TRUE,M,0:02 center knife moves non-rigidly.,TRUE,M,0:02 center knife logo shifts.,TRUE,M,0:02 center slice appears abruptly.,TRUE,M,0:02 center knife phases through tomato.,Knife blade bends and phases through the tomato.,Multiple structural and temporal errors.,
pexels_motion_5039493,Pexels,Gemini_3.1_Pro,2026-07-31,AI-generated,70,TRUE,M,Waxy face at 0:02 center.,TRUE,M,Feet merge with board at 0:02 bottom-center.,FALSE,none,No lighting errors.,FALSE,none,No watermark visible.,TRUE,M,Distorted face at 0:02 center.,FALSE,none,No non-human subjects present.,TRUE,M,Gibberish graffiti at 0:00 top-right.,FALSE,none,Normal spatial arrangement.,FALSE,none,Motion unclear from stills.,TRUE,M,Graffiti morphs 0:00 to 0:02 left.,FALSE,none,No continuity errors.,FALSE,none,No physics violations.,Face distortion and graffiti morphing.,Clear AI generation markers.,
pexels_portrait_5045936,Pexels,Gemini_3.1_Pro,2026-07-31,,,,,,,,,,,,,,,,,,,,,,,,,,,,,,,,,,,,,,,,,STATUS: error
