video_id,generator,mllm,batch_date,verdict,confidence,1.1_texture__detected,1.1_texture__severity,1.1_texture__evidence,1.2_boundary__detected,1.2_boundary__severity,1.2_boundary__evidence,1.3_lighting__detected,1.3_lighting__severity,1.3_lighting__evidence,1.4_watermark__detected,1.4_watermark__severity,1.4_watermark__evidence,2.1_human_anatomy__detected,2.1_human_anatomy__severity,2.1_human_anatomy__evidence,2.2_non_human_anatomy__detected,2.2_non_human_anatomy__severity,2.2_non_human_anatomy__evidence,2.3_object_structural__detected,2.3_object_structural__severity,2.3_object_structural__evidence,2.4_scene_composition__detected,2.4_scene_composition__severity,2.4_scene_composition__evidence,3.1_motion__detected,3.1_motion__severity,3.1_motion__evidence,3.2_identity_drift__detected,3.2_identity_drift__severity,3.2_identity_drift__evidence,3.3_continuity__detected,3.3_continuity__severity,3.3_continuity__evidence,3.4_causality__detected,3.4_causality__severity,3.4_causality__evidence,most_diagnostic_artefact,notes,review_flag
w2_001_ltx_20260719_105436,LTX,Qwen_3.5,2026-08-01,AI-generated,95,TRUE,M,"0:00-0:02, skin on face and neck appears overly smooth and waxy, lacking natural pores or fine detail.",TRUE,M,"0:01, hair edges blend softly into the background foliage without clear separation, creating a halo effect.",FALSE,none,Lighting appears consistent with outdoor daylight; no obvious directional errors.,FALSE,none,No visible watermarks or generator logos; minor compression noise present but not indicative of synthesis.,TRUE,H,"0:01-0:02, facial features morph significantly between frames; jawline and nose shape change unnaturally during head movement.",FALSE,none,no non-human subjects present,FALSE,none,Clothing and background objects maintain structural integrity; no distorted mechanics or text.,FALSE,none,Spatial arrangement of trees and bushes is plausible; perspective remains consistent.,TRUE,M,"0:01, head rotation causes unnatural warping of facial structure rather than rigid motion.",TRUE,H,"0:00 to 0:02, subject's face changes shape and expression in ways inconsistent with natural muscle movement; smile becomes distorted.",TRUE,M,"0:01, background foliage shifts slightly out of sync with foreground subject motion, suggesting frame interpolation artifacts.",FALSE,none,No physics violations observed; motion follows expected cause-effect relationships.,Severe facial morphing and identity drift between frames (0:00-0:02) indicating synthetic generation.,Multiple high-severity temporal and anatomical artifacts strongly suggest AI video synthesis despite realistic initial appearance.,
w2_002_ltx_20260719_105611,LTX,Qwen_3.5,2026-08-01,Real,92,FALSE,none,"Skin texture shows natural pores, wrinkles, and specular highlights consistent with real human skin; no waxy or plastic appearance observed.",FALSE,none,Object edges are sharp where in focus and naturally blurred by depth-of-field where out of focus; no haloing or bleeding artifacts.,FALSE,none,Lighting is consistent with indoor ambient sources and window light; shadows fall naturally on the subject's face and clothing.,FALSE,none,"No visible watermarks, logos, or synthetic noise patterns detected in the pixel data.",FALSE,none,"Facial features, including eyes, teeth, and ears, maintain correct anatomical proportions and movement throughout the clip.",FALSE,none,No non-human subjects present.,FALSE,none,"Background objects (chairs, lamps, windows) maintain rigid structure and correct perspective; no morphing or distortion.",FALSE,none,Spatial arrangement of the restaurant interior is logical and physically possible.,FALSE,none,Subject movement and camera shake exhibit natural inertia and optical flow; no jitter or sliding artifacts.,FALSE,none,"Subject's identity, clothing pattern, and hair remain consistent across all frames.",FALSE,none,No objects appear or disappear spontaneously; background elements remain stable relative to camera movement.,FALSE,none,Physical interactions and movements obey standard laws of physics and causality.,no strong artefacts observed,"The video exhibits natural motion blur, consistent lighting, and realistic human micro-expressions typical of handheld camera footage.",
w2_003_ltx_20260719_105639,LTX,Qwen_3.5,2026-08-01,Real,92,FALSE,none,Skin texture shows natural pore detail and micro-variations consistent with real camera capture; no waxy or plastic appearance.,FALSE,none,Edges of the glasses and face are sharp and well-defined against the background; no haloing or dissolution observed.,FALSE,none,Lighting is consistent with natural outdoor conditions; reflections in the glasses match the environment.,FALSE,none,"No visible watermarks, logos, or synthetic noise patterns detected in the frame.",FALSE,none,"Facial features including eyes, nose, and eyebrows are anatomically correct and stable.",FALSE,none,no non-human subjects present,FALSE,none,Glasses maintain correct structural integrity and perspective throughout the clip.,FALSE,none,Spatial arrangement of the subject and background is physically plausible with correct depth of field.,FALSE,none,Subtle head movements and eye shifts are smooth and natural; no jitter or sliding observed.,FALSE,none,Subject's facial features and clothing remain consistent across all frames.,FALSE,none,No objects appear or disappear; lighting and background remain continuous.,FALSE,none,No physics violations or impossible cause-effect relationships observed.,no strong artefacts observed,The video exhibits high-fidelity optical characteristics such as natural depth of field and organic micro-movements that are typical of real camera footage.,
w2_004_ltx_20260719_105708,LTX,Qwen_3.5,2026-08-01,Real,85,FALSE,none,Texture is consistent with frosted glass and natural skin; no waxy or plastic artifacts observed.,FALSE,none,"Soft edges are physically consistent with viewing through a frosted medium, not algorithmic blurring.",FALSE,none,"Lighting is dim and diffuse, consistent with the environment; no impossible shadows or reflections.",FALSE,none,"No visible watermarks, logos, or synthetic noise patterns detected.",FALSE,none,Facial features are obscured by the glass but show no signs of morphing or structural impossibility.,FALSE,none,no non-human subjects present,FALSE,none,No mechanical objects or text present to evaluate for structural defects.,FALSE,none,Spatial arrangement is simple and physically plausible.,FALSE,none,Motion is smooth and consistent with a person leaning in; no jitter or sliding.,FALSE,none,Subject identity remains stable throughout the short clip.,FALSE,none,No objects appear or disappear; lighting remains consistent.,FALSE,none,No physics violations observed.,no strong artefacts observed,"The visual softness and lack of detail are fully explained by the frosted glass foreground element, a common cinematic technique, rather than generative failure.",
w2_005_ltx_20260719_105736,LTX,Qwen_3.5,2026-08-01,AI-generated,85,TRUE,M,"At 0:01, the skin on the hand appears overly smooth and waxy, lacking natural pores or fine detail, particularly on the knuckles.",TRUE,H,"At 0:00 and 0:02, the fingers holding the spoon merge into each other and the spoon handle, with no clear separation between digits or object edges.",FALSE,none,Lighting appears consistent with an outdoor setting; no obvious directional conflicts observed.,FALSE,none,"No visible watermarks, logos, or overlay text indicating generator origin.",TRUE,H,"At 0:00, the hand holding the spoon shows fused fingers and an impossible grip structure where the thumb and index finger appear to melt together.",FALSE,none,no non-human subjects present,TRUE,M,"At 0:01, the spoon bowl appears to distort and change shape slightly as it enters the mouth, lacking rigid structural integrity.",FALSE,none,Background blur is consistent with depth of field; no impossible spatial arrangements detected.,TRUE,M,"At 0:01-0:02, the motion of the spoon into the mouth is slightly jerky and non-linear, suggesting frame interpolation artifacts.",FALSE,none,Facial features and clothing remain consistent across frames; no morphing observed.,FALSE,none,No objects appear or disappear unexpectedly; lighting remains stable throughout the short clip.,FALSE,none,No violations of physics or causality observed in the eating action.,Severe hand anatomy defects with fused fingers and impossible grip structure visible at 0:00.,The hand-spoon interaction exhibits multiple high-severity structural failures typical of current text-to-video models struggling with fine motor actions.,
w2_006_ltx_20260719_105804,LTX,Qwen_3.5,2026-08-01,Real,85,FALSE,none,Skin texture and fabric weave appear natural with appropriate noise and detail.,FALSE,none,Object edges are sharp and consistent with optical depth of field; no haloing or bleeding observed.,FALSE,none,Lighting is consistent with a warm indoor source; shadows fall naturally under the hands and laptop.,FALSE,none,"No visible watermarks, logos, or synthetic noise patterns detected.",FALSE,none,Hands display correct finger count and joint articulation; no merging or distortion visible.,FALSE,none,no non-human subjects present,FALSE,none,Laptop keyboard layout and screen bezel appear structurally sound and realistic.,FALSE,none,"Spatial arrangement of laptop, hands, and background objects follows logical perspective.",FALSE,none,Typing motion is fluid and physically plausible; no jitter or sliding observed.,FALSE,none,Hand appearance and clothing remain consistent throughout the clip.,FALSE,none,No objects appear or disappear; background remains stable.,FALSE,none,Physical interactions between fingers and keys obey standard mechanics.,no strong artefacts observed,"The video exhibits natural camera noise, consistent lighting, and physically accurate hand movements typical of real footage.",
w2_007_ltx_20260719_105832,LTX,Qwen_3.5,2026-08-01,AI-generated,95,TRUE,M,"At 0:01, the liquid surface lacks fine specular highlights and appears overly smooth and plastic-like compared to real coffee foam.",TRUE,H,"At 0:01-0:02, the boundary between the pouring stream and the receiving cup dissolves into a blurry, merged mass rather than distinct fluid dynamics.",FALSE,none,"Lighting appears consistent with a kitchen environment, though shadows are soft.",FALSE,none,No visible watermarks or logos present.,TRUE,H,"At 0:01-0:02, the hand holding the pitcher exhibits severe structural failure; fingers appear to merge into the glass handle and the wrist joint bends at an impossible angle.",FALSE,none,No non-human subjects present.,TRUE,H,"At 0:02, the glass pitcher being poured from loses its structural integrity, appearing to melt or warp into the stream of liquid, defying rigid object physics.",FALSE,none,Scene layout is standard for a kitchen counter.,TRUE,H,"At 0:01-0:02, the motion of the liquid is non-physical; the stream does not flow naturally but rather smears and morphs into the cup contents.",TRUE,M,"At 0:02, the shape of the pouring vessel changes mid-action, shifting from a defined pitcher shape to an amorphous blob.",TRUE,H,"At 0:02, the liquid levels and container shapes change abruptly without continuous flow, indicating a failure in temporal consistency.",TRUE,H,"At 0:02, the cause-effect relationship of pouring is violated as the liquid stream and the container merge into a single solid mass rather than maintaining separate fluid and container states.","The hand and pitcher merge into a single melting mass at 0:02, violating rigid body physics and anatomical structure.","The video exhibits classic generative AI failures in fluid dynamics and object permanence, particularly where the hand interacts with the glass object.",
w2_008_ltx_20260719_105901,LTX,Qwen_3.5,2026-08-01,Real,85,FALSE,none,Skin texture and fabric weave on the sleeve appear natural with appropriate noise and detail.,FALSE,none,Object edges are sharp where in focus and naturally blurred by depth of field where out of focus; no haloing or bleeding.,FALSE,none,"Lighting is consistent with an outdoor environment, casting natural shadows on the hands and tree bark.",FALSE,none,"No visible watermarks, logos, or synthetic noise patterns detected.",FALSE,none,"Hand structure, finger count, and joint movement appear anatomically correct and natural.",FALSE,none,No non-human subjects present.,FALSE,none,The rope and tree bark maintain consistent structural integrity and scale.,FALSE,none,"Spatial arrangement of hands, rope, and tree is physically plausible.",FALSE,none,"Motion of the hands tying the knot is fluid, with correct physics and no jitter.",FALSE,none,"No changes in clothing pattern, skin tone, or object identity across frames.",FALSE,none,The action of tying the knot proceeds continuously without objects appearing or disappearing.,FALSE,none,Physical interaction between hands and rope follows standard cause-and-effect physics.,no strong artefacts observed,"The video exhibits natural depth of field, realistic lighting, and fluid motion characteristic of real camera footage.",
w2_009_ltx_20260719_105929,LTX,Qwen_3.5,2026-08-01,Real,85,FALSE,none,no texture defects; natural film grain and depth of field blur observed,FALSE,none,"boundaries consistent with optical defocus, no AI haloing or edge dissolution",FALSE,none,"lighting is consistent with a single indoor source, shadows behave naturally",FALSE,none,"no watermarks, logos, or synthetic noise patterns visible",FALSE,none,hand structure and grip on pen appear anatomically correct despite motion blur,FALSE,none,no non-human subjects present,FALSE,none,"notebook and pen maintain structural integrity, no warping or gibberish text",FALSE,none,"spatial arrangement of hand, pen, and book is physically plausible",FALSE,none,"motion blur is consistent with camera shutter speed, no jitter or sliding",FALSE,none,objects maintain consistent identity and appearance throughout the clip,FALSE,none,"no objects appear or disappear unexpectedly, lighting remains stable",FALSE,none,physics of writing and hand movement are natural and causal,no strong artefacts observed,"The video exhibits characteristics of real optical footage, including natural depth of field and motion blur, with no signs of generative synthesis.",
w2_010_ltx_20260719_105957,LTX,Qwen_3.5,2026-08-01,Real,92,FALSE,none,Skin texture and paper fibers appear natural with appropriate detail; no waxy or plastic look observed.,FALSE,none,Object edges are sharp and consistent with optical focus; no haloing or bleeding detected.,FALSE,none,Shadows cast by hands and paper are consistent with a single overhead light source; reflections on the table are physically accurate.,FALSE,none,"No visible watermarks, logos, or synthetic noise patterns detected in the pixel data.",FALSE,none,"Hand structure, finger count, and joint movements are anatomically correct throughout the manipulation of the paper.",FALSE,none,No non-human subjects present.,FALSE,none,Paper folds and crumples according to physical laws; no distortion or impossible topology observed.,FALSE,none,"Spatial arrangement of hands, paper, and table is consistent and logical.",FALSE,none,Motion blur is consistent with camera shutter speed and object velocity; no jitter or sliding artifacts.,FALSE,none,The paper and hands maintain consistent appearance and identity across all frames.,FALSE,none,No objects appear or disappear unexpectedly; lighting remains stable.,FALSE,none,Physical interactions between hands and paper follow standard cause-and-effect physics.,no strong artefacts observed,The video displays natural motion blur and consistent lighting physics typical of real-world camera capture.,
w2_011_ltx_20260719_110026,LTX,Qwen_3.5,2026-08-01,Real,92,FALSE,none,Natural skin texture and fabric details visible; no waxy or plastic appearance.,FALSE,none,Sharp edges on subjects and background objects; no haloing or bleeding.,FALSE,none,Consistent outdoor lighting with natural shadows cast by subjects and vehicles.,FALSE,none,"No visible watermarks, logos, or synthetic noise patterns.",FALSE,none,"All subjects display correct limb counts, facial proportions, and hand structures.",FALSE,none,no non-human subjects present,FALSE,none,Vehicles and street infrastructure maintain correct geometry and scale.,FALSE,none,Perspective and spatial arrangement of street scene are physically consistent.,FALSE,none,Walking gait and vehicle movement appear natural with correct physics.,FALSE,none,Subject identities and clothing patterns remain stable throughout the clip.,FALSE,none,No objects appear or disappear; background motion is consistent with camera movement.,FALSE,none,Physical interactions and movements follow standard cause-and-effect logic.,no strong artefacts observed,"The video exhibits natural motion blur, consistent lighting, and realistic human movement typical of handheld camera footage.",
w2_012_ltx_20260719_110054,LTX,Qwen_3.5,2026-08-01,AI-generated,92,TRUE,M,"0:00 - 0:02, background shelves and objects appear as indistinct, waxy blobs lacking fine detail or texture definition.",TRUE,H,"0:00 - 0:02, severe haloing and bleeding around the subjects, particularly the man in the light blue shirt on the right, whose edges dissolve into the background.",TRUE,M,"0:00 - 0:02, lighting is globally flat and inconsistent; shadows do not align with the apparent light sources, and the room has a muddy, non-physical illumination.",FALSE,none,No visible watermarks or logos detected.,TRUE,H,"0:00 - 0:02, faces are heavily distorted and lack distinct features (eyes, noses, mouths); the man on the right has a smeared, shifting facial structure.",FALSE,none,No non-human subjects present.,TRUE,H,"0:00 - 0:02, tableware and food items are unrecognizable, merging into each other as amorphous shapes rather than distinct objects.",TRUE,M,"0:00 - 0:02, spatial arrangement is illogical; chairs and people seem to float or merge with the table surface without clear support.",TRUE,H,"0:00 - 0:02, extreme jitter and warping of stationary objects; the background shelves and people's heads wobble unnaturally.",TRUE,H,"0:00 - 0:02, the man's face on the right changes shape and position significantly between frames, indicating identity instability.",TRUE,M,"0:00 - 0:02, objects on the table appear and disappear or change form abruptly between frames without physical cause.",TRUE,M,"0:00 - 0:02, people's movements do not correspond to realistic interaction with objects; hands pass through or merge with items on the table.",Severe facial distortion and boundary bleeding around human subjects combined with non-rigid motion of static background elements.,"The video exhibits classic text-to-video failure modes including temporal instability, anatomical incoherence, and object merging, consistent with early generative video models.",
w2_013_ltx_20260719_110122,LTX,Qwen_3.5,2026-08-01,AI-generated,95,TRUE,M,"0:00 - Skin on all subjects appears overly smooth and waxy, lacking natural pores or fine detail, particularly visible on the man in the blue jacket on the left.",TRUE,H,"0:01 - Severe haloing and edge bleeding around the subjects, especially where the man in the red sweater meets the background wall; edges appear to shimmer and dissolve.",TRUE,M,0:00 - Reflections on the glossy table surface do not match the positions of the people or the overhead lights; shadows under the chairs are inconsistent with the light source direction.,FALSE,none,No visible watermarks or logos present.,TRUE,H,0:01 - The man in the red sweater has a distorted face with merged features; the man on the far left has hands that appear fused together or missing distinct fingers while gesturing.,FALSE,none,No non-human subjects present.,TRUE,H,"0:00 - The whiteboard text is illegible gibberish scribbles; the window frame in the background has warped, non-rectilinear geometry.",TRUE,M,"0:02 - The table in the foreground has an impossible, melting shape that defies standard furniture design; chairs merge into the floor.",TRUE,H,"0:00-0:02 - The entire scene exhibits a constant, fluid 'warping' motion where static objects like the walls and whiteboard breathe and shift;人物 movements are jerky and unnatural.",TRUE,M,0:01 - The facial features of the person in the red sweater shift and morph slightly between frames; the pattern on the blue jacket changes texture.,TRUE,H,0:00-0:02 - Objects on the table appear to phase in and out of existence or change shape spontaneously; the reflection in the table does not maintain continuity with the objects above it.,TRUE,M,0:01 - Hand gestures do not result in logical interaction with objects; the person in red appears to touch their face but the hand passes through or merges with the head.,"Severe structural distortion of the scene geometry and human anatomy, including melting tables and fused hands, combined with constant temporal warping of static background elements.","The video exhibits classic generative video failure modes including gibberish text, morphing faces, and non-rigid motion of rigid objects.",
w2_014_ltx_20260719_110151,LTX,Qwen_3.5,2026-08-01,AI-generated,95,TRUE,M,"At 0:01, the grass texture appears overly smooth and painterly, lacking individual blade definition, particularly in the foreground.",TRUE,H,"At 0:02, the rear wheel of the left bicycle dissolves into the grass, and the rider's legs merge with the bike frame without clear edges.",TRUE,M,"At 0:00, shadows under the bicycles are inconsistent; the left bike casts a shadow that does not align with the light source direction suggested by the trees.",FALSE,none,No visible watermarks or logos present.,TRUE,H,"At 0:01, the left rider's right leg appears to pass through the bicycle frame, and the foot placement on the pedal is anatomically impossible.",FALSE,none,No non-human subjects present.,TRUE,H,"At 0:02, the bicycle frames distort and warp as the riders move, with handlebars and wheels changing shape unnaturally.",TRUE,M,"At 0:00, the perspective of the path in the background does not align with the foreground grass, creating a spatial disconnect.",TRUE,H,"Throughout 0:00-0:02, the bicycles exhibit non-rigid motion, with wheels wobbling and frames bending as if made of rubber.",TRUE,M,"At 0:01 to 0:02, the pattern on the right rider's shirt shifts and changes color slightly between frames.",TRUE,M,"At 0:02, the left rider's position relative to the handlebars jumps abruptly, suggesting a continuity error in motion.",TRUE,H,"At 0:01, the left rider's leg passes through the solid bicycle frame, violating physical causality and object solidity.","The left rider's leg passing through the bicycle frame at 0:01, violating physical causality and object solidity.","Multiple severe structural and temporal artefacts indicate AI generation, particularly the impossible interactions between riders and bicycles.",
w2_015_ltx_20260719_110219,LTX,Qwen_3.5,2026-08-01,AI-generated,92,TRUE,M,"0:00 - 0:02: The ground cover (leaves and dirt) exhibits a repetitive, smudged texture lacking individual leaf definition, characteristic of generative fill.",TRUE,M,0:00 - 0:02: The edges of the bench legs blend softly into the ground without clear contact shadows or distinct boundaries.,FALSE,none,Lighting appears consistent with an overcast day; no obvious directional conflicts observed.,FALSE,none,No visible watermarks or logos present in the frame.,TRUE,H,"0:00 - 0:02: The person on the right has a distorted upper body structure; the arm appears to merge directly into the torso without a defined shoulder joint, and the hand holding the bag is indistinct.",FALSE,none,No non-human subjects present.,TRUE,H,"0:00 - 0:02: The wooden bench lacks structural logic; the seat planks appear to warp and merge into the legs, and the rightmost leg seems to dissolve into the leaf litter.",TRUE,M,"0:00 - 0:02: The background building windows show irregular, non-rectangular shapes that do not align with standard architectural perspective.",TRUE,L,"0:00 - 0:02: Subtle shimmering and warping in the tree foliage and background grass, indicating temporal instability.",FALSE,none,Subject identities and clothing patterns remain stable throughout the short clip.,FALSE,none,No objects appear or disappear; scene remains continuous.,FALSE,none,No physics violations observed in the static sitting pose.,The structural failure of the bench legs merging into the ground and the distorted anatomy of the person on the right are definitive markers of AI generation.,The video displays classic text-to-video artifacts including texture smearing on the ground and structural incoherence in man-made objects.,
w2_016_ltx_20260719_110247,LTX,Qwen_3.5,2026-08-01,Real,85,FALSE,none,Grass texture shows natural variation and noise consistent with real camera footage; no waxy or plastic appearance.,FALSE,none,"Object edges are defined by motion blur typical of high-speed tracking shots, not synthesis halos or bleeding.",FALSE,none,Lighting is consistent with outdoor stadium conditions; shadows and highlights on the ball match the environment.,FALSE,none,"No visible watermarks, logos, or synthetic noise patterns detected in the pixel data.",FALSE,none,"Human figures in the background are distant and blurry due to depth of field, but show no obvious anatomical distortions.",FALSE,none,No non-human subjects present.,FALSE,none,The soccer ball maintains correct spherical topology and panel structure throughout the rotation.,FALSE,none,Perspective and spatial arrangement of the field lines and players are physically plausible.,FALSE,none,Ball trajectory and rolling physics appear natural; motion blur is consistent with camera movement.,FALSE,none,The ball's pattern remains consistent as it rotates; no texture morphing observed.,FALSE,none,No objects appear or disappear unexpectedly; scene continuity is maintained.,FALSE,none,Physics of the ball bouncing and rolling on grass adhere to real-world causality.,no strong artefacts observed,"The video exhibits characteristics of a real camera recording, including natural motion blur, consistent lighting, and physically accurate object dynamics.",
w2_017_ltx_20260719_110316,LTX,Qwen_3.5,2026-08-01,Real,85,FALSE,none,No texture defects observed; natural grain and blur consistent with low-light video capture.,FALSE,none,"Edges are soft due to motion blur and low resolution, but no AI-style haloing or dissolution detected.",FALSE,none,Lighting is consistent with a sunset scene; reflections on water and wet sand appear physically accurate.,FALSE,none,"No visible watermarks, logos, or synthetic noise patterns detected.",FALSE,none,Subject is silhouetted and distant; no anatomical distortions visible despite low detail.,FALSE,none,no non-human subjects present,FALSE,none,Waves and shoreline maintain structural integrity; no impossible geometries observed.,FALSE,none,"Perspective and spatial arrangement of beach, ocean, and horizon are natural and consistent.",FALSE,none,Motion blur is consistent with camera panning and subject movement; no jitter or non-rigid motion artifacts.,FALSE,none,Subject appearance remains consistent throughout the short clip; no morphing or pattern shifting.,FALSE,none,Wave motion and subject movement are continuous; no sudden appearances or disappearances.,FALSE,none,Physics of water and running motion appear natural; no causality violations observed.,no strong artefacts observed,"The video exhibits characteristics of a genuine low-resolution recording, including natural motion blur and sensor noise, with no indicators of generative synthesis.",
w2_018_ltx_20260719_110344,LTX,Qwen_3.5,2026-08-01,Real,92,FALSE,none,no texture defects; natural grain and motion blur consistent with real camera capture,FALSE,none,"edges are sharp where in focus, soft only due to motion blur — physically plausible",FALSE,none,lighting is consistent with overcast daylight; shadows match subject position and movement,FALSE,none,"no watermarks, logos, or synthetic noise patterns visible",FALSE,none,skater’s body proportions and limb positions are anatomically correct throughout motion,FALSE,none,no non-human subjects present,FALSE,none,skateboard and ramp structures maintain consistent geometry and scale,FALSE,none,spatial layout of skatepark elements is coherent and perspective-consistent,FALSE,none,motion blur and acceleration are physically accurate for skateboarding dynamics,FALSE,none,"clothing, skin tone, and object colors remain stable across frames",FALSE,none,no objects appear/disappear unexpectedly; background motion matches foreground parallax,FALSE,none,"physics of jump, landing, and board control follow real-world mechanics",no strong artefacts observed,"Video exhibits natural motion blur, consistent lighting, and physically plausible skateboarding dynamics — all indicative of real-world capture.",
w2_019_ltx_20260719_110413,LTX,Qwen_3.5,2026-08-01,Uncertain,45,FALSE,none,No distinct textures visible due to heavy motion blur and low resolution; water surface lacks specific detail but this is consistent with camera shake.,FALSE,none,No distinct object boundaries to evaluate; edges are blurred by motion.,FALSE,none,"Lighting appears consistent with an outdoor water scene, though low contrast prevents detailed analysis.",FALSE,none,"No visible watermarks, logos, or overlay text detected in any frame.",FALSE,none,No human subjects present in the video.,FALSE,none,No non-human subjects present.,FALSE,none,No distinct mechanical objects or text visible to evaluate for structural integrity.,FALSE,none,Scene is a close-up of water; no spatial arrangement anomalies detected.,FALSE,none,"Motion is chaotic and blurry, consistent with a handheld camera moving over water; no specific non-rigid motion of rigid objects observed.",FALSE,none,No persistent objects or identities to track for drift.,FALSE,none,No objects appearing or disappearing inexplicably; flow of water appears continuous.,FALSE,none,Water movement follows expected fluid dynamics; no physics violations observed.,no strong artefacts observed,"The video quality is extremely low with significant motion blur, making definitive analysis difficult. The content resembles real footage of water taken with a shaky camera or low-quality sensor, but the lack of detail prevents high-confidence verification.",
w2_020_ltx_20260719_110441,LTX,Qwen_3.5,2026-08-01,Real,92,FALSE,none,Clay court texture exhibits natural granular variation and wear patterns consistent with real footage; no waxy or repetitive artifacts observed.,FALSE,none,"Object edges (ball, lines, player legs) show natural motion blur and optical softness typical of handheld camera capture, not AI haloing or dissolution.",FALSE,none,Lighting is consistent with indoor stadium illumination; shadows and highlights behave physically across frames.,FALSE,none,"No visible watermarks, logos, or synthetic noise patterns; background signage shows partial text but no generator branding.",FALSE,none,Only lower legs and feet of a person are visible; no anatomical distortions or impossible joint angles observed in limited view.,FALSE,none,no non-human subjects present,FALSE,none,Tennis ball and court lines maintain correct scale and topology; no gibberish text or distorted objects detected.,FALSE,none,"Perspective and spatial layout of court, net, and spectator area are physically plausible and consistent with real tennis venue.",FALSE,none,Ball trajectory and bounce follow expected physics; camera pan and object motion exhibit natural acceleration and deceleration.,FALSE,none,"Ball maintains consistent size, color, and shape throughout flight; no morphing or pattern shifting observed.",FALSE,none,No objects appear or disappear unexpectedly; lighting and background remain stable across shot duration.,FALSE,none,Ball bounce and roll obey gravity and momentum; no causality violations such as reverse motion or matter conservation errors.,no strong artefacts observed,"Video displays natural motion blur, realistic clay texture, and physically accurate ball dynamics consistent with authentic handheld sports footage.",
w2_021_ltx_20260719_110510,LTX,Qwen_3.5,2026-08-01,AI-generated,95,TRUE,H,"At 0:00, the books on the shelves appear as indistinct, waxy vertical smears rather than individual objects with spines; the pavement texture is unnaturally smooth and repetitive.",TRUE,H,"At 0:01, the edges of the bookshelf unit on the right dissolve into the background; the awning on the right has a soft, melting boundary with no clear structural support.",TRUE,M,"At 0:02, the shadows under the awning do not correspond to the light source illuminating the street; the interior of the shop is brightly lit but casts no light onto the sidewalk.",FALSE,none,No visible watermarks or logos present.,TRUE,H,"At 0:01, the walking figure has no discernible legs or feet; the lower body merges into a dark, shapeless blob that slides across the ground.",FALSE,none,No non-human subjects present.,TRUE,H,"At 0:00, the text on the green sign above the shop is complete gibberish, consisting of repetitive, non-linguistic squiggles; the book spines are illegible blobs.",TRUE,M,"At 0:02, the perspective of the bookshelf on the left is inconsistent with the building facade; objects seem to float without logical placement.",TRUE,H,"Throughout 0:00-0:02, the human figure exhibits severe foot sliding, moving forward without any leg articulation; the camera movement causes the entire scene to warp and ripple.",TRUE,M,"At 0:01, the pattern on the books in the central shelf shifts and morphs as the camera moves, indicating texture instability.",TRUE,M,"At 0:02, the shape of the awning on the right changes slightly in structure as the view shifts, lacking rigid consistency.",FALSE,none,No specific causality violations observed beyond general motion artifacts.,"The human figure walks with a sliding motion lacking leg movement, and the text on the storefront sign is rendered as illegible gibberish.","The video exhibits classic text-to-video failure modes, particularly in rendering text, human locomotion, and rigid object permanence.",
w2_022_ltx_20260719_110538,LTX,Qwen_3.5,2026-08-01,AI-generated,95,TRUE,H,"0:00-0:02: The entire scene exhibits a smeared, painterly texture. The papers on the desk lack individual sheet definition, merging into a single wavy mass. The black surface of the desk has distorted, liquid-like reflections rather than sharp specular highlights.",TRUE,H,"0:01-0:02: The figure walking past has no distinct edges; the body dissolves into the background and the desk surface. The separation between the person's legs and the desk front is non-existent, appearing as a blended smear.",TRUE,M,"0:00-0:02: Lighting is inconsistent with the geometry. The white papers appear self-illuminated or flat, casting no discernible shadows on the desk or each other, while the dark desk surface shows bright, unexplained highlights.",FALSE,none,No visible watermarks or generator logos observed.,TRUE,H,0:01-0:02: The human figure is severely distorted. The head is a featureless brown blur. The torso and legs merge into a single column without defined joints or clothing details. The feet dissolve into the floor/desk area.,FALSE,none,No non-human subjects present.,TRUE,H,"0:00-0:02: The stack of papers on the desk defies structural logic, appearing to melt and warp. The text on the black panel below the desk is gibberish, with characters that are malformed and illegible.",TRUE,M,"0:00-0:02: Spatial relationships are ambiguous. The figure appears to walk 'through' or merge with the front of the desk rather than passing in front of it, creating an impossible spatial arrangement.",TRUE,H,"0:01-0:02: The motion of the walking figure is fluid to the point of liquefaction. The body stretches and compresses unnaturally, lacking the rigid structure of a human skeleton during movement.",TRUE,M,"0:01-0:02: The appearance of the figure changes rapidly between frames, shifting from a vague humanoid shape to a formless streak, indicating instability in object identity.",TRUE,M,"0:00-0:02: The background elements (papers) exhibit subtle warping and shifting even when the camera is relatively static, suggesting a lack of temporal consistency in the scene geometry.",TRUE,M,"0:01-0:02: The interaction between the walking figure and the environment violates causality; the figure does not occlude the desk but rather blends with it, suggesting a failure of physical object permanence.","The human figure completely lacks structural integrity, appearing as a melting, fluid shape that merges with the background rather than a solid object moving through space.","The video displays classic signs of early or low-quality video generation, characterized by extreme temporal smoothing that turns rigid objects into fluid forms and a complete inability to render coherent text or human anatomy.",
w2_023_ltx_20260719_110606,LTX,Qwen_3.5,2026-08-01,Real,92,FALSE,none,"no texture defects; brick, wood, and fabric textures appear natural and varied",FALSE,none,"object edges are sharp and consistent with optical blur from motion or focus, not AI haloing",FALSE,none,lighting is consistent with evening ambient light and artificial fixtures; shadows behave physically,FALSE,none,"no visible watermarks, logos, or synthetic noise patterns",FALSE,none,human figures show normal proportions and limb structure; no face or hand distortions,FALSE,none,no non-human subjects present,FALSE,none,"signs, doors, plants, and furniture maintain correct structure and scale",FALSE,none,spatial layout is coherent; perspective and object placement are physically plausible,FALSE,none,motion is smooth and consistent with handheld camera movement; no jitter or non-rigid warping,FALSE,none,no identity or clothing changes across frames; objects remain stable,FALSE,none,no objects appear/disappear unexpectedly; lighting and background remain continuous,FALSE,none,"all physical interactions (walking, door opening) follow expected cause-effect relationships",no strong artefacts observed,"Video exhibits natural motion blur, realistic lighting gradients, and coherent spatial relationships typical of real-world capture.",
w2_024_ltx_20260719_110635,LTX,Qwen_3.5,2026-08-01,Real,92,FALSE,none,no texture defects observed; concrete and fabric textures appear natural and consistent with real-world camera noise,FALSE,none,object edges are sharp and physically plausible; no haloing or bleeding around subjects or signs,FALSE,none,lighting is consistent with indoor fluorescent sources; shadows fall correctly under benches and pillars,FALSE,none,"no visible watermarks, logos, or synthetic frequency patterns; image exhibits natural sensor noise",FALSE,none,human figures show correct proportions and limb counts; no face or hand distortions visible,FALSE,none,no non-human subjects present,FALSE,none,signage text is legible and structurally sound; furniture and architectural elements maintain correct geometry,FALSE,none,spatial layout is coherent; perspective lines converge naturally; no missing or floating objects,FALSE,none,motion of person walking is smooth and physically accurate; no jitter or sliding feet,FALSE,none,"clothing, skin tone, and object colors remain stable across frames; no morphing or shifting patterns",FALSE,none,no objects appear or disappear unexpectedly; lighting and background remain temporally consistent,FALSE,none,"all motion and interactions obey physical laws; no violations of gravity, momentum, or cause-effect",no strong artefacts observed,"Video exhibits natural camera motion, realistic lighting falloff, and consistent human movement — all indicative of real-world capture.",
w2_025_ltx_20260719_110703,LTX,Qwen_3.5,2026-08-01,Real,95,FALSE,none,no texture defects observed; skin and board surface appear natural,FALSE,none,edges of hand and marker are sharp and consistent with real-world optics,FALSE,none,lighting is consistent with indoor fluorescent source; shadows behave physically,FALSE,none,"no watermarks, logos, or synthetic noise patterns visible",FALSE,none,"hand structure, finger count, and grip on marker are anatomically correct",FALSE,none,no non-human subjects present,FALSE,none,"whiteboard, marker, and written text maintain structural integrity; no gibberish or distortion",FALSE,none,"spatial layout of board, wall, and hand is physically plausible",FALSE,none,hand motion during writing is smooth and biomechanically accurate,FALSE,none,"no morphing of hand, marker, or text between frames",FALSE,none,writing progresses continuously without object appearance/disappearance or lighting jumps,FALSE,none,ink appears only where marker contacts board; no physics violations,no strong artefacts observed,"Video exhibits natural camera shake, realistic ink deposition, and coherent human motion — all consistent with real-world recording.",
w2_026_ltx_20260719_110731,LTX,Qwen_3.5,2026-08-01,Real,85,FALSE,none,No texture defects observed; natural film grain and blur consistent with camera focus.,FALSE,none,"Boundaries are soft due to motion blur and shallow depth of field, typical of real camera optics.",FALSE,none,Lighting is consistent with a kitchen environment; shadows behave naturally.,FALSE,none,No watermarks or synthetic noise patterns visible.,FALSE,none,Hands appear anatomically correct despite motion blur; no extra fingers or distortions.,FALSE,none,no non-human subjects present,FALSE,none,Knife and vegetables maintain structural integrity; no morphing or gibberish text.,FALSE,none,Spatial arrangement of kitchen items is logical and perspective is consistent.,FALSE,none,Motion blur is directional and consistent with the speed of the chopping action.,FALSE,none,Objects and hands maintain consistent appearance throughout the clip.,FALSE,none,No objects appear or disappear inexplicably; background remains stable.,FALSE,none,Physics of chopping and vegetable movement are realistic.,no strong artefacts observed,"The video exhibits natural optical characteristics such as motion blur and shallow depth of field, with no signs of AI synthesis.",
w2_027_ltx_20260719_110800,LTX,Qwen_3.5,2026-08-01,Real,85,FALSE,none,no texture defects observed; fabric and skin textures appear natural with appropriate detail,FALSE,none,"edges are sharp and consistent with optical blur from motion, not AI synthesis artifacts",FALSE,none,lighting is consistent with a single overhead source casting plausible shadows on the loom and hands,FALSE,none,"no watermarks, logos, or synthetic noise patterns visible in any frame",FALSE,none,"hands and arms show correct anatomy, finger count, and joint movement during weaving motion",FALSE,none,no non-human subjects present,FALSE,none,"loom structure, threads, and shuttle are mechanically plausible and correctly scaled",FALSE,none,"spatial arrangement of hands, loom, and threads is physically coherent and perspective-consistent",FALSE,none,motion blur is consistent with real camera capture of fast hand movements; no jitter or non-rigid deformation,FALSE,none,"no morphing of hands, clothing, or objects across frames; identity remains stable",FALSE,none,no objects appear/disappear unexpectedly; lighting and background remain consistent throughout,FALSE,none,thread manipulation follows physical cause-effect; no violations of gravity or material conservation,no strong artefacts observed,"Video exhibits natural motion blur, consistent lighting, and anatomically correct human interaction with a physical loom — all indicative of real-world capture.",
w2_028_ltx_20260719_110828,LTX,Qwen_3.5,2026-08-01,Uncertain,45,FALSE,none,no distinct textures visible due to extreme blur,FALSE,none,no clear object boundaries to evaluate,FALSE,none,lighting appears consistent with overcast outdoor scene,FALSE,none,no watermarks or synthetic noise patterns visible,FALSE,none,no human subjects present,FALSE,none,no non-human subjects present,FALSE,none,no discernible objects to evaluate structure,FALSE,none,composition too blurred to assess spatial logic,FALSE,none,motion is minimal and consistent with camera shake or wind,FALSE,none,no identifiable objects to track for drift,FALSE,none,no discontinuities observed in this short clip,FALSE,none,no causal events depicted to violate physics,no strong artefacts observed,Video is extremely out-of-focus; lacks sufficient detail to confirm or deny AI generation. Could be real footage through a dirty or fogged window.,
w2_029_ltx_20260719_110856,LTX,Qwen_3.5,2026-08-01,Real,85,FALSE,none,No texture defects observed; clay and skin textures appear natural despite motion blur.,FALSE,none,Boundaries are consistent with optical motion blur; no haloing or dissolution artifacts.,FALSE,none,Lighting is consistent with a single overhead source; shadows behave naturally.,FALSE,none,"No watermarks, logos, or synthetic noise patterns visible.",FALSE,none,Hands and arms show correct anatomy and proportion; finger movement is fluid and realistic.,FALSE,none,no non-human subjects present,FALSE,none,Pottery wheel and clay maintain structural integrity; no distortion or impossible geometry.,FALSE,none,Scene composition is logical; perspective and object placement are consistent.,FALSE,none,Motion blur is consistent with high-speed rotation; no jitter or non-rigid motion artifacts.,FALSE,none,No identity drift; hands and clay maintain consistent appearance throughout.,FALSE,none,No continuity errors; action flows logically from frame to frame.,FALSE,none,Physics are respected; clay deforms under pressure as expected.,no strong artefacts observed,The video exhibits natural motion blur and lighting consistent with real-world camera capture of a fast-moving subject.,
w2_030_ltx_20260719_110925,LTX,Qwen_3.5,2026-08-01,Real,85,FALSE,none,no texture defects; skin and glass show natural detail,FALSE,none,"edges are sharp where in focus, natural depth of field blur elsewhere",FALSE,none,"lighting is consistent with indoor ambient light, no impossible shadows",FALSE,none,no watermarks or synthetic noise patterns visible,FALSE,none,"hand structure is anatomically correct, fingers grip naturally",FALSE,none,no non-human subjects present,FALSE,none,glass and liquid behave physically correctly,FALSE,none,spatial arrangement is logical for a close-up shot,FALSE,none,motion is smooth and consistent with handheld camera movement,FALSE,none,objects maintain consistent appearance throughout,FALSE,none,no objects appear or disappear unexpectedly,FALSE,none,physics of liquid and hand movement are realistic,no strong artefacts observed,Video exhibits natural camera focus pulling and realistic lighting interactions typical of optical photography.,
w2_031_ltx_20260719_110953,LTX,Qwen_3.5,2026-08-01,Real,85,FALSE,none,Fur texture appears natural with appropriate detail for the resolution; no waxy or plastic look observed.,FALSE,none,Edges are consistent with motion blur from a panning camera; no haloing or dissolution artifacts.,FALSE,none,Lighting is consistent with outdoor sunlight; shadows fall naturally beneath the dog.,FALSE,none,"No visible watermarks, logos, or synthetic noise patterns detected.",FALSE,none,No human subjects present in the video.,FALSE,none,"Dog anatomy is correct; four legs, proper head shape, and natural tail movement observed throughout.",FALSE,none,No mechanical objects or text present to evaluate; environment structures appear stable.,FALSE,none,Perspective and spatial arrangement of grass and trees are physically plausible.,FALSE,none,Dog's gait is biomechanically accurate; no foot sliding or jittery motion detected.,FALSE,none,Dog's appearance remains consistent across all frames; no morphing or pattern shifting.,FALSE,none,Background moves consistently with camera pan; no objects appear or disappear unexpectedly.,FALSE,none,Physics of movement and interaction with the ground appear natural and causal.,no strong artefacts observed,"The video exhibits characteristics of real footage, including natural motion blur and consistent lighting, with no signs of generative AI defects.",
w2_032_ltx_20260719_111021,LTX,Qwen_3.5,2026-08-01,Real,92,FALSE,none,Fur texture appears natural with appropriate lighting variation; no waxy or plastic artifacts observed.,FALSE,none,Edges of the cat and window frame are sharp and consistent with optical focus; no haloing or bleeding detected.,FALSE,none,Lighting direction from the window is consistent with shadows cast on the cat and sill; no impossible reflections or mismatches.,FALSE,none,"No visible watermarks, logos, or synthetic noise patterns detected in any frame.",FALSE,none,No human subjects present in the video.,FALSE,none,"Cat anatomy is correct; limb count, ear shape, and facial features are biologically accurate.",FALSE,none,"Window frame, curtain, and exterior buildings maintain correct structural integrity and perspective.",FALSE,none,Spatial arrangement of indoor and outdoor elements follows logical perspective and depth cues.,FALSE,none,Cat movement is minimal but natural; no jitter or non-rigid motion of static objects observed.,FALSE,none,"Cat's appearance, fur pattern, and eye color remain consistent across all frames.",FALSE,none,No objects appear or disappear; background elements remain stable throughout the clip.,FALSE,none,Physics of light and shadow behave consistently; no violations of gravity or momentum observed.,no strong artefacts observed,"The video exhibits natural lighting, consistent anatomy, and stable composition typical of real-world camera capture.",
w2_033_ltx_20260719_111050,LTX,Qwen_3.5,2026-08-01,AI-generated,85,TRUE,M,"0:00-0:02, the horse's coat lacks fine hair detail and appears as a smooth, plastic-like silhouette; the grass is a uniform blur without individual blade definition.",TRUE,M,"0:00-0:02, the edges of the horse are unnaturally soft and bleed into the background, lacking the sharp occlusion boundaries expected in a real camera capture.",FALSE,none,"Lighting is consistent with a backlit scene, though the lack of surface detail makes specific shadow analysis difficult.",FALSE,none,No visible watermarks or logos present.,FALSE,none,No human subjects present.,TRUE,H,"0:00-0:02, the horse's legs exhibit impossible topology, appearing to merge, stretch, and bend in non-anatomical ways (e.g., rubbery joints) during the gallop cycle.",FALSE,none,"The horse's general shape is maintained, though distorted by motion; no other distinct objects to evaluate.",FALSE,none,The spatial arrangement of a horse in a field is logical.,TRUE,H,"0:00-0:02, the leg movement is fluid but physically impossible, with limbs stretching and contracting like liquid rather than rotating around fixed joints.",FALSE,none,"The subject remains a horse throughout, though its specific form morphs due to motion artefacts.",FALSE,none,No sudden appearance/disappearance of objects observed.,FALSE,none,No clear violation of causality observed beyond the motion physics.,"The horse's legs display severe non-rigid motion and anatomical impossibility, stretching and merging like liquid during the run cycle.",The video exhibits the characteristic 'dream-like' fluidity and lack of high-frequency detail common in early text-to-video models.,
w2_034_ltx_20260719_111118,LTX,Qwen_3.5,2026-08-01,AI-generated,85,TRUE,M,"0:00-0:02, the feathers on the bird's body appear smudged and lack individual strand definition, resembling a painted texture rather than real plumage.",TRUE,M,"0:00-0:02, the edges of the bird's head and wings blur into the background foliage with a soft, melting quality inconsistent with optical depth of field.",FALSE,none,"Lighting appears consistent with a natural outdoor environment, no obvious contradictions found.",FALSE,none,"No visible watermarks, logos, or overlay text indicating generator origin.",FALSE,none,No human subjects present in the video.,TRUE,H,"0:00-0:02, the bird's beak and eye region morph and shift shape unnaturally; the beak appears to dissolve into the face during movement.",TRUE,M,"0:01, the wooden perch structure on the right appears to have an impossible, fibrous texture that shifts and flows like liquid rather than static wood.",FALSE,none,Spatial arrangement of branches and leaves is plausible for a forest setting.,TRUE,H,"0:00-0:02, the bird exhibits a 'jittery' motion where the body vibrates without corresponding limb movement, characteristic of frame interpolation artifacts.",TRUE,M,"0:00-0:02, the color saturation on the bird's red face fluctuates slightly in intensity without a change in lighting angle.",TRUE,L,"0:01, background leaves in the upper right appear to momentarily disappear and reappear as the bird moves.",FALSE,none,No clear violations of physics or causality observed beyond general motion instability.,"The bird's beak and facial features morph and dissolve into the surrounding feathers during movement, a hallmark of generative video instability.",The video exhibits strong temporal incoherence and texture smearing typical of early text-to-video models attempting to render complex organic details like feathers.,
w2_035_ltx_20260719_111146,LTX,Qwen_3.5,2026-08-01,Real,85,FALSE,none,no texture defects; natural underwater turbidity and coral detail consistent with real footage,FALSE,none,"object edges are naturally soft due to water diffusion, no AI-style halo or bleed observed",FALSE,none,lighting direction and falloff consistent with overhead sunlight filtering through water column,FALSE,none,"no visible watermarks, logos, or synthetic noise patterns detected in any frame",FALSE,none,no human subjects present in video,FALSE,none,"fish anatomy appears biologically plausible; no distorted fins, extra limbs, or impossible morphologies observed",FALSE,none,coral structures and fish shapes maintain consistent topology and scale relationships throughout,FALSE,none,spatial arrangement of reef and fish schools follows natural underwater ecology and perspective,FALSE,none,"fish movement is fluid and physically plausible; no jitter, sliding, or non-rigid motion artifacts",FALSE,none,"individual fish retain consistent shape, color, and pattern across frames; no morphing or drifting identities",FALSE,none,no objects appear/disappear abruptly; background and foreground motion remain temporally coherent,FALSE,none,all motion obeys fluid dynamics and gravity; no physics violations such as reversed flow or floating debris,no strong artefacts observed,Video exhibits natural underwater optical properties and biologically consistent animal behavior; no indicators of synthetic generation.,
w2_036_ltx_20260719_111215,LTX,Qwen_3.5,2026-08-01,Real,85,FALSE,none,no texture defects; natural film grain and blur consistent with low-light handheld footage,FALSE,none,"edges are soft due to motion blur and focus, not AI synthesis artifacts",FALSE,none,lighting is dim and uneven but physically plausible for indoor ambient light,FALSE,none,"no watermarks, logos, or synthetic noise patterns visible",FALSE,none,hands appear anatomically correct despite motion blur; no extra fingers or distortions,FALSE,none,no non-human subjects present,FALSE,none,"objects (paper, cards) maintain consistent structure; no gibberish text or impossible shapes",FALSE,none,spatial arrangement is cluttered but physically possible; no perspective violations,FALSE,none,"motion is jerky due to handheld camera, not AI motion artifacts; no object sliding or non-rigid deformation",FALSE,none,objects and hands retain consistent identity across frames; no morphing or pattern shifts,FALSE,none,no objects appear/disappear unexpectedly; lighting and background remain consistent,FALSE,none,all actions follow physical causality; no gravity or momentum violations,no strong artefacts observed,"Video exhibits characteristics of real low-quality handheld footage: motion blur, poor lighting, and natural compression artifacts. No evidence of AI generation.",
w2_037_ltx_20260719_111243,LTX,Qwen_3.5,2026-08-01,Real,85,FALSE,none,no texture defects observed; video is low resolution but consistent with real camera noise,FALSE,none,"edges are soft due to motion blur and low light, not AI boundary dissolution",FALSE,none,lighting is consistent with a single spotlight on a dark stage; no impossible shadows or reflections,FALSE,none,"no watermarks, logos, or synthetic noise patterns visible",FALSE,none,dancer's limbs and proportions appear anatomically correct despite motion blur,FALSE,none,no non-human subjects present,FALSE,none,dress flows naturally with movement; no structural distortions,FALSE,none,stage floor and dark background are spatially consistent,FALSE,none,motion blur is consistent with real-world camera capture of fast movement,FALSE,none,dancer's appearance remains consistent throughout the clip,FALSE,none,no objects appear/disappear; lighting and background remain stable,FALSE,none,physics of dress movement and dancer's motion are natural and causal,no strong artefacts observed,"Video exhibits characteristics of real-world low-light stage performance: motion blur, grain, and limited detail — all consistent with analog or early digital capture, not AI generation.",
w2_038_ltx_20260719_111311,LTX,Qwen_3.5,2026-08-01,Real,85,FALSE,none,no texture defects observed; skin and hair appear natural despite blur,FALSE,none,"soft edges are consistent with optical depth-of-field, not AI boundary dissolution",FALSE,none,lighting is consistent with outdoor daylight; no impossible shadows or reflections,FALSE,none,"no visible watermarks, logos, or synthetic noise patterns",FALSE,none,facial features and hand structure appear anatomically correct where visible,FALSE,none,no non-human subjects present,FALSE,none,no distorted objects or text rendering failures observed,FALSE,none,spatial arrangement is plausible; perspective consistent with handheld camera,FALSE,none,motion appears natural; no jitter or non-rigid deformation of rigid objects,FALSE,none,no face morphing or clothing pattern changes across frames,FALSE,none,no objects appearing/disappearing; lighting and background motion consistent,FALSE,none,no physics violations observed; actions follow expected cause-effect,no strong artefacts observed,"Video exhibits characteristics of real handheld footage: natural motion blur, shallow depth of field, and consistent lighting. No AI-specific artefacts detected.",
w2_039_ltx_20260719_111340,LTX,Qwen_3.5,2026-08-01,Real,92,FALSE,none,no texture defects; natural grain and lighting variation consistent with low-light camera capture,FALSE,none,"edges are naturally soft due to motion blur and low light, not AI-induced halo or bleed",FALSE,none,lighting is consistent with string lights and stall illumination; shadows behave physically,FALSE,none,"no visible watermarks, logos, or synthetic noise patterns",FALSE,none,no anatomical distortions; figures are blurred by motion but structurally plausible,FALSE,none,no non-human subjects present,FALSE,none,"stalls, tents, and structures maintain consistent geometry and scale",FALSE,none,spatial layout is coherent; perspective and depth cues are natural,FALSE,none,motion blur is consistent with handheld camera and crowd movement; no jitter or non-rigid artifacts,FALSE,none,no identity morphing or clothing pattern shifts observed across frames,FALSE,none,no objects appear/disappear abruptly; lighting and background remain temporally stable,FALSE,none,no physics violations; crowd flow and object interactions are physically plausible,no strong artefacts observed,"Video exhibits natural low-light noise, motion blur, and organic crowd behavior typical of real-world handheld footage.",
w2_040_ltx_20260719_111408,LTX,Qwen_3.5,2026-08-01,Real,85,FALSE,none,no texture defects observed; grain and blur consistent with low-light camera noise,FALSE,none,"edges are soft due to motion blur and low resolution, not AI synthesis artifacts",FALSE,none,lighting is consistent with night-time street scene and interior shop lights,FALSE,none,no watermarks or provenance signals visible,FALSE,none,no humans clearly visible to assess,FALSE,none,dog appears anatomically correct despite motion blur,FALSE,none,shop front and shelves maintain structural integrity,FALSE,none,spatial arrangement is physically plausible,FALSE,none,motion blur is consistent with real-world camera capture of moving subject,FALSE,none,no identity drift observed across frames,FALSE,none,continuity is maintained throughout the short clip,FALSE,none,no physics violations observed,no strong artefacts observed,"Video exhibits characteristics of low-light handheld footage including motion blur and digital noise, consistent with real camera capture.",
w2_001_hunyuan_20260719_132500,Hunyuan,Qwen_3.5,2026-08-01,Real,92,FALSE,none,Skin texture shows natural pores and micro-variations; no waxy or plastic appearance observed.,FALSE,none,Subject edges are sharp and well-defined against the background; no halo or bleed detected.,FALSE,none,Lighting is consistent with outdoor overcast conditions; shadows and highlights behave naturally.,FALSE,none,"No visible watermarks, logos, or synthetic noise patterns detected in the pixel data.",FALSE,none,"Facial features, eyes, and mouth movements are anatomically correct and proportional throughout the clip.",FALSE,none,no non-human subjects present,FALSE,none,"Clothing and accessories (scarf, earrings) maintain structural integrity and realistic physics.",FALSE,none,Background depth of field and perspective are consistent with a real camera lens.,FALSE,none,Head and facial movements are smooth and natural; no jitter or non-rigid motion observed.,FALSE,none,Subject identity remains stable; no morphing of facial features or clothing patterns.,FALSE,none,No objects appear or disappear; background elements remain consistent across frames.,FALSE,none,Physical interactions and movements follow natural laws of physics.,no strong artefacts observed,"The video exhibits high-fidelity characteristics typical of real camera footage, including natural skin texture, consistent lighting, and stable identity.",
w2_002_hunyuan_20260719_133044,Hunyuan,Qwen_3.5,2026-08-01,Real,92,FALSE,none,"Skin texture shows natural pores, wrinkles, and oil sheen consistent with real human skin; no waxy or plastic appearance.",FALSE,none,Edges of the subject and hat are sharp and well-defined against the background; no haloing or bleeding observed.,FALSE,none,Lighting is consistent with indoor ambient sources; shadows fall naturally under the hat brim and on the neck.,FALSE,none,"No visible watermarks, logos, or synthetic noise patterns detected in any frame.",FALSE,none,"Facial features, teeth, and hands (partially visible) appear anatomically correct with no distortions or extra digits.",FALSE,none,no non-human subjects present,FALSE,none,"Clothing, hat, and tableware maintain consistent structure and scale; no gibberish text or impossible geometry.",FALSE,none,Spatial arrangement of foreground subject and background elements is physically plausible and perspective-correct.,FALSE,none,Head movement and facial expression transitions are smooth and biomechanically natural; no jitter or sliding.,FALSE,none,"Subject's face, clothing, and accessories remain consistent across all frames; no morphing or pattern shifts.",FALSE,none,No objects appear or disappear unexpectedly; lighting and background remain stable throughout the clip.,FALSE,none,"Physical interactions (e.g., sitting, laughing) follow expected cause-effect relationships; no physics violations.",no strong artefacts observed,"The video exhibits high fidelity in texture, motion, and anatomical consistency, with no indicators of synthetic generation.",
w2_003_hunyuan_20260719_133334,Hunyuan,Qwen_3.5,2026-08-01,AI-generated,75,TRUE,M,"0:00 - 0:02, skin on cheeks and forehead exhibits a uniform, waxy smoothness lacking natural pore detail or micro-texture, particularly visible in the highlight areas.",TRUE,L,"0:00 - 0:02, hair edges against the background show slight softness and blending rather than crisp strand definition, typical of generative smoothing.",FALSE,none,Lighting direction is consistent with a sunset/sunrise source; no obvious contradictions found.,FALSE,none,"No visible watermarks, logos, or overlay text indicating generator origin.",TRUE,L,"0:00 - 0:02, the ear structure appears slightly simplified and lacks distinct internal cartilage definition; glasses sit perfectly without distinct pressure indentation on the nose bridge.",FALSE,none,no non-human subjects present,TRUE,M,"0:00 - 0:02, the book held by the subject has no visible text on the pages or cover, appearing as a solid block of color/texture rather than a printed object.",FALSE,none,Background blur and subject placement are spatially consistent.,TRUE,L,"0:00 - 0:02, subtle 'breathing' or warping motion in the hair and background elements that does not correspond to natural wind or head movement.",FALSE,none,Facial features remain consistent throughout the short clip.,FALSE,none,No objects appear or disappear; lighting remains stable.,FALSE,none,No physics violations observed in this static-style shot.,"The combination of waxy, pore-less skin texture and the complete absence of text or print details on the book pages strongly suggests synthetic generation.","The video exhibits the 'uncanny valley' effect common in high-quality portrait generation, where lighting and composition are perfect but surface details lack organic randomness.",
w2_004_hunyuan_20260719_133625,Hunyuan,Qwen_3.5,2026-08-01,Real,92,FALSE,none,Skin texture appears natural with appropriate pore detail and subsurface scattering; no waxy or plastic appearance observed.,FALSE,none,"Hair edges against the background are sharp and distinct, showing natural separation without haloing or bleeding.",FALSE,none,"Lighting is consistent with a window source on the left, creating natural shadows on the right side of the face.",FALSE,none,"No visible watermarks, logos, or synthetic noise patterns detected in the frame.",FALSE,none,"Facial features including the eye, nose, and mouth maintain correct proportions and structure throughout the clip.",FALSE,none,No non-human subjects present.,FALSE,none,The window frame and background structures appear geometrically correct and stable.,FALSE,none,Spatial arrangement of the subject relative to the window is physically plausible.,FALSE,none,"Subject movement is subtle and fluid, with no jitter or non-rigid motion artifacts.",FALSE,none,Facial identity and hair texture remain consistent across all frames.,FALSE,none,No objects appear or disappear; lighting and background remain continuous.,FALSE,none,No physics violations observed; motion follows natural inertia.,no strong artefacts observed,"The video exhibits high fidelity in skin texture rendering and lighting consistency, characteristic of real camera footage.",
w2_005_hunyuan_20260719_133917,Hunyuan,Qwen_3.5,2026-08-01,Real,92,FALSE,none,Skin texture appears natural with appropriate pore detail and subsurface scattering; no waxy or plastic look observed.,FALSE,none,Object edges are sharp where in focus and naturally blurred by depth of field where out of focus; no haloing or bleeding.,FALSE,none,Lighting is consistent with indoor overhead fluorescent fixtures; shadows fall correctly on the face and neck.,FALSE,none,"No visible watermarks, logos, or synthetic noise patterns detected in the pixel data.",FALSE,none,"Facial features, ear structure, and hand anatomy (finger count and grip on spoon) appear physically correct and stable.",FALSE,none,No non-human subjects present.,FALSE,none,The spoon maintains rigid geometry and correct metallic reflection properties throughout the motion.,FALSE,none,"Background elements (shelves, lights) maintain consistent perspective and spatial relationship to the subject.",FALSE,none,Hand movement and head motion follow natural acceleration and deceleration curves; no jitter or sliding observed.,FALSE,none,Subject's facial features and clothing remain constant; no morphing or texture shifting between frames.,FALSE,none,The food on the spoon behaves consistently with physics; no objects appear or disappear unexpectedly.,FALSE,none,The action of eating follows a logical cause-and-effect sequence with no physics violations.,no strong artefacts observed,"The video exhibits natural motion blur, consistent lighting, and correct anatomical proportions typical of real camera footage.",
w2_006_hunyuan_20260719_134208,Hunyuan,Qwen_3.5,2026-08-01,AI-generated,85,TRUE,M,"0:00 - 0:02: The skin on the hands has a uniform, waxy smoothness lacking natural pores or fine detail, particularly visible on the knuckles and finger joints.",TRUE,M,"0:00 - 0:02: The edges of the fingers blur and merge into the keyboard keys and each other, lacking crisp definition typical of optical focus.",FALSE,none,Lighting appears consistent with a soft indoor source; no obvious directional errors found.,FALSE,none,"No visible watermarks, logos, or overlay text indicating generator origin.",TRUE,H,"0:00 - 0:02: The fingers exhibit impossible topology, merging into one another and the keyboard surface; the right hand appears to have an incorrect number of distinct digits due to fusion.",FALSE,none,No non-human subjects present.,TRUE,M,"0:00 - 0:02: The laptop keyboard keys lack distinct individual shapes, appearing as a distorted grid that warps under the fingers rather than maintaining rigid structure.",FALSE,none,"Spatial arrangement of cup, hands, and laptop is plausible.",TRUE,H,"0:00 - 0:02: The typing motion is fluid but physically impossible, with fingers sliding across keys without distinct keypress actuation and phasing through the keyboard surface.",FALSE,none,"Hand identity remains consistent, though structurally flawed.",FALSE,none,No sudden appearance/disappearance of objects observed.,TRUE,M,"0:00 - 0:02: Fingers pass through solid keyboard keys without resistance or mechanical displacement, violating collision physics.","Severe anatomical failure in the hands where fingers merge with each other and the keyboard, combined with non-rigid motion of solid objects.","The video exhibits classic text-to-video hallucinations regarding hand-keyboard interaction, specifically the lack of distinct key actuation and finger fusion.",
w2_007_hunyuan_20260719_134948,Hunyuan,Qwen_3.5,2026-08-01,Real,92,FALSE,none,Natural wood grain visible on table and coaster; fabric texture on apron is consistent with real cloth.,FALSE,none,Sharp edges on cup and pitcher; no haloing or bleeding observed at 0:01.,FALSE,none,Consistent soft lighting from upper left; shadows fall naturally inside the cup and under the pitcher spout.,FALSE,none,"No visible watermarks, logos, or synthetic noise patterns detected across the frame.",FALSE,none,Fingers holding the pitcher appear anatomically correct with natural skin tone and nail structure at 0:00.,FALSE,none,no non-human subjects present,FALSE,none,"Cup, pitcher, and coaster maintain correct geometry and scale relationships throughout the clip.",FALSE,none,Perspective is consistent; background kitchen elements are blurred appropriately for depth of field.,FALSE,none,"Fluid dynamics of the milk pour are physically accurate, showing correct viscosity and flow rate.",FALSE,none,Objects maintain consistent appearance; no morphing of the cup or pitcher observed.,FALSE,none,Liquid level rises continuously and logically; no objects appear or disappear unexpectedly.,FALSE,none,Gravity and momentum are preserved; milk flows downward into the cup without defying physics.,no strong artefacts observed,The video displays high-fidelity fluid simulation and natural lighting interactions typical of real-world camera footage.,
w2_008_hunyuan_20260719_135240,Hunyuan,Qwen_3.5,2026-08-01,AI-generated,85,TRUE,M,"At 0:01, the skin on the hands appears overly smooth and waxy, lacking natural pores or fine wrinkles typical of human skin in close-up.",TRUE,L,"At 0:00, the edges of the fingers show slight softness and blending into the shoe laces, lacking crisp definition.",FALSE,none,Lighting appears consistent with an overcast outdoor environment; no obvious directional errors found.,FALSE,none,"No visible watermarks, logos, or overlay text indicating generator origin.",TRUE,H,"At 0:01, the fingers on the left hand appear to merge into each other and the shoe, with indistinct knuckles and impossible joint angles during the tying motion.",FALSE,none,no non-human subjects present,TRUE,M,"At 0:02, the shoelace seems to pass through the leather of the shoe rather than through an eyelet, defying physical object topology.",FALSE,none,"Spatial arrangement of bench, legs, and ground appears logically consistent.",TRUE,M,"Throughout 0:00-0:02, the motion of the hands is jittery and lacks the fluid acceleration/deceleration of natural human movement.",FALSE,none,Clothing and shoe appearance remain consistent across frames.,FALSE,none,No objects appear or disappear unexpectedly; background remains stable.,TRUE,M,"At 0:01, the lace tension does not result in the expected deformation of the shoe leather or lace tightening, suggesting a lack of physical cause-and-effect.",Severe anatomical failure in the hands where fingers merge and lack distinct joints during the tying action.,"The combination of waxy skin texture, merging fingers, and non-physical lace interaction strongly indicates synthetic generation.",
w2_009_hunyuan_20260719_135532,Hunyuan,Qwen_3.5,2026-08-01,Real,92,FALSE,none,Skin texture and paper grain appear natural with appropriate noise; no waxy or plastic look observed.,FALSE,none,Object edges are sharp where in focus and naturally blurred in the background due to depth of field; no halos or bleeding.,FALSE,none,Lighting is consistent with outdoor ambient light; shadows fall naturally from the hand onto the page.,FALSE,none,"No visible watermarks, logos, or synthetic noise patterns detected.",FALSE,none,"Hand structure, finger count, and grip on the pen are anatomically correct and stable throughout the clip.",FALSE,none,No non-human subjects present.,FALSE,none,Notebook spiral binding and pen structure remain consistent and physically plausible.,FALSE,none,"Spatial arrangement of table, notebook, and background foliage is logical and perspective-correct.",FALSE,none,Hand movement is fluid and follows natural kinematics; no jitter or sliding observed.,FALSE,none,"No changes in object appearance, color, or identity between frames.",FALSE,none,No objects appear or disappear; background and foreground motion are consistent.,FALSE,none,"Physics of writing (pen contact, paper resistance) appear realistic.",no strong artefacts observed,"The video exhibits natural depth of field, consistent lighting, and anatomically correct hand movements typical of real camera footage.",
w2_010_hunyuan_20260719_135824,Hunyuan,Qwen_3.5,2026-08-01,Real,92,FALSE,none,"Wood grain on the table is distinct and non-repetitive; card back patterns show fine, consistent detail without smearing.",FALSE,none,"Edges of the cards and hand are sharp where in focus, with natural optical blur in the background; no halos or bleeding observed.",FALSE,none,Shadows cast by the hand and cards are consistent with a single overhead light source; reflections on the table surface are physically accurate.,FALSE,none,"No visible watermarks, logos, or synthetic noise patterns detected in the pixel data.",FALSE,none,"The hand entering the frame (0:01) displays correct finger count, joint articulation, and skin texture; no morphing or extra digits.",FALSE,none,No non-human subjects present.,FALSE,none,Playing cards maintain rigid rectangular geometry; edges remain straight and corners sharp throughout the interaction.,FALSE,none,"Spatial arrangement of the table, arm, and cards follows standard perspective rules; no impossible geometry.",FALSE,none,Hand movement is smooth with natural acceleration and deceleration; cards slide with appropriate friction physics.,FALSE,none,The blue pattern on the card backs remains stable and consistent across all frames; no texture shifting.,FALSE,none,Object permanence is maintained; the stack of cards does not change count or position unexpectedly.,FALSE,none,Physical interactions (hand touching cards) result in expected mechanical responses; no gravity or momentum violations.,,,
w2_011_hunyuan_20260719_140117,Hunyuan,Qwen_3.5,2026-08-01,Real,92,FALSE,none,Natural skin texture with visible pores and hair detail; no waxy or plastic appearance observed.,FALSE,none,"Sharp, clean edges on subjects and background elements; no haloing or dissolution detected.",FALSE,none,Consistent outdoor lighting with natural shadows cast by the subjects; no impossible light sources.,FALSE,none,"No visible watermarks, logos, or synthetic noise patterns present in the frame.",FALSE,none,Facial features and proportions are anatomically correct; hands (visible at 0:01) show correct finger count and grip.,FALSE,none,No non-human subjects present.,FALSE,none,"Clothing structure (zippers, belt) and background architecture appear physically sound and undistorted.",FALSE,none,Perspective and depth of field are consistent with a real camera lens; no spatial impossibilities.,FALSE,none,Walking gait is natural with no foot sliding; background parallax is consistent with camera movement.,FALSE,none,Subject identities and clothing patterns remain stable throughout the clip.,FALSE,none,No objects appear or disappear; lighting remains constant across frames.,FALSE,none,Physical interactions (arm-in-arm walking) follow natural physics and momentum.,no strong artefacts observed,"The video exhibits high-fidelity motion, natural depth of field, and consistent anatomical details typical of live-action footage.",
w2_012_hunyuan_20260719_140415,Hunyuan,Qwen_3.5,2026-08-01,AI-generated,85,TRUE,M,"0:00 - 0:02, the food on the table (pasta, green beans) has a uniform, plastic-like sheen lacking individual texture detail, and the man's skin appears overly smooth and waxy.",TRUE,M,"0:01, the edge of the man's right hand holding the fork blurs and bleeds into the plate surface, lacking a sharp occlusion boundary.",FALSE,none,Lighting appears consistent with a warm indoor lamp source; shadows fall correctly.,FALSE,none,No visible watermarks or logos present.,TRUE,H,"0:01 - 0:02, the man's right hand exhibits severe structural failure; the fingers appear to merge into a single mass or have an incorrect number of digits while interacting with the cutlery.",FALSE,none,No non-human subjects present.,TRUE,M,"0:00, the glass serving dish in the center has a distorted, melting rim structure that defies rigid glass geometry.",FALSE,none,Spatial arrangement of the family and furniture is logically consistent.,TRUE,M,"0:01, the motion of the man's hand is jittery and lacks the smooth acceleration/deceleration of natural human movement.",FALSE,none,Character features and clothing patterns remain stable throughout the short clip.,FALSE,none,No objects appear or disappear; scene continuity is maintained.,FALSE,none,No obvious physics violations regarding gravity or object interaction observed beyond the hand distortion.,"The man's right hand at 0:01 displays fused fingers and impossible geometry while holding a fork, a hallmark of generative video failure.",The combination of plastic-looking food textures and severe hand anatomy errors strongly indicates AI synthesis.,
w2_013_hunyuan_20260719_140707,Hunyuan,Qwen_3.5,2026-08-01,Real,92,FALSE,none,Skin texture shows natural pores and imperfections; fabric weave on suits is distinct and consistent.,FALSE,none,Subject edges are sharp with natural depth-of-field blur; no haloing or bleeding observed.,FALSE,none,Lighting direction from the window is consistent with shadows cast on faces and objects.,FALSE,none,"No visible watermarks, logos, or synthetic noise patterns detected.",FALSE,none,Hands show correct finger count and natural joint movement; facial features remain stable and proportional.,FALSE,none,no non-human subjects present,FALSE,none,"Whiteboard, table, and pens maintain rigid structure and correct perspective throughout.",FALSE,none,Spatial arrangement of people and furniture follows physical laws and perspective rules.,FALSE,none,Hand gestures and head movements are fluid with natural acceleration and deceleration.,FALSE,none,"Clothing patterns, jewelry, and facial features remain constant across all frames.",FALSE,none,No objects appear or disappear; background elements remain static and consistent.,FALSE,none,"Physical interactions (holding pen, resting hands) obey gravity and momentum.",no strong artefacts observed,"The video exhibits high fidelity in texture, lighting, and temporal consistency, characteristic of real-world camera capture.",
w2_014_hunyuan_20260719_140959,Hunyuan,Qwen_3.5,2026-08-01,AI-generated,92,TRUE,M,"At 0:01, the grass in the foreground lacks individual blade definition, appearing as a smooth, waxy green surface rather than distinct vegetation.",TRUE,H,"At 0:01, the rear tire of the bicycle dissolves into the grass without a clear contact patch or shadow, and the handlebars show soft, bleeding edges against the background trees.",TRUE,M,"At 0:02, the shadow cast by the bicycle and rider is inconsistent with the bright sunlight coming from the upper left; the shadow is faint and disconnected from the wheels.",FALSE,none,"No visible watermarks, logos, or overlay text indicating generator origin are present.",TRUE,H,"At 0:00, the rider's right hand gripping the handlebar appears to have fused fingers, lacking distinct knuckles or separation, characteristic of AI generation.",FALSE,none,No non-human subjects present.,TRUE,H,"At 0:01, the bicycle chain and pedal mechanism are structurally incoherent; the chain appears to merge with the frame and the pedals lack a clear connection to the crank arm.",TRUE,M,"At 0:00, the two figures in the background appear to be floating slightly above the ground with no clear feet placement, and their scale relative to the foreground rider seems slightly off.",TRUE,H,"Throughout 0:00-0:02, the bicycle wheels rotate without the spokes blurring appropriately for the speed, and the bike glides over the grass with a sliding motion rather than rolling friction.",TRUE,L,"At 0:02, the pattern on the rider's red shirt shifts slightly in texture density compared to 0:00, suggesting temporal instability in the fabric rendering.",TRUE,M,"Between 0:01 and 0:02, the background figures change position slightly without walking motion, appearing to pop in and out of existence or shift location instantly.",TRUE,M,"At 0:01, the grass blades do not bend or compress under the weight of the bicycle tires, violating physical causality of a soft surface.","The bicycle's mechanical structure is impossible, with the chain and pedals merging into the frame, and the wheels exhibiting non-physical motion without proper contact or blur.","Multiple severe structural and motion artefacts confirm AI generation, particularly the incoherent bicycle mechanics and the 'gliding' motion over the grass.",
w2_015_hunyuan_20260719_141252,Hunyuan,Qwen_3.5,2026-08-01,Real,92,FALSE,none,Natural skin texture and fabric weave visible on subjects; no waxy or plastic appearance.,FALSE,none,Sharp edges on subjects and bench; no haloing or dissolution observed.,FALSE,none,Consistent overcast lighting with soft shadows matching the outdoor park environment.,FALSE,none,"No visible watermarks, logos, or synthetic noise patterns detected.",FALSE,none,Hands and faces appear anatomically correct with natural proportions and movement.,FALSE,none,"Pigeons display correct anatomy, feather detail, and limb structure.",FALSE,none,Bench slats and background structures maintain consistent geometry and scale.,FALSE,none,"Perspective and spatial arrangement of trees, bench, and subjects are physically plausible.",FALSE,none,Pigeon flight paths and wing flaps exhibit natural acceleration and blur; no jitter observed.,FALSE,none,Subject features and clothing patterns remain stable throughout the clip.,FALSE,none,No objects appear or disappear unexpectedly; background remains consistent.,FALSE,none,Physics of bird flight and human interaction appear natural and cause-effect consistent.,no strong artefacts observed,The video exhibits natural motion blur on the flying pigeons and consistent lighting typical of real-world camera capture.,
w2_016_hunyuan_20260719_141544,Hunyuan,Qwen_3.5,2026-08-01,Real,92,FALSE,none,Grass texture and fabric folds on shorts appear natural with appropriate detail.,FALSE,none,"Edges are sharp where in focus and show natural optical blur (bokeh) in the background, consistent with a camera lens.",FALSE,none,Lighting is diffuse and consistent with an overcast day; shadows fall naturally beneath the player.,FALSE,none,"No visible watermarks, logos, or synthetic noise patterns detected.",FALSE,none,"Leg structure, knee joints, and foot placement are anatomically correct.",FALSE,none,no non-human subjects present,FALSE,none,The soccer ball maintains its spherical shape and panel geometry throughout the motion.,FALSE,none,Perspective and depth of field are consistent with a low-angle shot on a sports field.,FALSE,none,Ball movement and player stride exhibit natural inertia and contact physics.,FALSE,none,Clothing patterns and ball colors remain stable across frames.,FALSE,none,No objects appear or disappear; background elements remain consistent.,FALSE,none,Physical interactions between foot and ball follow standard mechanics.,no strong artefacts observed,The video displays natural motion blur and optical depth of field characteristic of real camera footage.,
w2_017_hunyuan_20260719_141835,Hunyuan,Qwen_3.5,2026-08-01,Real,92,FALSE,none,no texture defects observed; sand and water show natural grain and variation,FALSE,none,subject edges are sharp and consistent with motion blur expected in real footage,FALSE,none,lighting is consistent with sunset/sunrise; shadows fall naturally on sand,FALSE,none,"no visible watermarks, logos, or synthetic noise patterns",FALSE,none,"runner’s limbs, posture, and gait are anatomically correct throughout",FALSE,none,no non-human subjects present,FALSE,none,"no distorted objects; shoes, clothing, and horizon line are structurally sound",FALSE,none,"perspective and spatial layout of beach, ocean, and sky are physically plausible",FALSE,none,running motion is fluid and biomechanically accurate; no foot sliding or jitter,FALSE,none,subject’s appearance remains consistent across frames,FALSE,none,no object appearances/disappearances; lighting and background remain stable,FALSE,none,"physics of running, wave motion, and sand interaction are causally consistent",no strong artefacts observed,"Video exhibits natural motion blur, consistent lighting, and anatomically correct human movement typical of real-world cinematography.",
w2_018_hunyuan_20260719_142127,Hunyuan,Qwen_3.5,2026-08-01,Real,92,FALSE,none,no texture defects; natural motion blur and grain consistent with real camera footage,FALSE,none,"edges are sharp where in focus, soft only due to motion blur — physically plausible",FALSE,none,overcast sky provides diffuse lighting; shadows are soft and directionally consistent,FALSE,none,"no visible watermarks, logos, or synthetic noise patterns",FALSE,none,"skater’s limbs, hands, and face proportions are anatomically correct throughout",FALSE,none,no non-human subjects present,FALSE,none,"skateboard maintains correct structure, wheel alignment, and scale relative to rider",FALSE,none,perspective and spatial layout of skatepark elements are geometrically consistent,FALSE,none,"motion is fluid and physically accurate; no jitter, sliding, or unnatural acceleration",FALSE,none,"clothing, skin tone, and object appearance remain stable across frames",FALSE,none,no objects appear/disappear; background motion parallax matches foreground movement,FALSE,none,physics of skateboarding trick (ollie) follows real-world momentum and gravity,no strong artefacts observed,"Video exhibits natural motion blur, consistent lighting, and physically accurate skateboarding mechanics — all indicative of real-world capture.",
w2_019_hunyuan_20260719_142419,Hunyuan,Qwen_3.5,2026-08-01,Real,85,FALSE,none,Water surface exhibits natural turbulence and foam texture consistent with real fluid dynamics.,FALSE,none,"Object edges are naturally blurred by motion and water interaction, no artificial halos observed.",FALSE,none,Lighting and reflections on the water surface appear physically consistent with an outdoor pool environment.,FALSE,none,"No visible watermarks, logos, or synthetic noise patterns detected in the pixel data.",FALSE,none,The visible limb (arm) at 0:01 shows natural curvature and skin tone; no anatomical distortions observed.,FALSE,none,no non-human subjects present,FALSE,none,No mechanical objects or text present to evaluate for structural integrity.,FALSE,none,"Spatial arrangement of water, swimmer, and background is consistent with a standard swimming pool scene.",FALSE,none,Water displacement and arm movement follow natural physics without jitter or non-rigid artifacts.,FALSE,none,No identity morphing or object property changes observed across the short clip duration.,FALSE,none,Action flows continuously from splash to arm emergence without sudden jumps or disappearances.,FALSE,none,Cause and effect of the splash and subsequent movement adhere to standard physical laws.,no strong artefacts observed,The video displays natural fluid dynamics and motion blur characteristic of high-speed real-world photography.,
w2_020_hunyuan_20260719_142711,Hunyuan,Qwen_3.5,2026-08-01,Real,92,FALSE,none,Natural clay court texture with expected motion blur; no waxy or plastic artifacts.,FALSE,none,Object edges are consistent with optical lens blur from camera movement; no haloing or dissolution.,FALSE,none,Lighting is consistent with overcast outdoor conditions; shadows are soft and directionally correct.,FALSE,none,"No visible watermarks, logos, or synthetic noise patterns detected.",FALSE,none,Players' limbs and proportions remain anatomically correct throughout the swing and movement.,FALSE,none,No non-human subjects present.,FALSE,none,Tennis rackets and court lines maintain structural integrity and perspective.,FALSE,none,"Spatial arrangement of court, fence, and players follows standard perspective rules.",FALSE,none,Motion blur is uniform and consistent with handheld camera panning; no jitter or sliding artifacts.,FALSE,none,Clothing and physical features of players remain constant across frames.,FALSE,none,No objects appear or disappear; background elements remain stable relative to camera motion.,FALSE,none,Ball trajectory and player reactions follow physical laws of tennis.,no strong artefacts observed,"The video exhibits natural camera shake and motion blur typical of handheld recording, with no signs of generative synthesis.",
w2_021_hunyuan_20260719_143003,Hunyuan,Qwen_3.5,2026-08-01,Real,92,FALSE,none,Skin texture and fabric weave appear natural with appropriate detail; no waxy or plastic look observed.,FALSE,none,Subject edges are sharp and well-defined against the background; no haloing or dissolution detected.,FALSE,none,Lighting is consistent with an indoor environment; shadows fall naturally on the subject's face and clothing.,FALSE,none,"No visible watermarks, logos, or synthetic noise patterns detected in the frame.",FALSE,none,"Facial features, ear structure, and hairline are anatomically correct and stable throughout the clip.",FALSE,none,No non-human subjects present in the video.,FALSE,none,"Background objects (bookshelves, sign) maintain structural integrity; text on the sign is legible and stable.",FALSE,none,Perspective and spatial arrangement of the bookstore setting are physically plausible.,FALSE,none,Subject movement is smooth and natural; no jitter or non-rigid motion artifacts observed.,FALSE,none,Subject's facial features and clothing remain consistent across all frames.,FALSE,none,No objects appear or disappear unexpectedly; background remains consistent.,FALSE,none,No physics violations or impossible cause-effect relationships observed.,no strong artefacts observed,"The video exhibits high fidelity consistent with live-action footage, including natural depth of field and stable text rendering.",
w2_022_hunyuan_20260719_143310,Hunyuan,Qwen_3.5,2026-08-01,Real,92,FALSE,none,Natural film grain and realistic textures on tree bark and clothing; no waxy or plastic appearance.,FALSE,none,"Sharp, natural edges on the newspaper stand and building; no haloing or bleeding effects.",FALSE,none,Consistent overcast lighting with soft shadows matching the environment.,FALSE,none,"No visible watermarks, logos, or synthetic noise patterns.",FALSE,none,Human figures display correct proportions and limb counts; no distortions observed.,FALSE,none,no non-human subjects present,FALSE,none,"Newspapers and stand maintain rigid, logical structure; text layout is consistent with real print media.",FALSE,none,Perspective and spatial arrangement of street elements are physically accurate.,FALSE,none,Motion blur on the moving person is consistent with camera shutter speed; no jitter or sliding.,FALSE,none,Subject appearance and clothing remain consistent throughout the clip.,FALSE,none,No objects appear or disappear; background elements remain stable.,FALSE,none,"Physical interactions, such as the person handling papers, follow natural laws of physics.",no strong artefacts observed,"The video exhibits natural motion blur and film grain characteristic of optical camera capture, with no signs of generative synthesis.",
w2_023_hunyuan_20260719_143601,Hunyuan,Qwen_3.5,2026-08-01,Real,92,FALSE,none,Natural film grain and depth-of-field blur observed; no waxy or plastic textures.,FALSE,none,Object edges show natural optical blur consistent with camera focus; no haloing or dissolution.,FALSE,none,Shadows and highlights are consistent with outdoor daylight conditions.,FALSE,none,"No visible watermarks, logos, or synthetic noise patterns detected.",FALSE,none,Human figures maintain correct proportions and limb counts throughout the clip.,FALSE,none,No non-human subjects present.,FALSE,none,Chalkboard text is legible and structurally consistent; no distorted objects.,FALSE,none,Perspective and spatial arrangement of street scene elements are physically plausible.,FALSE,none,Pedestrian movement is smooth and biomechanically natural; no jitter or sliding.,FALSE,none,Clothing and facial features remain consistent as subjects move through the frame.,FALSE,none,No objects appear or disappear inexplicably; background remains stable.,FALSE,none,"Physics interactions (walking, carrying items) adhere to real-world causality.",no strong artefacts observed,"The video exhibits characteristics of live-action footage, including natural motion blur, consistent lighting, and legible text on the chalkboard.",
w2_024_hunyuan_20260719_143853,Hunyuan,Qwen_3.5,2026-08-01,Real,92,FALSE,none,Natural fabric texture on jacket and realistic skin tones observed throughout 0:00-0:02.,FALSE,none,Sharp edges on glasses and clear separation between subject and background at 0:01.,FALSE,none,Consistent overcast outdoor lighting with natural reflections on glass at 0:00.,FALSE,none,"No visible watermarks, logos, or synthetic noise patterns detected in any frame.",FALSE,none,Correct finger count and natural hand articulation visible at 0:01; facial features stable.,FALSE,none,no non-human subjects present,FALSE,none,Text on the information board is legible and structurally consistent at 0:00.,FALSE,none,Perspective of train tracks and platform shelter is geometrically correct at 0:02.,FALSE,none,"Smooth, natural hand movement interacting with the screen at 0:01; no jitter.",FALSE,none,Subject's appearance and clothing remain constant across all frames 0:00-0:02.,FALSE,none,"Background elements (tracks, passing blur) move consistently with camera/subject motion.",FALSE,none,Physical interaction with the touch screen follows expected cause-and-effect logic.,no strong artefacts observed,"The video exhibits natural motion blur, consistent lighting, and coherent object interactions typical of real-world camera footage.",
w2_025_hunyuan_20260719_144145,Hunyuan,Qwen_3.5,2026-08-01,Real,92,FALSE,none,Natural skin texture and fabric weave visible on uniform; no waxy or plastic appearance.,FALSE,none,"Sharp, clean edges on subject and whiteboard; no haloing or bleeding effects.",FALSE,none,Consistent classroom lighting with natural shadows cast by the arm and marker.,FALSE,none,"No visible watermarks, logos, or synthetic noise patterns detected.",FALSE,none,"Hand structure, finger count, and grip on the marker are anatomically correct and stable.",FALSE,none,No non-human subjects present.,FALSE,none,Whiteboard and marker maintain structural integrity; text rendering is consistent with real handwriting.,FALSE,none,Perspective and spatial arrangement of the classroom and background students are physically plausible.,FALSE,none,"Smooth, natural motion of the hand writing; no jitter or sliding artifacts.",FALSE,none,"Subject's appearance, clothing, and hair remain consistent throughout the clip.",FALSE,none,No objects appear or disappear; background activity is continuous and logical.,FALSE,none,Physics of writing and marker contact with the board are realistic and causal.,no strong artefacts observed,The video exhibits natural camera focus shifts and realistic human micro-movements typical of real footage.,
w2_026_hunyuan_20260719_144437,Hunyuan,Qwen_3.5,2026-08-01,Real,95,FALSE,none,Natural skin texture and wood grain visible; no waxy or plastic appearance.,FALSE,none,Sharp edges on knife and vegetables; no haloing or bleeding observed.,FALSE,none,Consistent lighting with natural shadows cast by hands and knife.,FALSE,none,"No watermarks, logos, or synthetic noise patterns detected.",FALSE,none,Hands and fingers appear anatomically correct with proper joint movement and grip.,FALSE,none,no non-human subjects present,FALSE,none,Knife and vegetables maintain structural integrity; no distortion or gibberish text.,FALSE,none,"Spatial arrangement of cutting board, hands, and knife is physically plausible.",FALSE,none,Chopping motion is fluid and consistent with human motor control; no jitter.,FALSE,none,Vegetable pieces and hands remain consistent in appearance throughout the clip.,FALSE,none,No objects appear or disappear unexpectedly; background remains stable.,FALSE,none,"Physics of cutting (vegetable separation, knife resistance) appear natural and causal.",no strong artefacts observed,The video displays high-fidelity real-world physics and anatomy with no signs of generative synthesis.,
w2_027_hunyuan_20260719_144728,Hunyuan,Qwen_3.5,2026-08-01,Real,92,FALSE,none,no texture defects; natural fabric weave and thread detail visible throughout 0:00-0:02,FALSE,none,"sharp, consistent edges on loom frame and threads; no halo or bleed observed at 0:01",FALSE,none,natural window lighting with consistent shadow direction on hands and loom at 0:00-0:02,FALSE,none,"no watermarks, logos, or synthetic noise patterns visible in any frame",FALSE,none,hands show natural finger count and motion; no anatomical distortions at 0:01-0:02,FALSE,none,no non-human subjects present,FALSE,none,loom structure is physically plausible; threads maintain consistent tension and alignment at 0:00-0:02,FALSE,none,"spatial arrangement of loom, hands, and background window is coherent and perspective-correct at 0:01",FALSE,none,hand movements are fluid and physically plausible; no jitter or non-rigid motion at 0:01-0:02,FALSE,none,clothing pattern and skin tone remain consistent across frames; no object count changes,FALSE,none,no objects appear/disappear; lighting and background motion are consistent with foreground action,FALSE,none,thread movement responds correctly to hand manipulation; no physics violations observed,no strong artefacts observed,"Video exhibits natural motion blur, consistent lighting, and physically accurate interaction between hands and loom threads — all indicative of real-world capture.",
w2_028_hunyuan_20260719_145020,Hunyuan,Qwen_3.5,2026-08-01,Real,92,FALSE,none,no texture defects; raindrop patterns and glass surface appear natural,FALSE,none,"edges of window frame and background buildings are consistent with optical blur, no halo or bleed",FALSE,none,"lighting is diffuse and consistent with overcast rainy day, no impossible shadows or reflections",FALSE,none,"no visible watermarks, logos, or synthetic noise patterns",FALSE,none,no human subjects present,FALSE,none,no non-human subjects present,FALSE,none,window frame and background structures maintain correct geometry and scale,FALSE,none,"spatial arrangement of window, glass, and distant buildings is physically plausible",FALSE,none,raindrops exhibit natural downward motion without jitter or non-rigid behavior,FALSE,none,no objects or patterns change identity or appearance across frames,FALSE,none,"continuous rain flow with no sudden appearances, disappearances, or lighting shifts",FALSE,none,gravity-driven raindrop motion follows expected physical behavior,no strong artefacts observed,Video displays natural raindrop behavior on glass with consistent optical properties and no signs of synthetic generation.,
w2_029_hunyuan_20260719_145312,Hunyuan,Qwen_3.5,2026-08-01,Real,92,FALSE,none,"Clay texture shows natural wetness, slip, and deformation consistent with real pottery; no waxy or plastic artifacts.",FALSE,none,"Edges of hands and clay are sharp where in focus, with natural motion blur where moving; no haloing or bleeding.",FALSE,none,Specular highlights on wet clay and skin move naturally with the rotation of the wheel and hand movement.,FALSE,none,"No visible watermarks, logos, or synthetic noise patterns detected.",FALSE,none,Hands and fingers maintain correct count and anatomical structure throughout the manipulation of the clay.,FALSE,none,No non-human subjects present.,FALSE,none,The clay deforms physically correctly under pressure; no impossible topology or structural glitches.,FALSE,none,"Spatial arrangement of potter's wheel, hands, and clay is consistent and physically plausible.",FALSE,none,Motion of the spinning wheel and hand adjustments follows natural physics and inertia.,FALSE,none,Hands and clay maintain consistent identity and material properties across frames.,FALSE,none,No objects appear or disappear; lighting and background remain consistent.,FALSE,none,Cause and effect of hands pressing clay resulting in deformation is physically accurate.,no strong artefacts observed,The video displays high-fidelity physics of fluid dynamics and soft-body deformation typical of real-world pottery making.,
w2_030_hunyuan_20260719_145604,Hunyuan,Qwen_3.5,2026-08-01,Real,92,FALSE,none,no texture defects observed; liquid and ceramic surfaces appear natural,FALSE,none,edges of pitcher and cup are sharp and consistent with optical focus,FALSE,none,"lighting is consistent with indoor ambient source, reflections on metal pitcher are physically accurate",FALSE,none,"no watermarks, logos, or synthetic noise patterns visible",FALSE,none,only partial hand visible holding cup; no anatomical anomalies detected,FALSE,none,no non-human subjects present,FALSE,none,"pitcher, cup, and saucer maintain correct geometry and scale throughout",FALSE,none,spatial arrangement of objects is physically plausible and perspective-consistent,FALSE,none,"milk pour exhibits smooth, continuous motion with realistic fluid dynamics",FALSE,none,"no changes in object identity, color, or pattern across frames",FALSE,none,no objects appear/disappear; lighting and background remain stable,FALSE,none,fluid flow obeys gravity and conservation of mass; no physics violations,no strong artefacts observed,"Video displays natural fluid behavior, consistent lighting, and no structural or temporal anomalies typical of AI generation.",
w2_031_hunyuan_20260719_145855,Hunyuan,Qwen_3.5,2026-08-01,Real,85,FALSE,none,Fur texture appears natural with appropriate motion blur; no waxy or plastic artifacts observed.,FALSE,none,Edges are consistent with optical motion blur from panning; no haloing or dissolution artifacts.,FALSE,none,Lighting is consistent with outdoor daylight; shadows and highlights behave naturally.,FALSE,none,"No visible watermarks, logos, or synthetic noise patterns detected.",FALSE,none,No human subjects present in the video.,FALSE,none,"Dog anatomy is correct; limb count, proportions, and facial features are realistic throughout the run.",FALSE,none,Background architecture and hedge structures remain consistent and undistorted.,FALSE,none,"Perspective and spatial arrangement of lawn, hedge, and house are physically plausible.",FALSE,none,Dog's gait and leg movement follow natural biomechanics; no jitter or sliding observed.,FALSE,none,"Dog's appearance, collar, and fur pattern remain constant across all frames.",FALSE,none,Background elements move consistently with camera pan; no objects appear or disappear abruptly.,FALSE,none,Physics of running and momentum are preserved; no violations of gravity or causality.,no strong artefacts observed,"The video exhibits characteristics of a real camera panning shot, including natural motion blur and consistent lighting, with no evidence of generative synthesis.",
w2_032_hunyuan_20260719_150147,Hunyuan,Qwen_3.5,2026-08-01,AI-generated,92,TRUE,M,"At 0:00-0:01, the cat's fur appears as a smooth, waxy mass with no individual strands visible, resembling a rendered blob rather than biological fur.",TRUE,H,"At 0:00, the boundary between the cat's head and the window frame is completely dissolved; the head shape is indistinct and bleeds into the background.",FALSE,none,Lighting direction from the window is consistent with the shadows cast on the sill.,FALSE,none,No visible watermarks or logos present.,FALSE,none,No human subjects present.,TRUE,H,"At 0:00-0:01, the cat's head is structurally missing or melted into the body; at 0:02, the face appears suddenly with distorted proportions and unnatural symmetry.",FALSE,none,Window and furniture structures appear geometrically stable.,FALSE,none,Spatial arrangement of the room is plausible.,TRUE,H,"Between 0:01 and 0:02, the cat's head snaps from a non-existent state to a fully formed face instantly, violating rigid body motion physics.",TRUE,H,"The subject changes from a headless fur mound at 0:00 to a distinct cat face at 0:02, indicating severe identity instability.",TRUE,H,The sudden appearance of the cat's face at 0:02 without intermediate frames of movement is a major continuity break.,FALSE,none,No complex causal interactions observed beyond the motion glitch.,"The cat's head is completely absent or melted into the body in the first second, then instantly snaps into a fully formed face, demonstrating impossible topology and temporal continuity.",The video exhibits classic generative failure modes where the model struggles to maintain object permanence and structural integrity of the animal subject over time.,
w2_033_hunyuan_20260719_150439,Hunyuan,Qwen_3.5,2026-08-01,AI-generated,85,TRUE,M,"0:00-0:02, horse coat has uniform plastic-like sheen lacking individual hair detail; background grass is smooth and repetitive without texture variation.",TRUE,M,"0:00-0:02, soft halo around horse edges, especially mane and tail, blending unnaturally into background.",FALSE,none,Lighting appears consistent with a single overhead source; no obvious shadows or reflection errors.,FALSE,none,"No visible watermarks, logos, or overlay text; no frequency-domain regularities apparent in pixel data.",FALSE,none,no human subjects present,TRUE,H,"0:00-0:02, horse legs exhibit impossible joint angles and merging limbs during gallop cycle; front legs appear to fuse mid-stride.",FALSE,none,No mechanical objects or text present; scale relationships plausible for horse in field.,FALSE,none,Spatial arrangement of horse and horizon is physically possible; no missing expected elements.,TRUE,H,"0:00-0:02, leg motion is non-rigid and jittery; hooves slide across ground without proper contact physics; tail flicks unnaturally fast.",TRUE,M,"0:00-0:02, white facial marking shifts shape slightly between frames; mane density fluctuates inconsistently.",FALSE,none,No objects appear/disappear; lighting remains stable; no loop artifacts detected in short clip.,TRUE,M,"0:00-0:02, horse's momentum does not match leg movement — body accelerates without corresponding ground reaction force visible.",Impossible leg fusion and non-rigid motion during gallop cycle at 0:00-0:02.,Multiple severe temporal and anatomical violations indicate synthetic generation; motion artifacts dominate perception.,
w2_034_hunyuan_20260719_150731,Hunyuan,Qwen_3.5,2026-08-01,AI-generated,85,TRUE,M,"0:00 - The wood grain on the branch appears overly smooth and lacks the micro-detail expected in a macro shot, giving it a plastic-like quality.",TRUE,M,"0:00 - The edges of the small creature are indistinct and bleed into the background, lacking a sharp occlusion boundary.",FALSE,none,Lighting appears consistent with a natural outdoor environment.,FALSE,none,No visible watermarks or logos.,FALSE,none,No human subjects present.,TRUE,H,"0:00 - The creature lacks any definable anatomical features such as a head, eyes, or distinct limbs; it appears as a formless, fuzzy blob attached to the branch.",FALSE,none,"The branch structure is plausible, though texture is synthetic.",FALSE,none,Spatial arrangement of branch and background is standard.,TRUE,M,"0:01 - The creature exhibits a jittery, vibrating motion rather than natural biological movement, characteristic of temporal instability in generation.",TRUE,L,0:01 - The shape and volume of the creature fluctuate slightly between frames without clear cause.,FALSE,none,No objects appear or disappear abruptly.,FALSE,none,No clear physics violations observed beyond the unnatural motion.,"The central subject is a formless, amorphous blob lacking any recognizable animal anatomy (head, legs, eyes), which is a definitive sign of generative failure.","The video exhibits classic signs of early text-to-video models struggling with small, complex subjects, resulting in a 'fuzzy blob' creature and unstable temporal coherence.",
w2_035_hunyuan_20260719_151022,Hunyuan,Qwen_3.5,2026-08-01,Real,92,FALSE,none,no texture defects; natural underwater grain and fish scale detail visible,FALSE,none,"fish edges are naturally soft due to water diffusion, not AI blur or halo",FALSE,none,lighting consistent with underwater sun penetration; no impossible shadows or reflections,FALSE,none,"no visible watermarks, logos, or synthetic noise patterns",FALSE,none,no human subjects present,FALSE,none,"fish anatomy is biologically accurate; fin placement, eye position, and body proportions correct",FALSE,none,no distorted objects; coral and seabed structures appear natural and stable,FALSE,none,spatial layout of fish school and reef is physically plausible and perspective-consistent,FALSE,none,fish swim with natural undulation and schooling behavior; no jitter or non-rigid motion,FALSE,none,individual fish maintain consistent appearance across frames; no morphing or pattern shift,FALSE,none,no objects appear/disappear; lighting and background remain temporally coherent,FALSE,none,no physics violations; fish movement obeys fluid dynamics and gravity,no strong artefacts observed,Video exhibits natural underwater optical properties and biologically accurate animal behavior; no indicators of synthetic generation.,
w2_036_hunyuan_20260719_151314,Hunyuan,Qwen_3.5,2026-08-01,Real,85,FALSE,none,Skin texture and fabric weave appear natural with appropriate noise; no waxy or plastic look observed.,FALSE,none,Object edges are consistent with optical depth-of-field blur; no haloing or dissolution artifacts detected.,FALSE,none,Lighting direction and shadow placement on hands and cards are physically consistent throughout the clip.,FALSE,none,"No visible watermarks, logos, or synthetic frequency patterns detected in the pixel data.",FALSE,none,"Hand structure, finger count, and joint movements during the card shuffle appear anatomically correct.",FALSE,none,no non-human subjects present,FALSE,none,Playing cards maintain rigid rectangular geometry and consistent back patterns; no morphing or text gibberish.,FALSE,none,Spatial arrangement of hands relative to the body and background is logical and perspective-consistent.,FALSE,none,Motion blur is consistent with high-speed hand movement; no jitter or non-rigid warping of the cards observed.,FALSE,none,Card back pattern and suit designs remain stable and consistent across all frames.,FALSE,none,No objects appear or disappear unexpectedly; lighting remains stable throughout the short clip.,FALSE,none,"Physics of the card shuffle (momentum, gravity, collision) appear natural and cause-effect consistent.",no strong artefacts observed,"The video displays natural motion blur and optical characteristics typical of a real camera recording a fast action, with no signs of generative instability.",
w2_037_hunyuan_20260719_151606,Hunyuan,Qwen_3.5,2026-08-01,Real,85,FALSE,none,no texture defects observed; motion blur is consistent with camera capture,FALSE,none,"edges are soft due to motion blur, not AI boundary dissolution",FALSE,none,lighting is consistent with stage performance; no impossible shadows,FALSE,none,no watermarks or synthetic noise patterns visible,FALSE,none,anatomy appears correct despite motion blur; no extra limbs or distortions,FALSE,none,no non-human subjects present,FALSE,none,dress and stage structure appear physically plausible,FALSE,none,spatial arrangement is consistent with a stage performance,FALSE,none,motion blur is natural and consistent with high-speed rotation,FALSE,none,dancer's appearance remains consistent throughout the clip,FALSE,none,no objects appear/disappear; lighting remains stable,FALSE,none,physics of spinning dress and body movement are consistent with reality,no strong artefacts observed,The video exhibits natural motion blur and lighting consistent with a real camera recording a dancer on stage.,
w2_038_hunyuan_20260719_151858,Hunyuan,Qwen_3.5,2026-08-01,Real,92,FALSE,none,Skin texture appears natural with appropriate pore detail and no waxy artifacts.,FALSE,none,Edges are sharp where in focus and naturally blurred due to depth of field; no haloing or bleeding.,FALSE,none,Lighting is consistent with the visible vanity bulb source; shadows and highlights behave physically.,FALSE,none,"No watermarks, logos, or synthetic noise patterns detected.",FALSE,none,Hand holding the brush shows correct finger count and joint articulation; facial features are stable.,FALSE,none,no non-human subjects present,FALSE,none,Makeup brush and mirror structure appear physically correct with no distortion.,FALSE,none,"Spatial arrangement of the subject, mirror, and background lights is logical and perspective-correct.",FALSE,none,Hand movement applying makeup is smooth and follows natural acceleration curves.,FALSE,none,Subject's facial features and clothing remain consistent throughout the clip.,FALSE,none,No objects appear or disappear; lighting remains constant.,FALSE,none,Physical interaction between the brush and the eyelid follows expected cause-and-effect.,no strong artefacts observed,The video exhibits natural depth of field blur and consistent lighting typical of real camera footage.,
w2_039_hunyuan_20260719_152150,Hunyuan,Qwen_3.5,2026-08-01,Real,85,FALSE,none,No texture defects observed; low resolution and motion blur are consistent with real camera capture in low light.,FALSE,none,"Boundaries show natural motion blur and depth-of-field softness typical of optical lenses, not AI synthesis artifacts.",FALSE,none,Lighting is consistent with string lights and ambient night scene; no impossible shadows or mismatches.,FALSE,none,"No visible watermarks, logos, or synthetic noise patterns detected across the frame.",FALSE,none,Human figures are blurred due to motion and distance; no anatomical distortions visible even on close inspection.,FALSE,none,no non-human subjects present,FALSE,none,"Tents, banners, and lights maintain structural integrity; no warping or gibberish text observed.",FALSE,none,Spatial layout is coherent; perspective and object placement are physically plausible.,FALSE,none,Motion blur is uniform and directionally consistent with crowd movement; no jitter or non-rigid deformation.,FALSE,none,No identity morphing or clothing pattern shifts observed; individuals remain visually consistent across frames.,FALSE,none,No objects appear/disappear abruptly; lighting and background motion are temporally stable.,FALSE,none,No physics violations observed; crowd movement and object interactions follow expected causal behavior.,no strong artefacts observed,"The video exhibits characteristics of real-world low-light cinematography: motion blur, grain, and soft focus — all consistent with handheld or stabilized camera capture at night.",
w2_040_hunyuan_20260719_152442,Hunyuan,Qwen_3.5,2026-08-01,Real,92,FALSE,none,Fur texture is detailed and natural with individual strands visible; no waxy or plastic appearance.,FALSE,none,Edges of the dog and reflection are sharp and consistent with optical focus; no haloing or bleeding.,FALSE,none,Lighting is consistent with an overcast outdoor environment; shadows and reflections match the scene geometry.,FALSE,none,"No visible watermarks, logos, or synthetic noise patterns detected.",FALSE,none,"Only legs are visible, showing natural fabric drape and shoe structure; no anatomical defects.",FALSE,none,"Dog anatomy is correct; paws, tail, ears, and facial features are proportionate and realistic.",FALSE,none,"Leash, door frame, and pavement tiles maintain structural integrity and correct perspective.",FALSE,none,"Spatial arrangement of dog, owner, and reflection is physically plausible and consistent.",FALSE,none,Dog's gait is natural with correct weight distribution; no foot sliding or jitter.,FALSE,none,Dog's appearance and fur pattern remain constant throughout the clip.,FALSE,none,Reflection moves in perfect sync with the subject; no objects appear or disappear unexpectedly.,FALSE,none,Physics of movement and interaction with the leash are consistent with reality.,no strong artefacts observed,"The video exhibits high fidelity in texture, lighting, and motion physics, particularly in the complex interaction of the dog's fur and its reflection, which shows no signs of generative degradation.",
w2_001_wan_20260719_162444,Wan,Qwen_3.5,2026-08-01,Real,92,FALSE,none,Skin texture shows natural pores and wrinkles consistent with age; no waxy or plastic appearance observed.,FALSE,none,Hair edges and clothing boundaries are sharp and distinct against the background; no halo or bleed observed.,FALSE,none,Lighting is consistent with outdoor daylight; shadows fall naturally on the neck and under the chin.,FALSE,none,"No visible watermarks, logos, or synthetic noise patterns detected in the frame.",FALSE,none,"Facial features, teeth, and ears appear anatomically correct; no distortions or extra limbs visible.",FALSE,none,No non-human subjects present in the video.,FALSE,none,"Clothing folds and jewelry (earrings, necklace) maintain structural integrity and realistic physics.",FALSE,none,Background depth of field is consistent with optical lens blur; spatial arrangement is logical.,FALSE,none,Facial movements during speech are smooth and biomechanically accurate; no jitter or sliding observed.,FALSE,none,Subject's identity remains stable throughout the clip; no morphing of facial features or clothing patterns.,FALSE,none,No objects appear or disappear; lighting and background remain consistent across frames.,FALSE,none,Mouth movements correspond logically to speech articulation; no physics violations observed.,no strong artefacts observed,"The video exhibits high-fidelity biological motion and optical characteristics typical of real camera footage, with no signs of generative synthesis.",
w2_002_wan_20260719_162850,Wan,Qwen_3.5,2026-08-01,Real,92,FALSE,none,"Skin texture shows natural pores, wrinkles, and subsurface scattering consistent with real human skin; no waxy or plastic appearance.",FALSE,none,Subject edges are sharp and well-defined against the background; no haloing or bleeding observed.,FALSE,none,Lighting is consistent with overhead spherical fixtures; shadows fall naturally under the chin and nose.,FALSE,none,"No visible watermarks, logos, or synthetic noise patterns detected in any frame.",FALSE,none,"Facial features, teeth, and ears are anatomically correct; no distortions or extra/missing parts.",FALSE,none,No non-human subjects present.,FALSE,none,"Background objects (shelves, lights, counter) maintain correct geometry and scale.",FALSE,none,Perspective and spatial arrangement of cafe interior are physically plausible.,FALSE,none,Head movement and laughter motion are fluid and natural; no jitter or sliding.,FALSE,none,Subject's facial identity and clothing remain stable throughout the clip.,FALSE,none,Background activity and lighting remain continuous; no sudden shifts or disappearing objects.,FALSE,none,Physical interactions and movements obey laws of physics; no causality violations.,no strong artefacts observed,"The video exhibits high-fidelity capture characteristics including natural depth of field, consistent lighting, and organic micro-movements typical of real camera footage.",
w2_003_wan_20260719_163256,Wan,Qwen_3.5,2026-08-01,Real,92,FALSE,none,Skin texture shows natural pores and micro-variations; hair strands are distinct and irregular.,FALSE,none,Edges of glasses and hair are sharp with natural depth-of-field blur; no halos or bleeding.,FALSE,none,Lighting is consistent with a window source; reflections in glasses match the environment.,FALSE,none,"No visible watermarks, logos, or synthetic noise patterns detected.",FALSE,none,"Facial features, ears, and visible fingers appear anatomically correct and stable.",FALSE,none,no non-human subjects present,FALSE,none,Book structure and glasses frames maintain rigid geometry; no text gibberish visible.,FALSE,none,Perspective and spatial arrangement of subject and background are physically plausible.,FALSE,none,Head and eye movements are smooth and natural; no jitter or sliding.,FALSE,none,Subject's appearance and clothing remain consistent throughout the clip.,FALSE,none,No objects appear or disappear; lighting remains stable.,FALSE,none,Physics of holding the book and eye movement follow natural laws.,no strong artefacts observed,The video exhibits high-fidelity details such as accurate glass reflections and natural skin texture that are characteristic of real camera footage.,
w2_004_wan_20260719_163702,Wan,Qwen_3.5,2026-08-01,Real,15,FALSE,none,Skin texture appears natural with appropriate pore detail and subsurface scattering; no waxy or plastic appearance observed.,FALSE,none,Hair edges are sharp and distinct against the background; no haloing or dissolution observed.,FALSE,none,Lighting is consistent with an overcast day viewed through a window; shadows and highlights on the face are physically plausible.,FALSE,none,"No visible watermarks, logos, or synthetic noise patterns detected in the frame.",FALSE,none,"Facial features including eyes, nose, and mouth are proportionate and anatomically correct; no distortions observed.",FALSE,none,No non-human subjects present in the video.,FALSE,none,Raindrops on the window exhibit correct fluid dynamics and refraction; no structural distortions.,FALSE,none,Spatial relationship between the subject and the window is consistent with standard perspective.,FALSE,none,Subject movement is subtle and natural; raindrop motion follows gravity correctly without jitter.,FALSE,none,Subject's facial features and clothing pattern remain consistent throughout the clip.,FALSE,none,No objects appear or disappear unexpectedly; lighting remains stable.,FALSE,none,"Physical interactions, such as the gaze direction and rain flow, adhere to real-world physics.",no strong artefacts observed,"The video displays high fidelity in texture, lighting, and motion, characteristic of real camera footage.",
w2_005_wan_20260719_164108,Wan,Qwen_3.5,2026-08-01,Real,92,FALSE,none,Skin texture shows natural pores and beard hair detail; no waxy or plastic appearance observed.,FALSE,none,Subject edges are sharp and well-defined against the background; no halo or bleed effects.,FALSE,none,Lighting is consistent with overhead kitchen fixtures; shadows fall naturally on the face and uniform.,FALSE,none,"No visible watermarks, logos, or synthetic noise patterns detected in any frame.",FALSE,none,"Facial features, hand structure, and finger count appear anatomically correct throughout the clip.",FALSE,none,no non-human subjects present,FALSE,none,Spoon and uniform buttons maintain correct geometry and scale; no distortion observed.,FALSE,none,Kitchen environment perspective is consistent; background elements align logically with foreground.,FALSE,none,Hand movement bringing spoon to mouth is smooth and physically plausible; no jitter or sliding.,FALSE,none,Subject's facial features and clothing patterns remain stable across all frames.,FALSE,none,Background chef movement and foreground action are temporally consistent; no objects appear/disappear.,FALSE,none,Eating action follows logical cause-and-effect; spoon contents diminish appropriately.,no strong artefacts observed,"The video exhibits high fidelity in texture, lighting, and motion consistency typical of real camera footage.",
w2_006_wan_20260719_164514,Wan,Qwen_3.5,2026-08-01,Real,92,FALSE,none,"Skin texture shows natural pores, veins, and hair follicles with appropriate detail; no waxy or plastic appearance observed.",FALSE,none,"Object edges are sharp and well-defined; no haloing, bleeding, or dissolution between subject and background.",FALSE,none,Lighting is consistent with a cafe environment; shadows fall naturally under hands and keys; reflections on screen match ambient light.,FALSE,none,"No visible watermarks, logos, or synthetic noise patterns detected in the pixel data.",FALSE,none,"Hands display correct finger count, joint articulation, and proportions; no merging or distortion observed during typing motion.",FALSE,none,No non-human subjects present in the video clip.,FALSE,none,Laptop keyboard layout is geometrically consistent; keys depress realistically; no structural warping or gibberish text.,FALSE,none,Spatial arrangement of foreground laptop and background patrons follows natural perspective rules; depth of field is physically plausible.,FALSE,none,"Finger movements are fluid and biomechanically accurate; no jitter, sliding, or non-rigid deformation of rigid objects.",FALSE,none,"Hand appearance, skin tone, and clothing remain constant throughout the clip; no morphing or pattern shifting.",FALSE,none,Background elements remain stable; no objects appear or disappear spontaneously; lighting remains constant.,FALSE,none,Physical interactions between fingers and keys obey causality and conservation of matter; no gravity violations.,no strong artefacts observed,The video exhibits high-fidelity temporal coherence and anatomical correctness typical of real-world camera capture.,
w2_007_wan_20260719_164920,Wan,Qwen_3.5,2026-08-01,Real,92,FALSE,none,Natural skin texture with visible pores and veins; realistic plastic sheen on the milk jug.,FALSE,none,"Sharp, clean edges on the mug and jug; natural optical depth-of-field blur in the background.",FALSE,none,Consistent directional sunlight from the right casting physically accurate shadows and specular highlights on the liquid.,FALSE,none,"No visible watermarks, logos, or synthetic noise patterns detected.",FALSE,none,Hand structure is anatomically correct with proper finger articulation and grip on the jug handle.,FALSE,none,no non-human subjects present,FALSE,none,"Mug, jug, and coffee machine maintain rigid, correct geometry throughout the clip.",FALSE,none,Spatial arrangement of kitchen items is logical and perspective is consistent.,FALSE,none,Fluid dynamics of the pouring milk are physically accurate with natural turbulence and flow.,FALSE,none,"Objects maintain consistent appearance, color, and texture across all frames.",FALSE,none,No objects appear or disappear; lighting and background remain stable.,FALSE,none,Gravity and momentum of the liquid behave according to real-world physics.,no strong artefacts observed,The video exhibits high-fidelity fluid simulation and natural lighting interactions typical of real-world camera capture.,
w2_008_wan_20260719_165326,Wan,Qwen_3.5,2026-08-01,Real,92,FALSE,none,Natural fabric weave on jeans and canvas texture on shoes visible; skin shows natural pores and imperfections.,FALSE,none,Sharp edges on shoes and clothing; no haloing or bleeding observed.,FALSE,none,Consistent sunlight direction casting realistic shadows under the bench and shoes.,FALSE,none,"No visible watermarks, logos, or synthetic noise patterns.",FALSE,none,Hands show correct finger count and natural joint movement while tying laces; face proportions are normal.,FALSE,none,no non-human subjects present,FALSE,none,Shoes and bench maintain correct structural integrity and scale relationships.,FALSE,none,Perspective is consistent with a low-angle shot; spatial arrangement of leaves and ground is logical.,FALSE,none,Hand movements are fluid and physically accurate; no jitter or sliding observed.,FALSE,none,Clothing patterns and shoe details remain consistent throughout the clip.,FALSE,none,No objects appear or disappear; lighting remains stable across cuts.,FALSE,none,Physics of shoelace tying and body movement adhere to real-world mechanics.,no strong artefacts observed,"The video exhibits natural lighting, consistent physics, and high-fidelity textures typical of real camera footage.",
w2_009_wan_20260719_165735,Wan,Qwen_3.5,2026-08-01,Real,92,FALSE,none,"Paper grain, ink absorption, and skin texture appear natural and high-fidelity throughout the clip.",FALSE,none,"Edges of the hand, pen, and notebook are sharp and consistent with optical focus; no halos or bleeding observed.",FALSE,none,Lighting is consistent with a single source; shadows cast by the hand and pen align physically with the scene geometry.,FALSE,none,"No visible watermarks, logos, or synthetic noise patterns detected in the pixel data.",FALSE,none,"Hand structure, finger count, and grip on the fountain pen are anatomically correct and stable.",FALSE,none,no non-human subjects present,FALSE,none,The fountain pen and notebook maintain structural integrity; handwritten text is legible and coherent.,FALSE,none,Spatial arrangement of objects on the desk is logical and perspective is consistent.,FALSE,none,Hand movement and ink flow are smooth and physically plausible; no jitter or sliding artifacts.,FALSE,none,Objects and subject identity remain constant; no morphing of the hand or changes in the notebook appearance.,FALSE,none,The writing action proceeds continuously without objects appearing or disappearing unexpectedly.,FALSE,none,"Ink appears on the paper strictly as a result of the pen tip contact, adhering to physical causality.",no strong artefacts observed,"The video displays high-quality macro footage of writing with natural lighting, coherent text generation, and physically accurate fluid dynamics of the ink.",
w2_010_wan_20260719_170141,Wan,Qwen_3.5,2026-08-01,Real,95,FALSE,none,Skin texture and wood grain appear natural with appropriate detail and variation.,FALSE,none,Object edges are sharp and well-defined against the background.,FALSE,none,"Lighting is consistent with a single overhead source, casting natural shadows.",FALSE,none,"No visible watermarks, logos, or synthetic noise patterns detected.",FALSE,none,"Hands and fingers display correct count, proportions, and joint movement.",FALSE,none,no non-human subjects present,FALSE,none,Playing cards maintain rigid structure and correct geometry throughout manipulation.,FALSE,none,Spatial arrangement of table and hands follows standard perspective rules.,FALSE,none,"Card shuffling motion is fluid, with natural acceleration and deceleration.",FALSE,none,Card back patterns and hand appearance remain consistent across frames.,FALSE,none,No objects appear or disappear unexpectedly; background remains static.,FALSE,none,Physical interactions between hands and cards obey laws of physics and momentum.,no strong artefacts observed,"The video exhibits high fidelity in texture, lighting, and motion physics, characteristic of real-world footage.",
w2_011_wan_20260719_170547,Wan,Qwen_3.5,2026-08-01,Real,92,FALSE,none,Natural skin texture with visible pores and fabric weave on clothing; no waxy or plastic appearance.,FALSE,none,"Sharp, clean edges on subjects and background elements; no haloing or bleeding observed.",FALSE,none,Consistent golden hour lighting with physically accurate shadows and highlights matching the sun position.,FALSE,none,"No visible watermarks, logos, or synthetic noise patterns detected in the pixel data.",FALSE,none,"Correct finger counts, natural facial proportions, and realistic joint movement throughout the clip.",FALSE,none,no non-human subjects present,FALSE,none,Vehicles and buildings maintain correct structural integrity and perspective; no gibberish text on signs.,FALSE,none,Spatial arrangement of pedestrians and architecture follows natural depth and perspective rules.,FALSE,none,"Smooth, natural gait with correct foot contact; no jitter or sliding observed.",FALSE,none,Facial features and clothing patterns remain consistent across all frames.,FALSE,none,Background pedestrians move continuously without popping or teleporting; lighting remains stable.,FALSE,none,Physical interactions such as walking and gesturing adhere to standard laws of physics.,no strong artefacts observed,"The video exhibits high-fidelity capture characteristics including natural motion blur, consistent depth of field, and complex background activity that behaves realistically.",
w2_012_wan_20260719_170953,Wan,Qwen_3.5,2026-08-01,Real,92,FALSE,none,Natural skin texture and fabric details visible on clothing; no waxy or plastic appearance.,FALSE,none,"Sharp, clean edges on all subjects and objects; no haloing or bleeding observed.",FALSE,none,Consistent warm indoor lighting with correct shadow directions cast by lamps and overhead sources.,FALSE,none,"No visible watermarks, logos, or synthetic noise patterns detected in the frame.",FALSE,none,"All four individuals display correct limb counts, finger positions, and facial proportions.",FALSE,none,No non-human subjects present in the video.,FALSE,none,"Furniture, cutlery, and tableware maintain correct structural integrity and scale relationships.",FALSE,none,Perspective and spatial arrangement of the dining room are physically plausible and consistent.,FALSE,none,"Natural, fluid motion of eating and talking; no jitter or sliding observed.",FALSE,none,"Character appearances, clothing patterns, and object colors remain stable throughout the clip.",FALSE,none,No objects appear or disappear unexpectedly; background remains static and consistent.,FALSE,none,Physical interactions with food and utensils follow standard laws of physics and causality.,no strong artefacts observed,"The video exhibits high fidelity in lighting, texture, and temporal consistency, characteristic of genuine camera footage.",
w2_013_wan_20260719_171359,Wan,Qwen_3.5,2026-08-01,AI-generated,95,TRUE,M,"At 0:01, the skin on the man's face (left) appears overly smooth and waxy, lacking natural pores or fine texture, particularly on the forehead and cheeks.",TRUE,M,"At 0:02, the edges of the woman's hair (right) show slight haloing and softness against the bright window background, suggesting blending issues.",TRUE,L,"At 0:00, the shadows cast by the glasses on the man's face (left) do not perfectly align with the strong directional light coming from the window on the right.",FALSE,none,"No visible watermarks, logos, or overlay text indicating generator origin are present in the video.",TRUE,H,"At 0:01, the hands of the man in the center are distorted; the fingers appear to merge and lack distinct joints, a common AI failure mode.",FALSE,none,No non-human subjects or animals are present in the video.,TRUE,H,"At 0:00, the text on the whiteboard in the background is completely illegible gibberish, consisting of nonsensical squiggles rather than letters.",FALSE,none,The spatial arrangement of the people and objects in the meeting room appears physically plausible and consistent.,TRUE,M,"At 0:01, the hand gestures of the man in the center exhibit a slight jitter and unnatural fluidity, lacking the micro-pauses of real human movement.",FALSE,none,The facial features and clothing of the subjects remain consistent throughout the short clip.,FALSE,none,"No objects appear or disappear suddenly, and lighting remains consistent across the frames.",FALSE,none,"No violations of physics or causality, such as gravity failures or object penetration, are observed.","The text on the whiteboard is rendered as illegible gibberish, and the hands of the central figure show severe structural distortion with merged fingers.","The combination of illegible background text and distorted hands provides strong evidence of AI generation, despite the relatively high visual fidelity of the faces.",
w2_014_wan_20260719_171805,Wan,Qwen_3.5,2026-08-01,Real,95,FALSE,none,Natural skin texture and fabric details visible; no waxy or plastic appearance.,FALSE,none,Sharp edges on subjects and background elements; no haloing or bleeding.,FALSE,none,Consistent sunlight direction with natural shadows cast by trees and subjects.,FALSE,none,"No visible watermarks, logos, or synthetic noise patterns.",FALSE,none,"Correct finger counts, facial proportions, and limb structure for both subjects.",FALSE,none,no non-human subjects present,FALSE,none,Bicycle structure is mechanically sound with correct wheel alignment and handlebars.,FALSE,none,Perspective and spatial arrangement of park elements are physically consistent.,FALSE,none,"Smooth, natural movement of the bicycle and walking motion without jitter.",FALSE,none,Clothing patterns and facial features remain stable across frames.,FALSE,none,No objects appear or disappear; background motion matches camera movement.,FALSE,none,Physics of balance and motion are consistent with real-world mechanics.,no strong artefacts observed,"The video displays high fidelity in lighting, texture, and motion consistent with real-world capture.",
w2_015_wan_20260719_172211,Wan,Qwen_3.5,2026-08-01,AI-generated,92,TRUE,M,"0:01 - The pigeons on the ground exhibit a waxy, plastic-like texture lacking fine feather detail, appearing more like smooth clay models than real birds.",TRUE,M,"0:00 - The flying pigeon on the far left has blurred, dissolving edges that bleed into the background trees, lacking distinct wing separation.",FALSE,none,Lighting appears consistent with a sunny autumn day; shadows fall correctly under the bench and subjects.,FALSE,none,"No visible watermarks, logos, or overlay text indicating generator origin.",FALSE,none,The couple's faces and hands appear anatomically correct with natural proportions and expressions.,TRUE,H,"0:02 - The pigeons on the ground have distorted, impossible anatomy; their legs appear fused or missing, and their bodies morph unnaturally as they 'walk', resembling sliding blobs rather than birds.",FALSE,none,The bench structure and background elements maintain consistent geometry.,FALSE,none,Spatial arrangement of the park scene is logical and perspective is correct.,TRUE,H,"0:01-0:02 - The pigeons on the ground exhibit severe non-rigid motion; they slide across the pavement without leg movement, and their bodies warp and stretch unnaturally during translation.",TRUE,M,"0:00-0:02 - The number and shape of the pigeons on the ground fluctuate slightly, and the flying bird on the left changes shape drastically between frames.",FALSE,none,No objects appear or disappear abruptly; the scene flow is continuous aside from the motion artifacts.,FALSE,none,No violations of physics such as gravity failures or object interpenetration observed beyond the motion synthesis errors.,"The pigeons on the ground display impossible non-rigid motion and distorted anatomy, sliding across the pavement like melting wax rather than walking.","While the human subjects are rendered with high fidelity, the failure to simulate bird locomotion and anatomy is a definitive marker of current video generation models.",
w2_016_wan_20260719_172618,Wan,Qwen_3.5,2026-08-01,Real,95,FALSE,none,Grass shows natural variation and fine detail; no waxy or plastic appearance.,FALSE,none,Edges of the player and ball are sharp and well-defined against the background.,FALSE,none,Shadows cast by the player and ball are consistent with the overhead sunlight.,FALSE,none,"No visible watermarks, logos, or synthetic noise patterns detected.",FALSE,none,Legs and feet appear anatomically correct with natural movement.,FALSE,none,no non-human subjects present,FALSE,none,Soccer ball maintains correct spherical shape and panel geometry throughout.,FALSE,none,"Perspective and spatial arrangement of goal, fence, and player are physically consistent.",FALSE,none,Ball roll and foot placement exhibit natural physics and momentum.,FALSE,none,Clothing patterns and ball design remain stable across frames.,FALSE,none,No objects appear or disappear; background remains consistent.,FALSE,none,Interaction between foot and ball follows standard laws of physics.,no strong artefacts observed,"The video displays high fidelity with natural lighting, consistent physics, and no visible generation errors.",
w2_017_wan_20260719_173114,Wan,Qwen_3.5,2026-08-01,Real,92,FALSE,none,Natural sand grain and water foam texture visible throughout; no waxy or plastic appearance.,FALSE,none,Subject edges are sharp and consistent with motion blur expected from camera panning; no haloing or dissolution.,FALSE,none,"Lighting is consistent with a low sun angle (golden hour), casting long shadows and warm tones naturally.",FALSE,none,"No visible watermarks, logos, or synthetic noise patterns detected in the pixel data.",FALSE,none,"Runner's limbs, torso, and head proportions are anatomically correct; no extra or missing digits/limbs.",FALSE,none,No non-human subjects present in the video clip.,FALSE,none,Clothing and shoes maintain structural integrity; no morphing or impossible geometry.,FALSE,none,Horizon line is straight and perspective is consistent with a telephoto lens compression.,FALSE,none,Running gait is fluid and biomechanically accurate; foot contact with sand creates realistic displacement.,FALSE,none,Subject's appearance remains constant throughout the short clip; no texture shifting on clothing.,FALSE,none,Wave patterns and background elements move continuously without sudden jumps or loops.,FALSE,none,Physics of running and wave movement adhere to natural laws; no gravity violations.,no strong artefacts observed,"The video exhibits natural motion blur, consistent lighting, and physically accurate interaction between the runner and the sand, characteristic of real camera footage.",
w2_018_wan_20260719_173520,Wan,Qwen_3.5,2026-08-01,Real,92,FALSE,none,Natural fabric texture on jeans and t-shirt visible; no waxy or plastic appearance.,FALSE,none,Sharp edges on skater and ramp; no haloing or bleeding observed.,FALSE,none,Consistent outdoor lighting with correct shadow direction under the skater and trees.,FALSE,none,"No visible watermarks, logos, or synthetic noise patterns detected.",FALSE,none,"Skater's hands, feet, and facial features appear anatomically correct throughout the trick.",FALSE,none,no non-human subjects present,FALSE,none,Skateboard wheels and trucks maintain structural integrity; ramp geometry is consistent.,FALSE,none,"Perspective and spatial relationships between trees, buildings, and ramp are physically plausible.",FALSE,none,Smooth motion blur consistent with camera panning; no jitter or sliding artifacts.,FALSE,none,Clothing patterns and skater identity remain stable across all frames.,FALSE,none,Background elements and lighting remain continuous; no objects appear or disappear.,FALSE,none,Physics of the jump and landing follow natural gravity and momentum.,no strong artefacts observed,The video exhibits natural motion blur and consistent lighting typical of real-world action camera footage.,
w2_019_wan_20260719_173926,Wan,Qwen_3.5,2026-08-01,AI-generated,95,TRUE,M,"0:00 - The water surface has a smooth, plastic-like sheen lacking natural micro-turbulence; the swimmer's skin appears overly smooth and waxy.",TRUE,H,"0:00 - The splash behind the swimmer dissolves into the background with soft, undefined edges rather than distinct droplets; haloing visible around the swimmer's silhouette.",FALSE,none,"Lighting appears consistent with an indoor pool environment, though reflections are somewhat generic.",FALSE,none,No visible watermarks or logos present.,TRUE,H,0:00 - The swimmer's legs appear fused or malformed at the knees; the feet are indistinct blobs merging with the water surface.,FALSE,none,No non-human subjects present.,TRUE,M,0:01 - The swim cap and goggles merge into a single indistinct shape on the head; the swimsuit pattern lacks clear definition.,FALSE,none,"Pool lane lines and background tiles are present, though slightly distorted by motion blur.",TRUE,H,"0:01-0:02 - The splash motion is non-physical, expanding and contracting in impossible ways; water droplets freeze and melt simultaneously.",TRUE,M,0:01 - The swimmer's body shape and limb positions shift unnaturally between frames as they enter the water.,TRUE,M,"0:02 - The splash disappears too rapidly and cleanly, inconsistent with fluid dynamics; background elements shift slightly.",TRUE,H,0:01-0:02 - Water behaves inconsistently with gravity and momentum; the splash appears to move independently of the swimmer's entry point.,"The swimmer's lower body anatomy is severely malformed with fused legs and indistinct feet, combined with non-physical water splash behavior.",Multiple severe anatomical and physics violations indicate synthetic generation. The water simulation lacks realistic fluid dynamics.,
w2_020_wan_20260719_174332,Wan,Qwen_3.5,2026-08-01,AI-generated,95,TRUE,M,"At 0:00, the clay court surface lacks individual particle detail, appearing as a smooth, painted texture rather than loose dirt. The trees in the background also show a waxy, blended leaf texture.",TRUE,M,"At 0:01, the edges of the tennis racket strings are soft and bleed into the background sky. The player's hairline shows slight haloing against the trees.",TRUE,L,"At 0:02, the shadow cast by the player is inconsistent with the bright overhead sunlight; it is too soft and lacks the sharp definition expected on a clay court.",FALSE,none,No visible watermarks or generator logos present.,TRUE,H,"At 0:02, during the serve motion, the player's left hand (raised for balance) exhibits severe deformation, with fingers merging into a claw-like shape and incorrect joint articulation.",FALSE,none,No non-human subjects present.,TRUE,M,"At 0:01, the text on the net tape ('LACOSTE' or similar) is rendered as gibberish, with letters merging and lacking distinct shapes.",FALSE,none,"Scene layout is generally plausible, though background depth feels slightly compressed.",TRUE,H,"At 0:02, the tennis ball disappears mid-air during the toss and reappears instantly near the racket strings, violating continuous motion physics.",TRUE,L,"Between 0:01 and 0:02, the pattern on the player's white shorts shifts slightly in texture density without logical cause.",TRUE,M,"At 0:00, dust clouds appear around the player's feet despite no prior foot movement to generate them, suggesting generated atmospheric noise.",TRUE,H,"At 0:02, the ball vanishes and reappears (teleportation), a direct violation of object permanence and causality.",Severe hand deformation at 0:02 where fingers merge into a non-anatomical claw shape during the serve.,Multiple high-severity temporal and anatomical failures confirm synthetic generation. The ball teleportation and hand morphing are definitive markers.,
w2_021_wan_20260719_174738,Wan,Qwen_3.5,2026-08-01,AI-generated,95,FALSE,none,no texture defects observed,FALSE,none,no boundary defects observed,FALSE,none,no lighting inconsistencies observed,FALSE,none,no visible watermarks or provenance signals,FALSE,none,no human anatomy defects observed,FALSE,none,no non-human subjects present,TRUE,H,"0:00 - text on bookstore window is gibberish: 'IEKPCPHEEISHEN', 'Crylesviorcam Stpyiz', 'DKOS BOEOSIKS'",FALSE,none,no scene composition errors observed,FALSE,none,no motion artefacts observed,FALSE,none,no identity or object drift observed,FALSE,none,no continuity errors observed,FALSE,none,no causality violations observed,"Gibberish text rendered on the bookstore window glass at 0:00, including nonsensical words like 'Crylesviorcam Stpyiz' and 'DKOS BOEOSIKS'.","The presence of completely illegible, AI-generated placeholder text on signage is a hallmark of text-to-video models failing to render coherent language.",
w2_022_wan_20260719_175144,Wan,Qwen_3.5,2026-08-01,AI-generated,95,TRUE,M,"At 0:00, the foliage on the trees exhibits a smeared, painterly texture lacking individual leaf definition, characteristic of generative smoothing.",TRUE,L,"At 0:01, the edges of the newspaper stand and the man's coat show slight softness and blending into the background pavement, lacking crisp optical separation.",FALSE,none,Lighting appears consistent with an overcast day; no obvious shadow direction errors detected.,FALSE,none,No visible watermarks or generator logos present in the frame.,TRUE,M,"At 0:02, the man standing at the newsstand has a right hand that appears fused with the newspaper rack, lacking distinct finger definition.",FALSE,none,No non-human subjects or animals are present in the video.,TRUE,H,"Throughout 0:00-0:02, all signage contains gibberish text (e.g., 'NERKCOL', 'EAVRDAK', 'PEBONS'), a definitive marker of AI generation.",FALSE,none,Spatial arrangement of buildings and street furniture is logically consistent.,TRUE,M,"At 0:01, the pedestrian walking on the far right sidewalk exhibits a sliding motion with minimal leg articulation, typical of video model interpolation.",FALSE,none,Characters and objects maintain consistent appearance across the short duration.,FALSE,none,No objects appear or disappear abruptly; scene remains stable.,FALSE,none,No physics violations or causality errors observed.,"The presence of completely illegible, gibberish text on all street signs and shop fronts (e.g., 'NERKCOL', 'EAVRDAK') is a definitive indicator of AI generation.",The combination of nonsensical typography and subtle motion sliding on background pedestrians confirms synthetic origin.,
w2_023_wan_20260719_175550,Wan,Qwen_3.5,2026-08-01,AI-generated,95,FALSE,none,no obvious texture defects observed,TRUE,M,"0:00 - soft, slightly blurred edges around the walking person's legs and the cafe sign frame, particularly where they meet the background",FALSE,none,lighting appears consistent with an overcast day; no impossible shadows or reflections observed,FALSE,none,"no visible watermarks, logos, or overlay text indicating generator origin",TRUE,H,"0:00 - the walking person's lower body shows distorted leg structure and foot shape, with unnatural blending into the pavement and motion blur that suggests non-physical limb deformation",FALSE,none,no non-human subjects present,TRUE,H,"0:01 - the chalkboard signs display completely illegible, gibberish text ('Chanb Cam tamert ynrlex Miue', 'Henue Cafe') with inconsistent letterforms and spacing, characteristic of AI text rendering failure",FALSE,none,"spatial arrangement of chairs, tables, and signs is plausible for a cafe exterior",TRUE,M,"0:00 - the walking person exhibits slight jitter and unnatural gait, with feet appearing to slide rather than step firmly on the pavement",FALSE,none,no significant changes in object identity or appearance across frames,FALSE,none,no objects appear or disappear unexpectedly; lighting remains stable,FALSE,none,no violations of physics or causality observed,"The chalkboard signs display completely illegible, gibberish text with inconsistent letterforms, a hallmark of AI text generation failure.",Multiple severe artefacts including distorted human anatomy during motion and nonsensical text on signs strongly indicate AI generation. The combination of these errors across different domains increases confidence.,
w2_024_wan_20260719_175957,Wan,Qwen_3.5,2026-08-01,Real,92,FALSE,none,"Skin tones, fabric weaves on shirts, and backpack materials show natural variation and fine detail consistent with optical capture.",FALSE,none,Edges of subjects against the background are sharp and well-defined; no haloing or dissolution observed.,FALSE,none,Shadows cast by the station roof and pillars are consistent with the ambient daylight; reflections on the train window match the environment.,FALSE,none,"No visible watermarks, logos, or synthetic noise patterns detected in the pixel data.",FALSE,none,Hands gripping the door handle and holding the laptop show correct finger counts and natural joint articulation.,FALSE,none,No non-human subjects present.,FALSE,none,"The train door mechanism, laptop, and station signage maintain structural integrity and legible text.",FALSE,none,Perspective lines of the platform and train converge correctly; spatial relationships between people and objects are physically plausible.,FALSE,none,"Movement of the subjects walking and opening the door is smooth, with correct weight distribution and no foot sliding.",FALSE,none,Facial features and clothing patterns remain stable and consistent throughout the clip.,FALSE,none,Background pedestrians move naturally without popping or looping; lighting remains constant.,FALSE,none,"Physical interactions, such as the hand pulling the door handle, follow expected cause-and-effect physics.",no strong artefacts observed,"The video exhibits high fidelity in temporal coherence and physical interaction, particularly in the complex motion of the door opening and the natural occlusion of background figures.",
w2_025_wan_20260719_180423,Wan,Qwen_3.5,2026-08-01,AI-generated,92,TRUE,M,"0:01 - The skin on the boy's face and hands appears overly smooth and waxy, lacking natural pores or fine texture, particularly visible on the cheek and forehead.",TRUE,M,"0:02 - The edges of the boy's glasses and the marker in his hand show slight haloing and softness against the bright whiteboard background, indicating blending issues.",TRUE,L,"0:00 - The strong backlight from the window creates a lens flare, but the shadow cast by the boy's arm on the whiteboard is inconsistent with the light direction, appearing too diffuse and disconnected.",FALSE,none,"No visible watermarks, logos, or overlay text indicating generator origin found in the video frames.",TRUE,H,"0:02 - The boy's right hand holding the marker exhibits severe structural defects; the fingers appear to merge into the marker and each other, lacking distinct knuckles and proper grip topology.",FALSE,none,No non-human subjects or animals are present in the video.,TRUE,H,"0:01 - The mathematical text written on the whiteboard is gibberish; the symbols and numbers are distorted, floating, and do not form coherent equations or legible characters.",TRUE,M,"0:00 - The students in the background have distorted facial features and body proportions, with some appearing to melt into their desks or chairs, creating an impossible spatial arrangement.",TRUE,M,0:01 - The motion of the boy's hand writing is jittery and lacks the fluid micro-movements of natural writing; the marker tip seems to slide without friction.,TRUE,L,0:02 - The shape of the boy's ear and the frame of his glasses subtly shift and warp between frames as he moves his head.,TRUE,M,"0:01 - The text on the whiteboard changes appearance and position slightly between frames without the hand actively rewriting those specific parts, suggesting temporal inconsistency.",FALSE,none,No obvious violations of causality or physics such as objects passing through each other or gravity failures were observed beyond the structural defects.,"The hand holding the marker shows severe anatomical distortion with merged fingers, and the text on the whiteboard is illegible gibberish.","The combination of garbled text, malformed hands, and waxy skin textures strongly indicates AI generation.",
w2_026_wan_20260719_180830,Wan,Qwen_3.5,2026-08-01,Real,95,FALSE,none,Natural skin texture with visible pores and veins; vegetable surfaces show realistic moisture and cut details.,FALSE,none,"Sharp, clean edges on the knife and hands; no haloing or bleeding into the background.",FALSE,none,Consistent studio lighting with natural specular highlights on the metal knife blade and soft shadows under the hands.,FALSE,none,"No visible watermarks, logos, or synthetic noise patterns detected.",FALSE,none,"Hands display correct finger count, joint articulation, and grip mechanics appropriate for holding a knife.",FALSE,none,no non-human subjects present,FALSE,none,Knife geometry is rigid and correct; vegetable slices separate physically correctly without merging.,FALSE,none,Perspective and depth of field are consistent with a standard camera lens; spatial arrangement is logical.,FALSE,none,Chopping motion is fluid with natural acceleration and deceleration; no jitter or sliding.,FALSE,none,"Clothing, skin tone, and object appearance remain constant throughout the clip.",FALSE,none,Vegetable pieces accumulate naturally on the board; no objects appear or disappear spontaneously.,FALSE,none,Physics of cutting are preserved; knife passes through vegetables causing separation as expected.,no strong artefacts observed,The video exhibits high-fidelity motion blur and consistent lighting interactions typical of real camera footage.,
w2_027_wan_20260719_181236,Wan,Qwen_3.5,2026-08-01,Real,92,FALSE,none,High-fidelity textures observed throughout; fabric weave on apron and individual thread strands are distinct and natural.,FALSE,none,Sharp edges on the wooden loom and clear separation between the subject and the background threads.,FALSE,none,Consistent natural lighting from the right side creates physically accurate shadows on the subject's face and the loom structure.,FALSE,none,"No visible watermarks, logos, or synthetic noise patterns detected in any frame.",FALSE,none,Subject's hands show correct finger count and natural gripping mechanics; facial features remain stable and proportional.,FALSE,none,no non-human subjects present,FALSE,none,The weaving loom maintains structural integrity with correct mechanical relationships between beams and threads.,FALSE,none,"Spatial arrangement of the workshop, loom, and hanging threads follows logical perspective and depth cues.",FALSE,none,"Fluid, continuous motion of the woman's arms and the swaying threads exhibits natural inertia and weight.",FALSE,none,"Clothing patterns, hair style, and object colors remain constant across all frames.",FALSE,none,No objects appear or disappear; background elements remain static relative to the camera movement.,FALSE,none,Physical interactions between hands and threads obey laws of physics; no gravity or momentum violations.,no strong artefacts observed,The video displays high temporal coherence and complex physical interactions (thread tension and movement) that are currently difficult for AI models to replicate without errors.,
w2_028_wan_20260719_181642,Wan,Qwen_3.5,2026-08-01,Real,95,FALSE,none,no texture defects observed; raindrops and background appear natural,FALSE,none,edges of raindrops and background objects are consistent with optical blur from water on glass,FALSE,none,lighting is diffuse and consistent with overcast rainy conditions; no impossible shadows or reflections,FALSE,none,"no visible watermarks, logos, or synthetic noise patterns detected",FALSE,none,no human subjects present in the video,FALSE,none,no non-human subjects present,FALSE,none,buildings and trees in background maintain plausible structure despite blur,FALSE,none,scene composition is physically plausible for a view through a rain-streaked window,FALSE,none,raindrop motion appears natural and consistent with gravity and surface tension,FALSE,none,no identity drift observed; raindrops evolve naturally without sudden changes,FALSE,none,no continuity errors; background remains stable and consistent across frames,FALSE,none,no causality violations; raindrop behavior follows expected physical laws,no strong artefacts observed,The video exhibits natural raindrop dynamics and optical properties consistent with real-world physics. No indicators of AI generation were found.,
w2_029_wan_20260719_182048,Wan,Qwen_3.5,2026-08-01,Real,92,FALSE,none,"Clay texture shows natural wetness, slip accumulation, and fine grain detail consistent with real materials.",FALSE,none,"Edges of hands and clay are sharp where in focus, with natural motion blur on the spinning wheel rim.",FALSE,none,"Lighting is consistent with a single overhead source, creating realistic specular highlights on wet clay and skin.",FALSE,none,"No visible watermarks, logos, or synthetic noise patterns detected.",FALSE,none,"Hands display correct finger count, joint articulation, and natural gripping mechanics throughout the clip.",FALSE,none,no non-human subjects present,FALSE,none,The potter's wheel and clay form maintain structural integrity and correct physical properties.,FALSE,none,"Spatial arrangement of arms, wheel, and basin is physically plausible and perspective-correct.",FALSE,none,Rotation of the wheel is smooth and constant; hand movements are fluid and physically grounded.,FALSE,none,Hand appearance and clay texture remain consistent across all frames.,FALSE,none,No objects appear or disappear; lighting and background remain stable.,FALSE,none,Clay deformation responds correctly to hand pressure; water and slip behave according to fluid dynamics.,no strong artefacts observed,"The video exhibits high-fidelity physics in the interaction between hands and clay, with natural lighting and motion blur that are difficult for current generative models to replicate perfectly.",
w2_030_wan_20260719_182454,Wan,Qwen_3.5,2026-08-01,Real,92,FALSE,none,Skin texture on hands shows natural pores and imperfections; liquid surface has realistic viscosity and reflection.,FALSE,none,Edges of the cup and pitcher are sharp and consistent with optical focus; no haloing or bleeding observed.,FALSE,none,Specular highlights on the metal pitcher and ceramic cup align with a single overhead light source; shadows fall naturally.,FALSE,none,"No visible watermarks, logos, or synthetic noise patterns detected in the pixel data.",FALSE,none,"Fingers holding the cup and pitcher exhibit correct count, joint articulation, and nail structure.",FALSE,none,no non-human subjects present,FALSE,none,"The cup handle, pitcher spout, and liquid stream maintain consistent geometry and scale throughout.",FALSE,none,"Spatial relationship between the barista's hands, the pitcher, and the cup is physically plausible.",FALSE,none,Fluid dynamics of the milk pouring into the coffee follow natural physics; no jitter or warping of rigid objects.,FALSE,none,The pattern on the cup and the appearance of the hands remain constant across all frames.,FALSE,none,The latte art develops continuously without sudden jumps or disappearing elements.,FALSE,none,The flow of milk responds correctly to the tilt of the pitcher and the movement of the hand.,no strong artefacts observed,The video displays high-fidelity fluid dynamics and natural lighting interactions typical of real-world macro photography.,
w2_031_wan_20260719_182900,Wan,Qwen_3.5,2026-08-01,Real,95,FALSE,none,Fur texture is detailed and natural with individual strands visible; grass shows appropriate variation.,FALSE,none,Edges are sharp and consistent with optical focus; no haloing or bleeding observed.,FALSE,none,Shadows are cast correctly relative to the sun position; highlights on fur are physically accurate.,FALSE,none,"No watermarks, logos, or synthetic noise patterns detected.",FALSE,none,No human subjects present in the video.,FALSE,none,"Dog anatomy is correct; four legs, proper tail, and facial features are consistent with a Golden Retriever.",FALSE,none,Collar and background elements maintain structural integrity throughout the clip.,FALSE,none,Perspective and spatial arrangement of the garden scene are natural and consistent.,FALSE,none,Running gait is fluid and biomechanically accurate; no foot sliding or jitter observed.,FALSE,none,"The dog's appearance, fur pattern, and collar remain consistent across all frames.",FALSE,none,Background elements and lighting remain stable; no objects appear or disappear unexpectedly.,FALSE,none,"Physics of movement, including momentum and interaction with the ground, are realistic.",no strong artefacts observed,"The video displays high-quality capture of a dog running with natural motion blur and lighting, showing no signs of generative synthesis.",
w2_032_wan_20260719_183306,Wan,Qwen_3.5,2026-08-01,Real,92,FALSE,none,Fur texture is highly detailed with individual strands visible; fabric weave on curtains and cloth is distinct and non-repetitive.,FALSE,none,"Edges of the cat, blinds, and plants are sharp and well-defined against the background; no haloing or bleeding observed.",FALSE,none,Shadows cast by the blinds align perfectly with the light source direction; highlights on the cat's fur and window sill are physically consistent.,FALSE,none,"No visible watermarks, logos, or overlay text; noise pattern appears natural for a video recording.",FALSE,none,No human subjects present in the video.,FALSE,none,"Cat anatomy is correct; paw placement, ear shape, and facial features are natural and consistent throughout the clip.",FALSE,none,"Blinds, plant pot, and furniture maintain correct structural integrity and perspective; no distortion or gibberish text.",FALSE,none,Spatial arrangement of objects is logical and perspective is consistent with a standard camera lens.,FALSE,none,"Cat's movement (lifting head, blinking) is smooth and biologically plausible; no jitter or sliding.",FALSE,none,Cat's fur pattern and colors remain constant; no morphing of features between frames.,FALSE,none,Lighting and object positions remain consistent; no objects appear or disappear unexpectedly.,FALSE,none,Physics of the cat's movement and interaction with the surface are natural; no violations of gravity or momentum.,no strong artefacts observed,"The video exhibits high fidelity in texture, lighting, and motion, consistent with a real camera recording of a domestic scene.",
w2_033_wan_20260719_183755,Wan,Qwen_3.5,2026-08-01,Real,95,FALSE,none,Natural fur texture and muscle definition visible; no waxy or plastic appearance.,FALSE,none,Sharp edges on the horse against the background; motion blur is consistent with camera tracking.,FALSE,none,Consistent sunlight direction with natural highlights on the coat and shadows on the ground.,FALSE,none,"No visible watermarks, logos, or synthetic noise patterns.",FALSE,none,No human subjects present in the video.,FALSE,none,"Horse anatomy is correct; leg movement, head shape, and tail flow are biologically accurate.",FALSE,none,Background trees and terrain maintain structural integrity; no distortion.,FALSE,none,Perspective and depth of field are consistent with a telephoto lens shot.,FALSE,none,Gait cycle is smooth and physically accurate; no foot sliding or jitter.,FALSE,none,Horse appearance remains consistent throughout the clip.,FALSE,none,No objects appear or disappear; background motion is consistent with parallax.,FALSE,none,"Physics of movement and environmental interaction (dust, grass) are natural.",no strong artefacts observed,The video displays high-fidelity motion and lighting consistent with real-world cinematography of an animal in motion.,
w2_034_wan_20260719_184202,Wan,Qwen_3.5,2026-08-01,Real,92,FALSE,none,Feathers show natural fine detail and variation; wood grain is distinct and non-repetitive.,FALSE,none,Edges of the parrot and leaves are sharp with natural depth-of-field blur in the background.,FALSE,none,Lighting is consistent with outdoor daylight; shadows fall naturally on the perch and under the wings.,FALSE,none,"No visible watermarks, logos, or synthetic noise patterns detected.",FALSE,none,No human subjects present in the video.,FALSE,none,"Parrot anatomy is correct: beak, eye placement, feather layering, and foot grip on the branch are physically accurate.",FALSE,none,The wooden perch has natural knots and irregularities; no distorted geometry or impossible structures.,FALSE,none,"Spatial arrangement of parrot, perch, and foliage is logical and perspective-consistent.",FALSE,none,"Parrot's preening motion is smooth, biologically plausible, and free of jitter or sliding.",FALSE,none,Feather colors and patterns remain stable across frames; no morphing or shifting of features.,FALSE,none,No objects appear or disappear; background foliage remains consistent throughout the clip.,FALSE,none,Physics of movement and interaction with the perch obey natural laws; no violations observed.,no strong artefacts observed,"The video exhibits high fidelity in texture, motion, and anatomical accuracy, consistent with real-world footage of a macaw preening.",
w2_035_wan_20260719_184608,Wan,Qwen_3.5,2026-08-01,AI-generated,85,TRUE,M,"0:00 - Coral surfaces exhibit a waxy, overly smooth texture lacking the granular detail and micro-structure typical of real reef ecosystems.",TRUE,M,"0:01 - Fish in the mid-ground show soft, bleeding edges where they merge with the blue water background, lacking crisp definition.",FALSE,none,"Lighting appears consistent with an underwater environment, with caustics and depth attenuation behaving plausibly.",FALSE,none,"No visible watermarks, logos, or overlay text indicating generator origin.",FALSE,none,No human subjects present in the video.,TRUE,H,"0:02 - Many fish lack distinct fins, tails, or eyes, appearing as generic silver-blue teardrop shapes that morph slightly as they swim; individual fish anatomy is indistinct and often fused.",TRUE,M,"0:01 - Coral structures in the background appear to blend into the seabed without clear structural separation, creating impossible topological connections.",FALSE,none,Spatial arrangement of reef and open water is plausible for an underwater scene.,TRUE,H,"0:00-0:02 - The school of fish moves with a fluid, hive-mind coherence that lacks individual agency; fish in the foreground slide laterally without appropriate tail propulsion mechanics.",TRUE,M,"0:01 - Individual fish change shape and size subtly as they traverse the frame, morphing from distinct shapes into blurred streaks.",FALSE,none,No objects appear or disappear abruptly; the scene is continuous.,FALSE,none,No violations of physics such as gravity or fluid dynamics observed beyond the motion artefacts.,"The fish exhibit severe anatomical vagueness and non-rigid motion, appearing as morphing shapes rather than distinct biological entities with consistent fins and tails.","The video displays the characteristic 'dream-like' fluidity of generative video models, particularly in the rendering of the school of fish which lacks individual structural integrity.",
w2_036_wan_20260719_185013,Wan,Qwen_3.5,2026-08-01,Real,95,FALSE,none,Fabric texture of the velvet jacket and skin tones appear natural with appropriate grain and detail.,FALSE,none,Edges of the hands and cards are sharp and distinct against the dark background; no haloing or bleeding observed.,FALSE,none,"Lighting is consistent with stage performance, casting plausible shadows and highlights on the hands and cards.",FALSE,none,"No visible watermarks, logos, or synthetic noise patterns detected in the frame.",FALSE,none,"Hands and fingers display correct count, proportions, and joint articulation during the card manipulation.",FALSE,none,no non-human subjects present,FALSE,none,Playing cards maintain rigid rectangular geometry and consistent back patterns throughout the shuffle.,FALSE,none,"Spatial arrangement of the magician, microphone, and background equipment is physically consistent.",FALSE,none,Card movements are fluid and follow natural physics; no jitter or sliding artifacts observed.,FALSE,none,The pattern on the back of the cards remains consistent and does not morph between frames.,FALSE,none,No objects appear or disappear unexpectedly; the sequence of the card trick is continuous.,FALSE,none,Physical interactions between hands and cards obey standard laws of motion and gravity.,no strong artefacts observed,"The video exhibits high fidelity in motion and texture, characteristic of a genuine recording of a magic performance.",
w2_037_wan_20260719_185419,Wan,Qwen_3.5,2026-08-01,AI-generated,92,TRUE,M,"0:01 - The dancer's skin appears overly smooth and waxy, lacking natural pores or texture, particularly visible on the arms and back under the spotlight.",TRUE,M,"0:02 - The edges of the red dress blend slightly into the dark background, showing a soft, bleeding halo effect rather than a sharp cutout.",TRUE,L,0:00 - The shadow cast by the dancer is inconsistent with the dual overhead spotlights; it appears as a single elongated shape that doesn't fully match the light source angles.,FALSE,none,No visible watermarks or logos present.,TRUE,H,"0:01 - During the split leap, the dancer's legs appear to merge or distort at the hips, and the foot on the right side seems to lack distinct toes, appearing as a smooth, pointed stump.",FALSE,none,No non-human subjects present.,FALSE,none,No distinct mechanical objects or text to evaluate.,FALSE,none,The stage setting is generic but spatially plausible.,TRUE,M,"0:01-0:02 - The transition between the leap and the landing is unnaturally fluid, with the dress physics appearing to lag and then snap forward without realistic inertia.",FALSE,none,The dancer's appearance remains consistent throughout the short clip.,FALSE,none,No objects appear or disappear unexpectedly.,FALSE,none,No obvious physics violations beyond the motion artifacts.,"Severe anatomical distortion of the legs and feet during the mid-air leap at 0:01, where limbs merge and toes are indistinct.",The combination of waxy skin texture and impossible limb geometry during complex motion strongly indicates generative synthesis.,
w2_038_wan_20260719_185825,Wan,Qwen_3.5,2026-08-01,Real,92,FALSE,none,Skin texture shows natural pores and fine details; no waxy or plastic appearance observed.,FALSE,none,Edges of the subject and mirror reflection are sharp and consistent with optical focus; no haloing or bleeding.,FALSE,none,Lighting is consistent with a bathroom environment; shadows fall naturally on the face and neck.,FALSE,none,"No visible watermarks, logos, or synthetic noise patterns detected in the pixel data.",FALSE,none,Facial features and hand structure (holding the brush) appear anatomically correct with proper finger count and joint movement.,FALSE,none,no non-human subjects present,FALSE,none,The makeup brush and mirror maintain consistent structural integrity and scale throughout the clip.,FALSE,none,Spatial arrangement of the woman and her reflection follows standard mirror optics and perspective rules.,FALSE,none,Hand movements are fluid and natural; no jitter or non-rigid motion of the brush handle observed.,FALSE,none,The subject's facial features and clothing (or lack thereof) remain consistent across all frames.,FALSE,none,No objects appear or disappear unexpectedly; background elements remain stable.,FALSE,none,Physical interactions between the brush and skin follow expected cause-and-effect physics.,no strong artefacts observed,"The video exhibits natural film grain, consistent depth of field, and realistic human micro-movements typical of live-action footage.",
w2_039_wan_20260719_190231,Wan,Qwen_3.5,2026-08-01,Real,95,FALSE,none,no texture defects observed; skin and clothing show natural variation and detail,FALSE,none,"edges are sharp and consistent with optical blur from motion or depth of field, no halo or bleed",FALSE,none,lighting is consistent with string lights and ambient street illumination; shadows behave physically,FALSE,none,"no visible watermarks, logos, or synthetic noise patterns detected",FALSE,none,"all visible humans exhibit correct anatomy; no extra limbs, distorted faces, or impossible joints",FALSE,none,no non-human subjects present,FALSE,none,"objects such as tents, signs, and buildings maintain structural integrity and plausible scale",FALSE,none,scene layout is coherent; perspective and object placement are physically plausible,FALSE,none,"motion is smooth and natural; no jitter, sliding, or non-rigid deformation of rigid objects",FALSE,none,individuals retain consistent appearance across frames; no morphing or pattern shifting,FALSE,none,no objects appear/disappear unexpectedly; lighting and background remain temporally stable,FALSE,none,all motion and interactions obey physical laws; no causality violations observed,no strong artefacts observed,"Video exhibits natural motion blur, consistent lighting, and anatomically correct human figures throughout. No indicators of AI generation detected.",
w2_040_wan_20260719_190637,Wan,Qwen_3.5,2026-08-01,AI-generated,95,TRUE,M,"At 0:01, the fur on the large yellow dog appears overly smooth and plastic-like, lacking individual strand definition, particularly on the flank and shoulder.",TRUE,H,"At 0:01, the paws of the large dog on the right merge indistinctly into the pavement, with no clear separation between toes and ground; the tail tip also blurs into the background.",TRUE,L,"At 0:02, the shadow cast by the large dog does not align with the direction of sunlight hitting the storefront; it is too soft and misplaced relative to the bright highlights on the dog's back.",TRUE,H,"At 0:01, visible text 'TORI DANT' and 'DROVC GINE' floats in mid-air over the scene with no physical source, characteristic of AI generator watermarks or prompt artifacts.",FALSE,none,no human subjects clearly visible for anatomical assessment,TRUE,M,"At 0:01, the small white dog’s hind legs appear to fuse together during motion, and its tail curls unnaturally without joint articulation.",TRUE,H,"At 0:01, the text 'DROVC GINE' is gibberish and malformed, with letters warping and lacking consistent baseline alignment — a hallmark of AI text generation failure.",TRUE,M,"At 0:02, the reflection in the glass shows a car and street scene that does not match the perspective or lighting of the foreground dogs and person, suggesting compositional inconsistency.",TRUE,M,"At 0:01–0:02, the small dog’s gait exhibits foot sliding — its paws move forward without corresponding body translation, and the tail wags with non-rigid, jelly-like motion.",TRUE,L,"At 0:01 to 0:02, the collar on the large dog shifts color slightly from black to dark green between frames without cause.",TRUE,M,"At 0:02, the small dog briefly disappears behind the leg of the walking person and reappears instantly on the other side without occlusion logic, violating spatial continuity.",FALSE,none,no clear violation of physics or causality observed beyond motion and continuity errors already noted,Gibberish floating text 'DROVC GINE' with warped letterforms and no physical anchor is a definitive AI-generation marker.,"Multiple severe structural and temporal artefacts across domains confirm synthetic origin; the combination of text failure, boundary dissolution, and motion inconsistencies leaves little doubt.",
w2_001_kling,Kling,Qwen_3.5,2026-08-01,AI-generated,100,TRUE,L,"0:00 - Skin on the subject's face and neck appears overly smooth and waxy, lacking natural pore detail.",TRUE,L,"0:01 - Soft, slightly blurred edges around the hair strands against the dark background, typical of synthesis blending.",FALSE,none,Lighting is consistent with a single source; no obvious physical violations observed.,TRUE,H,0:00 - Visible 'KlingAI 3.0' watermark in the bottom-right corner of the frame.,FALSE,none,Facial features and proportions appear anatomically correct throughout the clip.,FALSE,none,No non-human subjects present.,FALSE,none,No distinct mechanical objects or text signs visible to evaluate for structural defects.,FALSE,none,Spatial arrangement of the subject and background elements is plausible.,TRUE,M,0:01 - Subtle jitter and unnatural fluidity in the movement of the subject's mouth and head tilt.,FALSE,none,Subject's identity and clothing remain consistent across frames.,FALSE,none,No objects appear or disappear; background remains static and consistent.,FALSE,none,No physics violations such as gravity failures or object interactions observed.,The presence of the 'KlingAI 3.0' watermark in the bottom-right corner definitively identifies the content as AI-generated.,"While the visual quality is high, the watermark provides absolute proof of origin, supported by subtle texture and motion artefacts common in synthetic video.",
w2_002_kling,Kling,Qwen_3.5,2026-08-01,AI-generated,100,TRUE,L,"0:00 - Skin on the subject's face exhibits a slightly waxy, over-smoothed appearance typical of synthesis, particularly on the forehead and cheeks.",TRUE,L,"0:01 - Soft, slightly blurred edges around the subject's hair and the collar of the jacket where it meets the background.",FALSE,none,Lighting appears consistent with the cafe environment; no obvious directional errors found.,TRUE,H,0:00 - Visible 'KlingAI 3.0' watermark in the bottom-right corner of the frame.,TRUE,M,"0:01 - The subject's right hand, raised in a gesture, shows fused fingers and an unnatural, claw-like structure lacking distinct digit definition.",FALSE,none,no non-human subjects present,FALSE,none,"Objects like the cup and table appear structurally sound, though background details are blurry.",FALSE,none,Scene layout is standard for a cafe interior; no impossible spatial arrangements detected.,TRUE,M,"0:01 - The hand gesture motion is jerky and lacks natural fluidity, with the fingers morphing slightly as they move.",FALSE,none,Subject's facial features and clothing remain consistent throughout the short clip.,FALSE,none,No objects appear or disappear; steam rises continuously.,FALSE,none,"Physics of the steam and hand movement generally follow cause-and-effect, despite the morphing.",The visible 'KlingAI 3.0' watermark in the bottom-right corner definitively identifies the content as AI-generated.,"In addition to the watermark, the distorted anatomy of the hand during the gesture at 0:01 is a strong indicator of generative failure.",
w2_003_kling,Kling,Qwen_3.5,2026-08-01,AI-generated,95,TRUE,L,"0:00 - Skin on the subject's face appears slightly waxy and lacks fine pore detail, particularly on the forehead and cheeks.",TRUE,L,"0:01 - Soft, slightly blurred edges around the hair strands against the background, lacking crisp definition.",FALSE,none,Lighting appears consistent with a single source from the left; reflections in glasses match the environment.,TRUE,H,0:00 - Visible 'KlingAI 3.0' watermark in the bottom-right corner of the frame.,FALSE,none,"Facial features, ears, and visible neck structure appear anatomically correct; no hands or limbs visible to assess.",FALSE,none,no non-human subjects present,FALSE,none,Glasses and book appear structurally sound; no text is legible to assess rendering quality.,FALSE,none,Background elements (wooden furniture) are consistent with a library or study setting; perspective is normal.,TRUE,L,"0:01 - Subtle, unnatural micro-jitter in the subject's head position and eye movement, lacking organic fluidity.",FALSE,none,Subject's facial features and clothing remain consistent throughout the short clip.,FALSE,none,No objects appear or disappear; lighting remains stable.,FALSE,none,No physics violations observed in the static reading action.,The presence of the 'KlingAI 3.0' watermark in the bottom-right corner definitively identifies the content as AI-generated.,"While the visual quality is high, the watermark provides absolute proof of origin, supported by subtle texture and motion artefacts typical of current video generation models.",
w2_004_kling,Kling,Qwen_3.5,2026-08-01,AI-generated,100,TRUE,L,"0:00 - Skin on the subject's cheek and forehead appears overly smooth and waxy, lacking natural pore detail.",TRUE,L,"0:00 - Soft, slightly blurred edges around the hair strands against the window frame.",FALSE,none,Lighting is consistent with an overcast day; no obvious directional errors.,TRUE,H,0:00 - Visible 'KlingAI 3.0' watermark in the bottom-right corner of the frame.,FALSE,none,Facial features and proportions appear anatomically correct.,FALSE,none,No non-human subjects present.,FALSE,none,Window frame and sweater structure appear normal.,FALSE,none,Spatial arrangement of subject and window is physically plausible.,TRUE,L,0:01 - Subtle unnatural jitter in the raindrops on the window pane.,FALSE,none,Subject's appearance remains consistent throughout the clip.,FALSE,none,No objects appear or disappear; lighting remains stable.,FALSE,none,Raindrop movement follows gravity; no physics violations observed.,Visible 'KlingAI 3.0' watermark in the bottom-right corner confirms AI generation.,The presence of a generator watermark makes the verdict definitive; secondary artefacts include slight texture smoothing and raindrop motion irregularities.,
w2_006_kling,Kling,Qwen_3.5,2026-08-01,AI-generated,95,TRUE,L,"0:00 - Skin on hands appears slightly smooth and waxy, lacking fine pore detail and natural skin texture variations.",TRUE,M,"0:01 - Edges of fingers blur and merge slightly with the keyboard keys during motion, lacking crisp definition.",FALSE,none,Lighting appears consistent with a cafe environment; no obvious shadows or reflections contradict the scene.,TRUE,H,0:00 - Visible 'KlingAI 3.0' watermark in the bottom-right corner of the frame.,TRUE,M,0:01 - Finger joints and lengths appear slightly unnatural and inconsistent during typing motion; some fingers seem to lack distinct knuckles.,FALSE,none,no non-human subjects present,TRUE,M,0:02 - Keyboard keys appear to shift or melt slightly under finger pressure; key legends are indistinct or gibberish.,FALSE,none,"Spatial arrangement of laptop, hands, and background furniture is plausible.",TRUE,M,0:01 - Typing motion exhibits slight jitter and non-rigid deformation of fingers; keys do not depress realistically.,FALSE,none,Hands and clothing maintain consistent appearance throughout the short clip.,FALSE,none,No objects appear or disappear; background remains stable.,FALSE,none,No obvious physics violations beyond the unnatural key depression.,Visible 'KlingAI 3.0' watermark in the bottom-right corner confirms AI generation.,Multiple subtle artefacts in hand anatomy and motion support the verdict indicated by the explicit watermark.,
w2_007_kling,Kling,Qwen_3.5,2026-08-01,AI-generated,95,TRUE,L,"0:00 - The skin on the hand appears slightly smooth and waxy, lacking fine pore detail or natural skin texture variations.",TRUE,M,"0:01 - The edges of the glass bottle neck and the pouring milk stream show slight softness and blending into the background, lacking crisp optical definition.",FALSE,none,Lighting appears consistent with a single source from the right; shadows fall correctly.,TRUE,H,0:00 - A clear 'KlingAI 3.0' watermark is visible in the bottom-right corner of the frame.,FALSE,none,The hand structure appears anatomically correct with proper finger count and joint placement.,FALSE,none,no non-human subjects present,FALSE,none,The cup and bottle maintain consistent geometry and scale throughout the clip.,FALSE,none,Spatial arrangement of objects is logical and perspective is consistent.,TRUE,M,"0:01 - The milk stream exhibits a slightly unnatural, overly smooth viscosity and lacks the chaotic turbulence typical of real liquid pouring.",FALSE,none,Objects maintain consistent appearance and color throughout the short duration.,FALSE,none,No objects appear or disappear unexpectedly; the action is continuous.,FALSE,none,"The physics of the pour (gravity, flow) are generally respected, despite the textural smoothness.",The presence of the 'KlingAI 3.0' watermark in the bottom-right corner definitively identifies the content as AI-generated.,"While the physics simulation is high quality, the liquid dynamics lack the micro-turbulence of real fluids, and the skin texture is unnaturally smooth.",
w2_008_kling,Kling,Qwen_3.5,2026-08-01,AI-generated,95,TRUE,L,"0:00 - Skin on hands appears slightly smooth and waxy, lacking fine pore detail and natural skin texture variations.",TRUE,M,"0:01 - Edges of the fingers and shoelaces show slight softness and haloing against the background, particularly where the left hand overlaps the shoe.",FALSE,none,Lighting appears consistent with an outdoor overcast environment; shadows fall naturally under the bench and shoes.,TRUE,H,0:00 - Visible 'KlingAI 3.0' watermark in the bottom-right corner of the frame.,TRUE,M,0:01 - The fingers on the left hand appear slightly elongated and merge together unnaturally during the tying motion; knuckle definition is ambiguous.,FALSE,none,no non-human subjects present,TRUE,L,0:02 - The ventilation holes on the side of the shoe appear as dark smudges rather than distinct perforations; the shoe structure looks slightly plastic.,FALSE,none,Spatial arrangement of the person sitting on the bench is physically plausible.,TRUE,M,"0:01 - The shoelace exhibits non-rigid, fluid-like motion, snapping and bending in a way that defies typical fabric physics.",FALSE,none,Clothing and shoe appearance remain consistent throughout the short clip.,FALSE,none,No objects appear or disappear; background remains stable.,FALSE,none,"The action of tying shoelaces follows a logical cause-and-effect sequence, despite motion artefacts.",The visible 'KlingAI 3.0' watermark in the bottom-right corner explicitly identifies the content as AI-generated.,"While the watermark is the definitive proof, the unnatural fluidity of the shoelace motion and the slight anatomical ambiguity in the hands further support the AI classification.",
w2_009_kling,Kling,Qwen_3.5,2026-08-01,AI-generated,95,TRUE,L,"0:00 - Skin on fingers appears slightly smooth and waxy, lacking fine pore detail typical of macro photography.",TRUE,M,0:01 - The edge of the pen nib blurs and bleeds into the paper texture slightly unnaturally as it moves.,FALSE,none,Lighting and shadows appear consistent with a single light source from the top right.,TRUE,H,0:00 - Visible 'KlingAI 3.0' watermark in the bottom-right corner throughout the clip.,TRUE,M,0:02 - The thumb holding the pen appears slightly distorted with an unnatural joint angle and merged skin texture near the nail.,FALSE,none,no non-human subjects present,TRUE,H,0:01 - The text being written is illegible gibberish; the letters do not form coherent words and the ink strokes merge illogically.,FALSE,none,"Spatial arrangement of hand, pen, and notebook is physically plausible.",TRUE,M,0:01 - The motion of the pen tip is slightly jittery and lacks the micro-tremors of a real hand; the ink appears instantly without flow delay.,FALSE,none,No significant changes in object identity or clothing patterns observed.,FALSE,none,No objects appear or disappear unexpectedly; background remains static.,TRUE,M,0:02 - The ink deposition does not perfectly match the nib contact point; ink appears to float slightly above the paper surface before settling.,Visible 'KlingAI 3.0' watermark in the bottom-right corner confirms AI generation.,"The combination of the explicit watermark, illegible text generation, and subtle hand anatomy distortions provides conclusive evidence of synthetic origin.",
w2_011_kling,Kling,Qwen_3.5,2026-08-01,AI-generated,100,TRUE,L,"0:00 - 0:02: Skin on both subjects appears slightly smoothed and waxy, lacking natural pore detail, particularly visible on the forehead of the man in the denim jacket.",TRUE,L,"0:00 - 0:02: Soft, slightly blurred edges around the subjects' hair and shoulders where they meet the background, typical of synthesis blending.",FALSE,none,Lighting appears consistent with a sunny outdoor environment; shadows fall correctly.,TRUE,H,0:00 - 0:02: A clear 'KlingAI 3.0' watermark is visible in the bottom-right corner of the frame throughout the clip.,FALSE,none,"No obvious anatomical defects in faces, hands, or limbs observed at this resolution.",FALSE,none,no non-human subjects present,TRUE,M,"0:00 - 0:01: The trash can on the left has a distorted, melting topology at the top rim; background cars lack distinct structural details like side mirrors or clear wheel rims.",FALSE,none,"Spatial arrangement of street, sidewalk, and buildings appears logically consistent.",TRUE,M,0:00 - 0:02: Walking gait exhibits a slight floating quality with minimal vertical bobbing; arm swing is somewhat stiff and repetitive.,FALSE,none,Subject identities and clothing patterns remain stable throughout the short clip.,FALSE,none,No objects appear or disappear; background elements remain consistent.,FALSE,none,No violations of physics or causality observed.,The presence of a 'KlingAI 3.0' watermark in the bottom-right corner definitively identifies the content as AI-generated.,"While the visual quality is high, the watermark combined with subtle texture smoothing and background object distortion confirms synthetic origin.",
w2_012_kling,Kling,Qwen_3.5,2026-08-01,AI-generated,100,TRUE,L,"0:00 - Skin on all subjects appears overly smooth and waxy, lacking natural pore detail, particularly visible on the man's face.",TRUE,M,"0:02 - The girl's hand reaching for the bowl exhibits significant motion blur and edge dissolution, merging slightly with the background and the bowl itself.",FALSE,none,Lighting is consistent with the overhead lamp and ambient room light; no obvious contradictions found.,TRUE,H,0:00 - A clear 'KlingAI 3.0' watermark is visible in the bottom-right corner of the frame throughout the clip.,TRUE,M,"0:02 - The girl's fingers reaching for the bowl appear distorted and fused, lacking distinct knuckle definition and proper length proportions.",FALSE,none,No non-human subjects or animals are present in the video.,TRUE,L,"0:00 - The bread rolls on the plates have an unnaturally uniform, plastic-like texture and shape, lacking realistic crust irregularities.",FALSE,none,Spatial arrangement of the dining room and furniture appears logically consistent.,TRUE,M,0:01 - The man's hand movement while eating appears slightly jittery and lacks the fluid micro-adjustments of natural human motion.,FALSE,none,Character appearances and clothing patterns remain consistent across the short duration of the clip.,FALSE,none,No objects appear or disappear unexpectedly; scene continuity is maintained.,FALSE,none,Physical interactions with food and utensils follow expected causal relationships.,The explicit 'KlingAI 3.0' watermark in the bottom-right corner definitively identifies the content as AI-generated.,"In addition to the watermark, the video exhibits characteristic AI artefacts such as waxy skin textures and distorted hand anatomy during motion.",
w2_013_kling,Kling,Qwen_3.5,2026-08-01,AI-generated,95,TRUE,L,"At 0:01, the woman's skin on her cheeks appears slightly waxy and lacks fine pore detail compared to the men's skin.",TRUE,M,"At 0:00, the edges of the man on the left's hair show slight haloing and softness against the bright window background.",FALSE,none,Lighting appears consistent with a window source on the left; shadows fall correctly.,TRUE,H,A visible 'KlingAI 3.0' watermark is present in the bottom-right corner throughout the clip (0:00-0:02).,TRUE,M,"At 0:01, the man on the left's right hand appears distorted with fingers merging together during the gesture.",FALSE,none,No non-human subjects present.,TRUE,H,"At 0:02, the text written on the whiteboard is illegible gibberish, lacking coherent character structure.",FALSE,none,Spatial arrangement of people and objects in the office is physically plausible.,TRUE,L,"At 0:01, the man on the left's hand movement exhibits slight jitter and unnatural fluidity.",FALSE,none,Characters maintain consistent appearance and clothing throughout the short clip.,FALSE,none,No objects appear or disappear; background remains stable.,FALSE,none,No physics violations observed in the interaction.,The visible 'KlingAI 3.0' watermark in the bottom-right corner confirms AI generation.,"Multiple artefacts including gibberish whiteboard text and hand distortion support the verdict, but the watermark is definitive.",
w2_014_kling,Kling,Qwen_3.5,2026-08-01,AI-generated,95,TRUE,L,"At 0:01, the woman's skin on her arms and face appears slightly waxy and lacks fine pore detail compared to natural skin texture.",TRUE,M,"At 0:02, the edges of the bicycle wheels and the child's helmet show slight blurring and haloing against the background, typical of synthesis artifacts.",FALSE,none,Lighting appears consistent with outdoor daylight; shadows fall in expected directions.,TRUE,H,Visible watermark 'KlingAI 3.0' in bottom-right corner throughout the video (0:00-0:02).,TRUE,M,"At 0:01, the child's right hand gripping the handlebar shows fingers that appear fused or indistinct, lacking clear separation.",FALSE,none,No non-human subjects present.,TRUE,L,"At 0:02, the training wheel on the left side of the bike appears slightly misaligned with the rear wheel axis, suggesting structural inconsistency.",FALSE,none,Scene layout is plausible; no impossible spatial arrangements observed.,TRUE,M,"At 0:01-0:02, the woman's feet exhibit slight sliding motion without corresponding leg movement, indicating unnatural gait animation.",FALSE,none,"No noticeable changes in facial features, clothing patterns, or object colors across frames.",FALSE,none,No objects appear or disappear unexpectedly; lighting remains stable.,FALSE,none,No violations of physics or causality observed in motion or interactions.,Visible 'KlingAI 3.0' watermark in bottom-right corner throughout the video.,"Multiple subtle to medium-severity artifacts support AI generation, but the explicit watermark provides definitive evidence.",
w2_016_kling,Kling,Qwen_3.5,2026-08-01,AI-generated,95,TRUE,L,"0:00 - Grass texture appears slightly uniform and lacks fine individual blade detail in the foreground, giving a soft, rendered look.",TRUE,M,"0:01 - The edges of the player's legs and socks show slight blurring and haloing against the background, particularly around the knees.",FALSE,none,Lighting appears consistent with a sunny outdoor environment; shadows fall correctly.,TRUE,H,0:00 - A clear 'KlingAI 3.0' watermark is visible in the bottom-right corner of the frame.,FALSE,none,Legs and feet appear anatomically correct; no extra limbs or distortions visible.,FALSE,none,no non-human subjects present,TRUE,M,"0:02 - The soccer ball deforms unnaturally as it is kicked, appearing to squash and stretch like rubber rather than maintaining rigid spherical geometry.",FALSE,none,Scene layout is standard for a sports clip; perspective is consistent.,TRUE,M,"0:01 - The player's running motion has a slight sliding quality, and the foot planting lacks solid impact friction with the ground.",FALSE,none,Clothing and object appearance remain consistent throughout the short clip.,FALSE,none,No objects appear or disappear unexpectedly; lighting remains stable.,TRUE,L,0:02 - The interaction between the foot and the ball lacks physical weight; the ball lifts with insufficient force transfer visible in the leg swing.,The explicit 'KlingAI 3.0' watermark in the bottom-right corner confirms the video is AI-generated.,The unnatural deformation of the soccer ball upon impact is a strong secondary indicator of synthetic physics simulation.,
w2_017_kling,Kling,Qwen_3.5,2026-08-01,AI-generated,100,TRUE,L,"0:00 - 0:02: Skin on the runner's face and arms appears slightly smoothed and waxy, lacking natural pore detail.",TRUE,M,"0:00 - 0:02: Soft, bleeding edges around the runner's hair and clothing where they meet the background sky and ocean.",TRUE,L,0:00 - 0:02: The shadow cast by the runner on the sand is inconsistent with the low-angle sun; it is too short and diffuse.,TRUE,H,0:00 - 0:02: Visible 'KlingAI 3.0' watermark in the bottom-right corner of the frame.,TRUE,M,0:01: The runner's hands are indistinct blobs; fingers are not defined and appear merged into the sleeves.,FALSE,none,no non-human subjects present,TRUE,L,"0:00 - 0:02: The runner's shoes lack distinct laces or sole treads, appearing as smooth, generic shapes.",FALSE,none,Scene layout is plausible; horizon line is straight and perspective is consistent.,TRUE,M,0:00 - 0:02: The runner's gait exhibits slight foot sliding; feet do not plant firmly on the sand during the stride cycle.,TRUE,L,"0:00 - 0:02: The pattern on the runner's jacket shifts subtly between frames, suggesting texture instability.",TRUE,L,0:00 - 0:02: Small sand clumps near the runner's feet appear and disappear without physical cause.,FALSE,none,No major physics violations observed; motion follows expected trajectory despite minor sliding.,Visible 'KlingAI 3.0' watermark in the bottom-right corner confirms AI generation.,"Multiple subtle to medium artefacts across texture, boundary, anatomy, and motion domains support the watermark evidence.",
w2_018_kling,Kling,Qwen_3.5,2026-08-01,AI-generated,98,TRUE,L,"0:00, on the skater's jeans; fabric appears overly smooth and waxy, lacking distinct denim weave.",FALSE,none,Object edges are generally sharp and well-defined against the background.,FALSE,none,Shadows and lighting direction appear consistent with outdoor sunlight.,TRUE,H,"0:00-0:02, bottom-right corner; explicit 'KlingAI 3.0' generator watermark visible throughout.",FALSE,none,"Hands and face appear structurally normal, though slightly blurred by motion.",FALSE,none,no non-human subjects present,FALSE,none,Skateboard structure remains consistent and plausible.,FALSE,none,Skatepark environment appears spatially coherent.,TRUE,L,"0:01, during the jump; board movement feels slightly weightless and sticks to feet unnaturally.",FALSE,none,Clothing and subject identity remain consistent across cuts.,FALSE,none,No objects appear or disappear inexplicably within shots.,FALSE,none,"Physics interactions (landing, rolling) appear broadly plausible.",Explicit 'KlingAI 3.0' watermark visible in the bottom-right corner throughout the clip.,"The presence of a generator watermark definitively identifies this as AI-generated content, supported by minor texture smoothing on clothing.",
w2_019_kling,Kling,Qwen_3.5,2026-08-01,AI-generated,100,TRUE,L,"0:00 - Skin on the swimmer's back and arms appears overly smooth and waxy, lacking natural pores or fine detail.",TRUE,M,"0:01 - The edges of the water splash blend softly into the background without distinct droplet definition, showing halo-like bleeding.",FALSE,none,Lighting appears consistent with an indoor pool environment; no obvious directional errors found.,TRUE,H,0:00 - Visible 'KlingAI 3.0' watermark in the bottom-right corner throughout the clip.,TRUE,H,"0:01 - As the swimmer enters the water, the legs appear to merge or fuse together unnaturally, losing distinct separation between limbs.",FALSE,none,no non-human subjects present,FALSE,none,No mechanical objects or text signs present to evaluate for structural distortion.,FALSE,none,Spatial arrangement of pool and swimmer is physically plausible.,TRUE,M,"0:01 - The water splash expands in a symmetric, flower-like pattern that defies typical fluid dynamics, appearing non-rigid and artificial.",FALSE,none,Subject identity and clothing remain consistent throughout the short clip.,FALSE,none,No objects appear or disappear unexpectedly; scene continuity is maintained.,TRUE,M,0:02 - The water displacement creates a crown shape that rises symmetrically around the legs in a way that suggests simulated rather than physical causality.,Visible 'KlingAI 3.0' watermark in the bottom-right corner confirms AI generation.,The combination of the explicit watermark and the anatomical fusion of the legs during the dive provides definitive proof of synthetic origin.,
w2_021_kling,Kling,Qwen_3.5,2026-08-01,AI-generated,95,TRUE,L,"0:00 - Skin on the man's face appears slightly waxy and lacks fine pore detail, particularly on the forehead and cheeks.",TRUE,M,"0:01 - Soft, blurred edges around the man's hairline and shoulders where they meet the background, suggesting segmentation artifacts.",FALSE,none,Lighting appears consistent with an overcast day; shadows are soft and directionally plausible.,TRUE,H,0:00 - Visible 'KlingAI 3.0' watermark in the bottom-right corner of the frame.,FALSE,none,Hands and face appear structurally correct; no extra fingers or distorted features observed.,FALSE,none,No non-human subjects present.,TRUE,M,"0:02 - Book spines in the window display show illegible, gibberish text and inconsistent alignment, typical of AI text rendering failures.",FALSE,none,"Spatial arrangement of storefront, sign, and books is physically plausible.",TRUE,L,"0:01 - Slight jitter in the man's posture and hand position between frames, suggesting unstable temporal generation.",FALSE,none,Facial features and clothing remain consistent across frames.,FALSE,none,No objects appear or disappear; lighting remains stable throughout the clip.,FALSE,none,No physics violations observed; subject remains stationary as expected.,Visible 'KlingAI 3.0' watermark in bottom-right corner confirms AI generation.,"Additional artifacts include waxy skin texture, soft object boundaries, and illegible book text, all consistent with current text-to-video model limitations.",
w2_022_kling,Kling,Qwen_3.5,2026-08-01,AI-generated,100,TRUE,M,"At 0:00, the man's skin has a smooth, waxy appearance lacking natural pores, and the newspaper stacks appear as solid blocks rather than individual sheets.",TRUE,L,"At 0:01, the edges of the newspapers in the rack are slightly soft and bleed into the wire frame, lacking crisp definition.",FALSE,none,Lighting appears consistent with an outdoor daylight setting; shadows fall in logical directions.,TRUE,H,A visible 'KlingAI 3.0' watermark is present in the bottom-right corner throughout the entire clip (0:00-0:02).,TRUE,M,"At 0:01, the man's right hand grasping the newspaper shows fingers that are indistinct and appear to merge with the paper, lacking clear joint definition.",FALSE,none,No non-human subjects or animals are present in the video.,TRUE,H,"Throughout the clip (0:00-0:02), the text on the newspapers is illegible gibberish, and the wire rack structure appears to melt into the brick wall without a clear physical connection.",FALSE,none,"The spatial arrangement of the street, sidewalk, and stand is logically consistent.",TRUE,M,"At 0:01, the motion of the man's arm reaching for the paper is slightly jerky and lacks natural fluid acceleration.",FALSE,none,The characters' appearances and clothing remain consistent across the short duration of the clip.,FALSE,none,No objects appear or disappear unexpectedly; the scene flow is continuous.,FALSE,none,"Physical interactions, such as picking up the paper, follow basic cause-and-effect logic despite visual rendering issues.",The explicit 'KlingAI 3.0' watermark in the bottom-right corner confirms the video is AI-generated.,"The combination of the visible generator watermark, gibberish text on the newspapers, and waxy skin texture provides definitive evidence of synthetic origin.",
w2_023_kling,Kling,Qwen_3.5,2026-08-01,AI-generated,100,TRUE,M,"At 0:01, the woman's skin exhibits a smooth, waxy quality lacking natural pore detail, particularly visible on her face and hands.",TRUE,L,"At 0:02, the edges of the woman's hair show slight softness and blending into the background, characteristic of synthesis boundaries.",FALSE,none,Lighting appears consistent with an overcast outdoor environment; no obvious directional conflicts observed.,TRUE,H,A clear 'KlingAI 3.0' watermark is visible in the bottom-right corner throughout the entire clip (0:00-0:02).,TRUE,L,"At 0:01, the fingers on the woman's left hand appear slightly fused and lack distinct joint definition.",FALSE,none,No non-human subjects or animals are present in the video.,TRUE,H,"From 0:00 to 0:02, the text on the chalkboard is complete gibberish (e.g., 'Toil ltow', 'Tartodede'), failing to render legible words.",FALSE,none,"Spatial arrangement of the sidewalk, planter, and sign is physically plausible.",TRUE,M,"At 0:01-0:02, the woman's gait shows slight foot sliding and unnatural stiffness in the lower legs during the walk cycle.",FALSE,none,The subject's facial features and clothing patterns remain consistent across the short duration.,FALSE,none,No objects appear or disappear unexpectedly; background elements remain stable.,FALSE,none,No violations of physics or causality observed in the short clip.,"The presence of the 'KlingAI 3.0' watermark combined with completely illegible, gibberish text on the chalkboard sign.","The video contains a definitive generator watermark and severe text rendering failures, confirming its synthetic origin.",
w2_024_kling,Kling,Qwen_3.5,2026-08-01,AI-generated,100,TRUE,L,"0:00 - Skin on the subject's face appears slightly smoothed and waxy, lacking natural pore detail.",TRUE,M,"0:01 - The edges of the backpack straps and the subject's hair show slight softness and blending into the background, characteristic of diffusion models.",FALSE,none,Lighting appears consistent with the environment.,TRUE,H,0:00 - A clear 'KlingAI 3.0' watermark is visible in the bottom-right corner of the frame.,TRUE,M,"0:01 - The subject's hands gripping the backpack straps appear slightly malformed, with fingers merging or lacking distinct definition.",FALSE,none,no non-human subjects present,TRUE,H,"0:02 - The text on the digital departure board is completely illegible gibberish, consisting of random shapes and numbers that do not form coherent words.",FALSE,none,Spatial arrangement of the station hall appears plausible.,TRUE,L,0:01 - Background pedestrians exhibit a slight 'gliding' or sliding motion rather than natural walking gait.,FALSE,none,Subject identity remains stable throughout the short clip.,FALSE,none,No objects appear or disappear unexpectedly.,FALSE,none,No physics violations observed.,"The presence of a 'KlingAI 3.0' watermark combined with completely illegible, gibberish text on the departure board confirms AI generation.","The video exhibits multiple classic signs of text-to-video synthesis, including text rendering failure and hand anomalies, alongside an explicit generator watermark.",
w2_026_kling,Kling,Qwen_3.5,2026-08-01,AI-generated,95,TRUE,L,"0:00 - The skin on the hands appears slightly smooth and waxy, lacking fine pore detail typical of real human skin in close-up.",TRUE,M,"0:01 - The edge of the knife blade blurs and merges slightly with the red pepper during the slicing motion, lacking a crisp occlusion boundary.",FALSE,none,Lighting appears consistent with a studio setup; reflections on the knife match the environment.,TRUE,H,0:00 - A clear 'KlingAI 3.0' watermark is visible in the bottom-right corner of the frame throughout the clip.,TRUE,M,"0:01 - The fingers of the left hand holding the pepper appear slightly elongated and the knuckles lack distinct definition, suggesting anatomical distortion.",FALSE,none,no non-human subjects present,TRUE,M,0:02 - The sliced piece of pepper that falls away lacks a coherent internal structure and seems to merge slightly with the cutting board surface.,FALSE,none,Scene layout is standard for a cooking demonstration; no impossible spatial arrangements.,TRUE,L,"0:01 - The motion of the knife has a slight unnatural glide or 'swim' to it, lacking the micro-jitter of a real hand.",FALSE,none,Objects and subjects maintain consistent appearance throughout the short clip.,FALSE,none,No objects appear or disappear unexpectedly; the action flows logically.,FALSE,none,The cutting action follows physical laws; the pepper separates as expected.,The presence of the 'KlingAI 3.0' watermark in the bottom-right corner definitively identifies the content as AI-generated.,"While the watermark is the primary indicator, subtle texture and anatomical issues in the hands support the synthetic nature of the video.",
w2_027_kling,Kling,Qwen_3.5,2026-08-01,AI-generated,92,TRUE,M,"At 0:01, the skin on the woman's face and hands appears overly smooth and waxy, lacking the fine pore detail and deep creases expected for an elderly subject. The fabric of her clothing also lacks distinct weave texture.",TRUE,L,"At 0:02, the edges of the wooden shuttle in the woman's hand are slightly soft and bleed into the colorful threads, lacking sharp definition.",FALSE,none,Lighting appears consistent with a window source on the left; shadows fall correctly.,FALSE,none,No visible watermarks or logos present.,TRUE,H,"At 0:01 and 0:02, the woman's hands are severely distorted. The fingers appear to merge with the wooden tool and each other, lacking distinct joints and proper grip mechanics. The right hand specifically looks like a fused mass of flesh and wood.",FALSE,none,No non-human subjects present.,TRUE,M,"At 0:02, the weaving loom's structure is ambiguous; the threads seem to pass through solid wood in impossible ways, and the mechanism holding the colorful fabric lacks clear structural logic.",FALSE,none,Spatial arrangement of the room and shelves appears plausible.,TRUE,M,"Throughout 0:00-0:02, the motion of the hands is jittery and unnatural, sliding over the tool rather than gripping and manipulating it with rigid body physics.",FALSE,none,Subject identity remains consistent throughout the short clip.,FALSE,none,No objects appear or disappear; background remains stable.,TRUE,M,"At 0:02, the interaction between the hand and the shuttle violates causality; the hand seems to phase through the wood or mold around it without applying force or friction.",Severe anatomical distortion of the hands merging with the weaving tool at 0:01-0:02.,The combination of waxy skin texture and impossible hand mechanics strongly indicates generative synthesis.,
w2_028_kling,Kling,Qwen_3.5,2026-08-01,Real,92,FALSE,none,no texture defects observed; raindrops and background blur appear natural,FALSE,none,edges of raindrops and background objects are consistent with optical focus and refraction,FALSE,none,lighting is diffuse and consistent with overcast rainy conditions; no impossible shadows or reflections,FALSE,none,"no visible watermarks, logos, or synthetic noise patterns detected in any frame",FALSE,none,no human subjects present in the video,FALSE,none,no non-human subjects present,FALSE,none,no mechanical objects or text present; scene structure is physically plausible,FALSE,none,spatial arrangement of buildings and lights is consistent with urban view through window,FALSE,none,raindrop motion and camera focus shift are smooth and physically accurate,FALSE,none,no identity drift; raindrops maintain consistent shape and position relative to physics,FALSE,none,no continuity errors; lighting and object presence remain stable across frames,FALSE,none,no causality violations; rain behavior and optical effects follow real-world physics,no strong artefacts observed,"The video exhibits natural raindrop dynamics, realistic depth-of-field blur, and consistent atmospheric lighting — all indicative of real-world capture.",
w2_029_kling,Kling,Qwen_3.5,2026-08-01,Real,92,FALSE,none,"Skin texture shows natural pores, wrinkles, and wet clay interaction without waxy or plastic appearance.",FALSE,none,Edges of hands and clay are sharp and well-defined; no haloing or bleeding observed.,FALSE,none,Lighting is consistent with a single overhead source; shadows fall naturally on the wheel and hands.,FALSE,none,"No visible watermarks, logos, or synthetic noise patterns detected in any frame.",FALSE,none,"Hands show correct finger count, joint articulation, and natural grip posture throughout the sequence.",FALSE,none,no non-human subjects present,FALSE,none,Pottery wheel and clay maintain consistent structure; no distortion or impossible geometry.,FALSE,none,"Spatial arrangement of hands, clay, and wheel is physically plausible and perspective-consistent.",FALSE,none,"Motion of hands and spinning wheel is smooth, continuous, and physically accurate; no jitter or sliding.",FALSE,none,"Hand shape, skin tone, and clay form remain consistent across all frames; no morphing or drift.",FALSE,none,No objects appear or disappear; lighting and background remain stable throughout the clip.,FALSE,none,Clay deforms under hand pressure as expected; no violation of physics or causality observed.,no strong artefacts observed,All visual and temporal cues align with real-world physics and human anatomy; no indicators of AI synthesis detected.,
w2_031_kling,Kling,Qwen_3.5,2026-08-01,Real,95,FALSE,none,Fur texture is highly detailed with individual strands visible and natural variation; no waxy or plastic appearance.,FALSE,none,Edges are sharp where in focus and show natural motion blur where moving fast; no haloing or bleeding.,FALSE,none,Lighting is consistent with outdoor sunlight; shadows fall correctly beneath the dog.,FALSE,none,"No visible watermarks, logos, or synthetic noise patterns detected.",FALSE,none,No human subjects present in the video.,FALSE,none,"Dog anatomy is correct; four legs, proper joint articulation, and natural facial features observed throughout.",FALSE,none,No mechanical objects or text present to evaluate; environment appears structurally sound.,FALSE,none,Perspective and spatial arrangement of grass and background foliage are natural and consistent.,FALSE,none,Running gait is fluid and biomechanically accurate; no foot sliding or jitter observed.,FALSE,none,"Dog's appearance, fur pattern, and color remain constant across all frames.",FALSE,none,No objects appear or disappear; background motion is consistent with camera tracking.,FALSE,none,"Physics of movement, including momentum and gravity, appear completely natural.",no strong artefacts observed,The video displays high-fidelity motion and texture consistent with real-world camera footage of a dog running.,
w2_032_kling,Kling,Qwen_3.5,2026-08-01,AI-generated,92,TRUE,M,"At 0:01, the fur on the cat's back appears overly smooth and plastic-like, lacking individual strand definition typical of real macro photography.",TRUE,L,"At 0:02, the edges of the cat's tail show slight blurring and haloing against the wall, suggesting synthesis artifacts.",FALSE,none,Lighting direction from the window is consistent with shadows cast on the sill.,FALSE,none,No visible watermarks or logos present.,FALSE,none,No human subjects present.,TRUE,H,"At 0:02, the cat's hind legs and paws merge indistinctly into the body; the rear right paw is malformed and lacks distinct toes, appearing as a fused lump.",FALSE,none,Window and sill structure appears physically plausible.,FALSE,none,"Spatial arrangement of cat, window, and reflection is consistent.",TRUE,M,"Between 0:01 and 0:02, the transition from lying to stretching involves a non-rigid warping of the torso rather than natural skeletal movement.",FALSE,none,Cat's appearance remains consistent throughout the short clip.,FALSE,none,No objects appear or disappear unexpectedly.,FALSE,none,No physics violations observed in the short duration.,"Severe anatomical failure in the cat's hind legs and paws at 0:02, where limbs merge and lack distinct digits.",The combination of plastic-looking fur texture and impossible limb topology strongly indicates generative synthesis.,
w2_033_kling,Kling,Qwen_3.5,2026-08-01,Real,92,FALSE,none,no texture defects; horse coat and grass show natural detail and variation,FALSE,none,"edges are sharp where in focus, motion blur is physically consistent with speed",FALSE,none,lighting direction and shadows under the horse are consistent with outdoor sunlight,FALSE,none,"no watermarks, logos, or synthetic noise patterns visible",FALSE,none,no human subjects present,FALSE,none,"horse anatomy is correct: four legs, proper head structure, natural mane/tail flow",FALSE,none,no mechanical objects or text; scene elements maintain correct scale and topology,FALSE,none,perspective and spatial layout of field and horizon are physically plausible,FALSE,none,horse gait is biomechanically accurate; no jitter or non-rigid motion artifacts,FALSE,none,horse appearance remains consistent across frames; no morphing or pattern shifts,FALSE,none,no objects appear/disappear; background motion parallax is consistent with camera tracking,FALSE,none,"physics of running, dust kick-up, and momentum are all causally consistent",no strong artefacts observed,"Video exhibits natural motion blur, consistent lighting, and anatomically correct equine movement — all indicative of real-world capture.",
w2_034_kling,Kling,Qwen_3.5,2026-08-01,Real,92,FALSE,none,Feather detail is sharp and natural with individual barbs visible; no waxy or plastic appearance.,FALSE,none,Edges of the bird are crisp against the background; no haloing or bleeding observed.,FALSE,none,Lighting is consistent with natural sunlight filtering through trees; shadows fall correctly on the branch.,FALSE,none,"No visible watermarks, logos, or synthetic noise patterns detected.",FALSE,none,No human subjects present in the video.,FALSE,none,"Parrot anatomy is correct; beak, claws, and wing structure are biologically accurate.",FALSE,none,Branch structure is solid and realistic; no distortion or impossible geometry.,FALSE,none,Spatial arrangement of bird and branch is physically plausible with correct depth of field.,FALSE,none,Bird movement is smooth and natural; no jitter or non-rigid motion artifacts.,FALSE,none,Plumage colors and patterns remain consistent throughout the clip.,FALSE,none,No objects appear or disappear; background remains stable relative to the subject.,FALSE,none,Physics of the bird gripping the branch and moving its head are consistent with reality.,no strong artefacts observed,The video displays high-fidelity natural motion and texture consistent with real-world footage of a macaw.,
w2_036_kling,Kling,Qwen_3.5,2026-08-01,Real,92,FALSE,none,Fabric weave on the suit and skin texture on the hands appear natural and detailed throughout the clip.,FALSE,none,Edges of the suit and hands are sharp and well-defined against the background; no haloing or bleeding observed.,FALSE,none,Lighting is consistent with a studio setup; shadows cast by the hands onto the chest and cards are physically accurate.,FALSE,none,"No visible watermarks, logos, or synthetic noise patterns detected in the frame.",FALSE,none,"Finger count is correct (5 per hand), joints bend naturally, and grip on the cards is anatomically plausible.",FALSE,none,No non-human subjects present.,FALSE,none,Playing cards maintain rigid rectangular structure; text and patterns on card backs remain consistent and legible.,FALSE,none,Spatial arrangement of the magician and background is logical with correct perspective.,FALSE,none,Card shuffling motion is fluid and follows natural acceleration and deceleration curves; no jitter or sliding.,FALSE,none,"The suit, bow tie, and cards maintain consistent appearance and pattern across all frames.",FALSE,none,No objects appear or disappear unexpectedly; background remains static and consistent.,FALSE,none,"Physics of the card manipulation (gravity, momentum, collision) appear fully consistent with reality.",no strong artefacts observed,"The video displays high-fidelity capture of a magic trick with natural lighting, correct anatomy, and physically accurate motion, showing no signs of AI generation.",
w2_037_kling,Kling,Qwen_3.5,2026-08-01,AI-generated,85,TRUE,M,"At 0:01, the dancer's skin appears overly smooth and waxy, lacking natural pores or fine detail, particularly on the arms and legs.",TRUE,L,"At 0:02, the edges of the flowing red skirt show slight blurring and softness where it meets the dark background, suggesting synthesis artifacts.",FALSE,none,Lighting is consistent with a single spotlight source; shadows fall correctly beneath the dancer.,FALSE,none,"No visible watermarks, logos, or overlay text indicating generator origin.",TRUE,M,"At 0:00, the dancer's right hand shows fused fingers with indistinct separation, a common AI artifact in hand rendering.",FALSE,none,no non-human subjects present,FALSE,none,The dress and stage elements maintain consistent structure without distortion or impossible topology.,FALSE,none,Spatial arrangement is plausible; no missing objects or perspective errors observed.,TRUE,L,"At 0:01-0:02, the skirt's motion exhibits slight non-rigid behavior, with fabric appearing to stretch unnaturally during the spin.",FALSE,none,"Dancer's appearance, clothing pattern, and color remain consistent across frames.",FALSE,none,No objects appear or disappear unexpectedly; lighting and background remain stable.,FALSE,none,"Physics of movement and fabric flow are generally plausible, aside from minor motion artifacts.",Fused fingers on the dancer's right hand at 0:00 indicate AI-generated content.,"Subtle texture and boundary artifacts support the verdict, though motion and anatomy issues are more decisive.",
w2_038_kling,Kling,Qwen_3.5,2026-08-01,Real,92,FALSE,none,Skin texture shows natural pores and fine details; no waxy or plastic appearance observed.,FALSE,none,Edges of the subject and mirror reflection are sharp and well-defined; no haloing or bleeding.,FALSE,none,Lighting is consistent with a window source on the left; shadows and highlights behave physically correctly.,FALSE,none,"No visible watermarks, logos, or synthetic noise patterns detected in the frame.",FALSE,none,Hands holding brushes show correct finger count and joint articulation; facial features are anatomically correct.,FALSE,none,no non-human subjects present,FALSE,none,Makeup brushes and mirror appear structurally sound with correct geometry and reflections.,FALSE,none,"Spatial arrangement of the woman, mirror, and background is physically plausible and consistent.",FALSE,none,Movement of the hand and brush is smooth and natural; no jitter or sliding observed.,FALSE,none,Subject's facial features and clothing remain consistent throughout the clip.,FALSE,none,No objects appear or disappear; background elements remain stable.,FALSE,none,Physical interactions between brush and face follow expected cause-and-effect physics.,no strong artefacts observed,"The video exhibits high fidelity in texture, lighting, and motion, consistent with real-world camera capture.",
w2_039_kling,Kling,Qwen_3.5,2026-08-01,Real,92,FALSE,none,Natural skin texture and fabric details visible on subjects; no waxy or plastic appearance.,FALSE,none,"Sharp edges on subjects and stalls; motion blur is consistent with camera movement, not synthesis artifacts.",FALSE,none,Lighting from overhead strings and stall interiors is consistent with shadows and reflections.,FALSE,none,"No visible watermarks, logos, or synthetic noise patterns detected.",FALSE,none,"Crowd members display correct limb counts, proportions, and facial features; no morphing or extra digits.",FALSE,none,No non-human subjects present in the video.,FALSE,none,Stall structures and string lights maintain consistent geometry and perspective.,FALSE,none,Spatial arrangement of the market aisle is logical with correct depth cues.,FALSE,none,Walking gait and crowd flow are natural; no foot sliding or jittery stationary objects.,FALSE,none,Individuals maintain consistent appearance and clothing throughout the clip.,FALSE,none,No objects appear or disappear inexplicably; background remains stable relative to camera motion.,FALSE,none,Physics of movement and interaction appear fully compliant with real-world laws.,no strong artefacts observed,"The video exhibits natural motion blur, consistent lighting, and complex crowd interactions typical of real-world footage.",
w2_001_gemini_omni_flash,Gemini_Omni,Qwen_3.5,2026-08-01,Real,92,FALSE,none,"Skin texture shows natural pores, fine lines, and realistic subsurface scattering; no waxy or plastic appearance observed.",FALSE,none,"Hair edges are sharp and distinct against the background; no haloing, bleeding, or soft dissolution observed.",FALSE,none,Lighting is consistent with a single key light source from the top right; shadows fall naturally on the neck and nose.,FALSE,none,"No visible watermarks, logos, or overlay text; noise pattern appears consistent with standard digital video compression.",FALSE,none,"Facial features, including eyes, nose, mouth, and ears, maintain correct proportions and anatomical structure throughout the clip.",FALSE,none,No non-human subjects present.,FALSE,none,No mechanical objects or text present to evaluate; scene elements appear structurally sound.,FALSE,none,Perspective and depth of field are consistent with a standard camera lens; no impossible spatial arrangements.,FALSE,none,Facial muscle movements during singing/speaking are fluid and biomechanically accurate; no jitter or sliding.,FALSE,none,Subject's identity remains stable; no morphing of facial features or shifting of hair patterns between frames.,FALSE,none,Background bokeh and lighting remain constant; no objects appear or disappear unexpectedly.,FALSE,none,"Physical interactions (breath, lip movement) follow natural cause-and-effect relationships.",no strong artefacts observed,The video exhibits high-fidelity rendering with natural micro-movements and lighting consistency typical of live-action footage.,
w2_002_gemini_omni_flash,Gemini_Omni,Qwen_3.5,2026-08-01,Real,92,FALSE,none,Skin texture shows natural pores and wrinkles; sweater knit pattern is distinct and consistent.,FALSE,none,Subject edges are sharp against the background; no haloing or bleeding observed.,FALSE,none,Lighting is consistent with overhead cafe fixtures; shadows fall naturally on the face and sweater.,FALSE,none,"No visible watermarks, logos, or synthetic noise patterns detected.",FALSE,none,"Facial features, teeth, and hands appear anatomically correct with natural movement.",FALSE,none,no non-human subjects present,FALSE,none,"Cup, table, and background objects maintain correct structure and perspective.",FALSE,none,Spatial arrangement of cafe elements is logical and physically possible.,FALSE,none,Movement of the subject laughing and gesturing is fluid and physically accurate.,FALSE,none,Subject's appearance and clothing remain consistent throughout the clip.,FALSE,none,No objects appear or disappear; background activity is consistent.,FALSE,none,"Physical interactions (holding cup, gesturing) follow natural laws of physics.",no strong artefacts observed,"The video exhibits high fidelity in texture, lighting, and motion, characteristic of real camera footage.",
w2_003_gemini_omni_flash,Gemini_Omni,Qwen_3.5,2026-08-01,AI-generated,75,TRUE,L,"0:00 - Skin on the subject's cheek and forehead appears overly smooth and waxy, lacking natural pore detail visible in high-resolution real footage.",TRUE,L,"0:01 - Soft, slightly blurred edges around the hairline against the background window, suggesting imperfect segmentation or synthesis.",FALSE,none,Lighting appears consistent with a window source; no obvious contradictions observed.,FALSE,none,"No visible watermarks, logos, or overlay text indicating generator origin.",TRUE,M,"0:01 - The subject's right hand turning the page shows fingers that appear slightly merged and lack distinct knuckle definition, a common AI artifact.",FALSE,none,no non-human subjects present,TRUE,L,"0:01 - Text on the book pages is illegible gibberish, lacking coherent letterforms or line structure.",FALSE,none,"Spatial arrangement of book, person, and background appears physically plausible.",TRUE,L,0:01 - The page turn motion is slightly stiff and lacks the natural fluidity and paper deformation expected in real life.,FALSE,none,Subject's facial features and clothing remain consistent across frames.,FALSE,none,No objects appear or disappear unexpectedly; lighting remains stable.,FALSE,none,No violations of physics or causality observed in the short clip.,Illegible gibberish text on book pages combined with merged finger anatomy during page turn.,"The combination of waxy skin texture, unnatural hand anatomy, and unreadable book text strongly suggests synthetic generation despite overall visual coherence.",
w2_004_gemini_omni_flash,Gemini_Omni,Qwen_3.5,2026-08-01,AI-generated,92,TRUE,M,"At 0:00, the skin on the subject's cheek and forehead exhibits a uniform, waxy smoothness lacking natural pore detail, characteristic of generative smoothing.",TRUE,H,"At 0:01, the subject's profile dissolves and bleeds into the raindrop texture on the glass, creating a soft, undefined edge where the face should be distinct from the window.",FALSE,none,Lighting appears consistent with an overcast day; no obvious directional conflicts observed.,FALSE,none,"No visible watermarks, logos, or overlay text indicating generator origin.",FALSE,none,"Facial features (eyes, nose, lips) maintain correct proportions and structure throughout the clip.",FALSE,none,No non-human subjects present.,FALSE,none,"Background buildings and window frame appear structurally sound, though blurred by depth of field.",FALSE,none,Spatial arrangement of subject relative to window is physically plausible.,TRUE,L,"At 0:02, the raindrops on the glass exhibit a subtle, unnatural 'crawling' or jittery motion rather than flowing naturally under gravity.",TRUE,H,"Between 0:00 and 0:02, the subject's facial structure and hair curl pattern morph significantly; the nose shape changes and hair strands merge and separate unnaturally.",TRUE,M,"At 0:01, the reflection on the glass creates a double-exposure effect that inconsistently overlays the subject's face with the background, breaking continuity of the single plane.",FALSE,none,No violations of physical causality such as gravity or matter conservation observed.,Severe identity drift and boundary dissolution at 0:01 where the subject's face morphs and bleeds into the window texture.,"The video displays classic text-to-video artifacts including texture smoothing, temporal instability in facial features, and unnatural fluid dynamics in the raindrops.",
w2_006_gemini_omni_flash,Gemini_Omni,Qwen_3.5,2026-08-01,AI-generated,85,TRUE,M,"At 0:01, the skin on the knuckles appears overly smooth and waxy, lacking the fine micro-texture and pores expected in a close-up shot of human hands.",TRUE,L,"At 0:02, the edges of the fingers blur slightly into the keyboard keys during motion, suggesting a lack of crisp occlusion boundaries typical of synthesis.",FALSE,none,Lighting appears consistent with the cafe environment; no obvious shadows or reflections contradict the scene geometry.,FALSE,none,"No visible watermarks, logos, or overlay text indicating generator origin are present.",TRUE,H,"At 0:01-0:02, the fingers on the right hand appear to merge and distort; specifically, the pinky and ring finger seem to fuse or lack distinct separation at the tips while typing.",FALSE,none,No non-human subjects present.,TRUE,M,"At 0:02, the keyboard keys in the center appear to warp or melt slightly under the pressure of the fingers, losing their rigid rectangular shape.",FALSE,none,"The spatial arrangement of the laptop, cup, and background elements is physically plausible.",TRUE,M,"Throughout 0:00-0:02, the typing motion exhibits a 'gliding' quality where fingers slide across keys rather than striking them individually, with unnatural fluidity.",FALSE,none,The hands and clothing maintain consistent appearance throughout the short clip.,FALSE,none,No objects appear or disappear unexpectedly; background remains stable.,FALSE,none,No violations of physics or causality observed beyond the structural warping.,The fusion and distortion of fingers on the right hand (2.1) combined with the warping of keyboard keys (2.3) are definitive signs of AI generation.,"The video exhibits the characteristic 'smoothness' and anatomical failures common in current text-to-video models, particularly in complex interactions like typing.",
w2_007_gemini_omni_flash,Gemini_Omni,Qwen_3.5,2026-08-01,Real,92,FALSE,none,"High-fidelity textures observed on skin, glass, and liquid surfaces; no waxy or plastic artifacts.",FALSE,none,"Sharp, natural edges on the cup and bottle; no haloing or bleeding effects.",FALSE,none,Consistent natural lighting from the window with physically accurate reflections and shadows.,FALSE,none,"No visible watermarks, logos, or synthetic noise patterns detected.",FALSE,none,"Hand structure, finger placement, and grip on the bottle appear anatomically correct and natural.",FALSE,none,no non-human subjects present,FALSE,none,"Cup and bottle maintain rigid, correct geometry throughout the clip.",FALSE,none,Spatial arrangement of kitchen items is logical and perspective is consistent.,FALSE,none,Fluid dynamics of the pouring milk are physically accurate with no jitter or warping.,FALSE,none,Objects and textures remain stable with no morphing or pattern shifting.,FALSE,none,"Continuous action with no sudden jumps, disappearances, or lighting shifts.",FALSE,none,Liquid flow follows gravity and momentum laws perfectly; no causality violations.,no strong artefacts observed,The video exhibits perfect fluid dynamics and lighting consistency characteristic of high-quality real-world footage.,
w2_008_gemini_omni_flash,Gemini_Omni,Qwen_3.5,2026-08-01,Real,92,FALSE,none,Skin texture shows natural pores and imperfections; shoe leather has realistic grain and wear patterns.,FALSE,none,"Edges of hands, laces, and shoe are sharp and well-defined against background; no haloing or bleeding observed.",FALSE,none,Natural outdoor lighting with consistent shadow direction under bench slats and on shoe; highlights match ambient sun angle.,FALSE,none,"No visible watermarks, logos, or synthetic noise patterns; frame exhibits natural sensor noise and compression artifacts typical of real video.",FALSE,none,"Hands show correct finger count, joint articulation, and nail structure; no merging or distortion during motion.",FALSE,none,no non-human subjects present,FALSE,none,Shoe maintains structural integrity; laces thread correctly through eyelets; no impossible geometry or text rendering issues.,FALSE,none,Perspective is consistent; bench slats recede naturally; background foliage depth matches foreground focus.,FALSE,none,Hand movements are fluid and physically plausible; laces deform realistically under tension; no jitter or sliding.,FALSE,none,"Skin tone, nail shape, and shoe color remain constant across frames; no morphing or pattern shifting.",FALSE,none,Lace position progresses logically from loose to tied; no objects appear/disappear; lighting remains stable.,FALSE,none,"Physics of lace tying is accurate — tension, friction, and knot formation behave as expected in real world.",no strong artefacts observed,All visual and temporal cues align with real-world physics and human anatomy; no indicators of AI synthesis detected.,
w2_009_gemini_omni_flash,Gemini_Omni,Qwen_3.5,2026-08-01,AI-generated,92,TRUE,M,"0:00-0:02: Skin on fingers has a smooth, waxy appearance lacking fine pores or wrinkles; paper texture is uniform and lacks fiber detail.",TRUE,L,"0:00-0:02: Soft, slightly blurred edges where the pen nib meets the paper, and haloing around the fingernails.",FALSE,none,Lighting appears consistent with a single source from the top-left; shadows fall correctly.,FALSE,none,"No visible watermarks or logos; however, the image has a characteristic 'clean' digital noise pattern.",TRUE,H,"0:00-0:02: The hand holding the pen exhibits structural impossibilities; the thumb and index finger merge unnaturally, and the supporting fingers in the background appear fused or missing distinct joints.",FALSE,none,no non-human subjects present,TRUE,H,"0:00-0:02: The text being written is illegible gibberish; characters do not form recognizable letters in any language, and the ink flow does not match the nib movement precisely.",FALSE,none,"Spatial arrangement of hand, pen, and paper is logically consistent.",TRUE,M,"0:00-0:02: The pen tip slides across the paper with a slight 'skating' motion, lacking the micro-friction and ink deposition lag expected in real writing.",FALSE,none,Hand and pen maintain consistent appearance throughout the short clip.,FALSE,none,No objects appear or disappear; lighting remains stable.,TRUE,M,0:00-0:02: Ink appears on the page without a clear physical transfer mechanism from the nib; the line forms ahead of the nib's contact point in some frames.,"The text written on the page is complete gibberish, and the hand anatomy shows fused fingers and impossible joint structures.",The combination of illegible text generation and severe hand anatomy errors is a definitive marker of current text-to-video synthesis models.,
w2_011_gemini_omni_flash,Gemini_Omni,Qwen_3.5,2026-08-01,AI-generated,85,TRUE,M,"At 0:01, the man's leather jacket has a uniform, plastic-like sheen lacking natural grain variation, and the woman's hair appears as solid clumps rather than individual strands.",TRUE,M,"At 0:02, the edges of the background pedestrians are soft and bleed slightly into the storefronts, lacking crisp definition.",FALSE,none,Lighting direction and shadows appear consistent with a sunny street scene.,FALSE,none,No visible watermarks or logos present.,TRUE,H,"At 0:00, the man's right hand is malformed, with fingers appearing fused or missing distinct joints, resembling a claw.",FALSE,none,No non-human subjects present.,TRUE,M,"At 0:02, the text on the red neon sign in the background right is illegible gibberish, failing to form recognizable letters.",FALSE,none,Spatial arrangement of the street and buildings appears logically consistent.,TRUE,L,"Throughout the clip, background pedestrians exhibit a slight 'gliding' motion with minimal leg articulation, typical of video synthesis.",FALSE,none,Character features and clothing remain consistent across frames.,FALSE,none,No objects appear or disappear unexpectedly; lighting remains stable.,FALSE,none,No physics violations observed in the short duration.,"The man's right hand at 0:00 is severely malformed with fused fingers, a definitive marker of AI generation.",The combination of anatomical failure in the hand and illegible background text strongly indicates synthetic origin despite high overall visual fidelity.,
w2_012_gemini_omni_flash,Gemini_Omni,Qwen_3.5,2026-08-01,AI-generated,92,TRUE,M,"At 0:00, the skin on the mother's face and the father's hands appears overly smooth and waxy, lacking natural pore detail. The bread texture at 0:01 looks uniformly soft without distinct crumb structure.",TRUE,L,"At 0:00, the edges of the salad bowl being passed are slightly soft and blend into the background light. Hair strands on the children at 0:02 merge slightly with the background.",TRUE,M,"At 0:00, the strong backlight from the window creates a halo effect but fails to cast consistent shadows on the table surface or the subjects' faces, resulting in flat lighting on the front of the subjects.",FALSE,none,"No visible watermarks, logos, or overlay text indicating generator origin found in the pixels.",TRUE,H,"At 0:01, the hands holding the serving utensils are structurally distorted; fingers appear fused or merged with the utensil handles, and the grip geometry is physically impossible.",FALSE,none,No non-human subjects present.,TRUE,M,"At 0:01, the garlic bread slices in the basket lack distinct separation and appear to merge into a single mass. The salad bowl rim at 0:00 seems to warp slightly where hands touch it.",FALSE,none,Spatial arrangement of the family and table setting is logically consistent with a dining scene.,TRUE,L,"At 0:01, the motion of the serving spoons is slightly jittery and lacks the natural weight and inertia expected of metal utensils lifting food.",FALSE,none,Character appearances and clothing patterns remain consistent across the short clip duration.,FALSE,none,No objects appear or disappear unexpectedly; scene continuity is maintained between cuts.,FALSE,none,No violations of physics or causality observed in the interactions shown.,"Severe anatomical distortion of hands and fingers interacting with utensils at 0:01, showing fused digits and impossible grip geometry.","The combination of waxy skin textures, lighting inconsistencies, and specifically the malformed hands during the serving action strongly indicates AI generation.",
w2_013_gemini_omni_flash,Gemini_Omni,Qwen_3.5,2026-08-01,AI-generated,92,TRUE,M,"0:01 - The woman's skin exhibits a waxy, plastic-like sheen with a complete lack of pore detail or natural skin texture, particularly on the forehead and cheeks.",TRUE,L,"0:00 - Soft, bleeding edges around the man's hand holding the marker and the sticky notes on the whiteboard.",FALSE,none,"Lighting appears consistent with an office environment, though slightly flat.",FALSE,none,No visible watermarks or logos present.,TRUE,H,0:02 - The man's right hand holding the marker is structurally malformed; fingers appear fused and the grip on the pen is physically impossible.,FALSE,none,No non-human subjects present.,TRUE,H,0:00 - The text and diagrams on the whiteboard are illegible gibberish; characters are distorted and lines do not connect logically.,FALSE,none,Spatial arrangement of people and furniture is plausible.,TRUE,M,0:01 - The woman's head movement during the close-up is jerky and lacks natural acceleration/deceleration curves.,FALSE,none,Character features remain consistent across the short clip.,FALSE,none,No objects appear or disappear unexpectedly.,FALSE,none,No obvious physics violations observed in this short segment.,"The whiteboard contains completely illegible, hallucinated text and diagrams that mimic the appearance of writing without forming coherent characters.",The combination of gibberish text on the whiteboard and the malformed hand anatomy are strong indicators of generative video synthesis.,
w2_014_gemini_omni_flash,Gemini_Omni,Qwen_3.5,2026-08-01,Real,92,FALSE,none,Natural skin texture with visible pores and fabric weave on clothing; no waxy or plastic appearance.,FALSE,none,"Sharp, clean edges on subjects and bicycle; no haloing or background dissolution observed.",FALSE,none,Consistent sunlight direction with physically accurate shadows cast on the pavement and grass.,FALSE,none,"No visible watermarks, logos, or synthetic noise patterns detected in any frame.",FALSE,none,Correct finger counts on hands gripping handlebars; natural facial proportions and limb structure.,FALSE,none,No non-human subjects present in the video clip.,FALSE,none,Bicycle structure is mechanically sound with correct wheel alignment and handlebar geometry.,FALSE,none,Perspective and depth of field are consistent with optical camera capture in a park setting.,FALSE,none,"Smooth, physically plausible motion of the bicycle and running man; no jitter or sliding.",FALSE,none,Subject features and clothing patterns remain stable across all frames.,FALSE,none,No objects appear or disappear unexpectedly; background elements remain consistent.,FALSE,none,"Physical interactions between the man, girl, and bike follow standard laws of physics.",no strong artefacts observed,"The video exhibits high fidelity in lighting, texture, and motion physics, consistent with genuine camera footage.",
w2_016_gemini_omni_flash,Gemini_Omni,Qwen_3.5,2026-08-01,Real,92,FALSE,none,"Natural skin texture, fabric weave on shorts, and individual grass blades are clearly visible with appropriate detail.",FALSE,none,Sharp edges on the player and ball; no haloing or bleeding into the background.,FALSE,none,Consistent sunlight direction with realistic shadows cast by the player and ball on the grass.,FALSE,none,"No visible watermarks, logos, or synthetic noise patterns detected.",FALSE,none,"Correct limb count, natural joint movement, and realistic muscle definition during the run and kick.",FALSE,none,no non-human subjects present,FALSE,none,Soccer ball maintains correct geometry and panel structure; cleats and goalposts appear structurally sound.,FALSE,none,"Perspective and depth of field are consistent with a real camera lens; spatial relationships between player, ball, and field are logical.",FALSE,none,Fluid motion with natural acceleration; dirt particles ejected upon impact follow realistic physics trajectories.,FALSE,none,Player's appearance and clothing remain consistent throughout the clip.,FALSE,none,No objects appear or disappear unexpectedly; lighting remains stable.,FALSE,none,"Physical interactions (foot striking ball, dirt displacement) adhere strictly to laws of physics.",no strong artefacts observed,"The video exhibits high-fidelity physics, particularly in the particle effects of the soil and the deformation of the grass, which are characteristic of real-world footage.",
w2_017_gemini_omni_flash,Gemini_Omni,Qwen_3.5,2026-08-01,Real,92,FALSE,none,Skin texture and fabric weave appear natural with appropriate detail; no waxy or plastic look observed.,FALSE,none,Subject edges are sharp and well-defined against the background; no haloing or dissolution detected.,FALSE,none,Lighting is consistent with a sunset environment; shadows and highlights on the runner match the sun's position.,FALSE,none,"No visible watermarks, logos, or synthetic noise patterns detected in the frame.",FALSE,none,"Runner's limbs, hands, and facial features maintain correct proportions and structure throughout the clip.",FALSE,none,no non-human subjects present,FALSE,none,Clothing and shoes maintain structural integrity; no distortion or impossible topology observed.,FALSE,none,"Perspective and spatial arrangement of the beach, ocean, and runner are physically plausible.",FALSE,none,Running gait is fluid and biomechanically correct; no foot sliding or jittery motion observed.,FALSE,none,"Subject's appearance, clothing pattern, and facial features remain consistent across all frames.",FALSE,none,Wave motion and background elements are continuous; no objects appear or disappear unexpectedly.,FALSE,none,Physics of running and wave interaction with sand appear natural and obey conservation laws.,no strong artefacts observed,"The video exhibits high fidelity in motion, lighting, and texture, consistent with real-world camera capture.",
w2_018_gemini_omni_flash,Gemini_Omni,Qwen_3.5,2026-08-01,Real,92,FALSE,none,Natural fabric wrinkles on pants and realistic concrete texture visible throughout 0:00-0:02.,FALSE,none,Sharp edges on the skater and skateboard against the background; no haloing or bleeding observed.,FALSE,none,Consistent sunlight direction casting coherent shadows under the bridge structure at 0:01.,FALSE,none,"No visible watermarks, logos, or synthetic noise patterns detected in any frame.",FALSE,none,Skater's limbs and proportions appear anatomically correct during the trick at 0:02.,FALSE,none,no non-human subjects present,FALSE,none,Skateboard wheels and trucks maintain structural integrity and correct scale relative to the rider.,FALSE,none,Perspective and spatial arrangement of the skatepark and city background are physically consistent.,FALSE,none,"Smooth, physically accurate motion blur and trajectory during the jump at 0:02.",FALSE,none,Clothing patterns and skater appearance remain constant across all frames.,FALSE,none,No objects appear or disappear; background elements remain stable relative to camera movement.,FALSE,none,"Physics of the skateboard trick (gravity, momentum) appear fully consistent with reality.",no strong artefacts observed,"The video exhibits natural motion blur, consistent lighting, and complex background parallax typical of real camera footage.",
w2_019_gemini_omni_flash,Gemini_Omni,Qwen_3.5,2026-08-01,Real,92,FALSE,none,"Skin texture, water surface, and pool tiles show natural high-frequency detail and noise consistent with real camera footage.",FALSE,none,"Edges of the swimmer and water splashes are sharp and physically accurate, with no haloing or bleeding artifacts.",FALSE,none,"Lighting is consistent with outdoor sunlight, casting correct shadows and reflections on the water and swimmer's body.",FALSE,none,"No visible watermarks, logos, or synthetic noise patterns detected in any frame.",FALSE,none,"Swimmer's anatomy, including hands, feet, and muscle definition, is structurally correct and proportionate throughout the dive.",FALSE,none,no non-human subjects present,FALSE,none,"Pool lanes, starting blocks, and swimwear maintain correct geometry and scale relationships.",FALSE,none,Perspective and spatial arrangement of the pool environment are physically plausible and consistent.,FALSE,none,Motion blur during the dive and water entry follows natural physics; no jitter or sliding observed.,FALSE,none,The swimmer's appearance and clothing remain consistent across all frames.,FALSE,none,The sequence of diving and entering the water is continuous with no sudden jumps or object disappearances.,FALSE,none,Water displacement and splash dynamics upon entry obey fluid dynamics and gravity.,no strong artefacts observed,"The video exhibits high-fidelity physics in water simulation and human motion, characteristic of high-speed real-world cinematography.",
w2_021_gemini_omni_flash,Gemini_Omni,Qwen_3.5,2026-08-01,Real,92,FALSE,none,Skin texture shows natural pores and fine lines; fabric weave on apron is distinct and consistent.,FALSE,none,Subject edges are sharp with natural depth-of-field blur; no halos or bleeding observed.,FALSE,none,Lighting is consistent with outdoor daylight; shadows fall naturally under the chin and apron folds.,FALSE,none,"No visible watermarks, logos, or synthetic noise patterns detected in any frame.",FALSE,none,Facial features are symmetrical and proportional; hands in pockets appear anatomically correct.,FALSE,none,no non-human subjects present,FALSE,none,Book spines and sign text ('THE DAILY PAGE') are legible and structurally sound.,FALSE,none,Perspective lines of the storefront converge naturally; spatial arrangement is logical.,FALSE,none,Camera movement is smooth; subject motion is minimal and physically plausible.,FALSE,none,Subject's appearance remains consistent across the cut from wide to close-up.,FALSE,none,Background elements remain stable; no objects appear or disappear unexpectedly.,FALSE,none,No physics violations observed; movement and lighting obey natural laws.,no strong artefacts observed,"The video exhibits high fidelity in texture, lighting, and structural integrity, with no signs of generative synthesis.",
w2_022_gemini_omni_flash,Gemini_Omni,Qwen_3.5,2026-08-01,AI-generated,95,TRUE,M,"0:01 - The newspaper paper texture appears overly smooth and plastic-like, lacking the fibrous detail of real newsprint, particularly visible in the close-up shot.",TRUE,L,"0:00 - Soft, slightly bleeding edges around the man's hat and the wooden post of the stand, typical of diffusion model generation.",FALSE,none,Lighting appears consistent with an outdoor urban environment; shadows fall naturally.,FALSE,none,No visible watermarks or generator logos present in the frame.,TRUE,H,"0:01 - The hand interacting with the newspaper exhibits severe structural failure; fingers appear to merge into a single mass and lack distinct knuckles or nails, a hallmark of AI generation.",FALSE,none,No non-human subjects present.,TRUE,H,"0:01 - The text on the newspaper headline is complete gibberish ('MAUN BENIPTEAY', 'PERITPES DITERLAS'), failing to form coherent words in any language.",FALSE,none,Scene layout is plausible for a street corner newsstand.,TRUE,M,0:01 - The motion of the hand pressing the paper lacks physical resistance; the paper deforms unnaturally under the finger pressure.,FALSE,none,Character appearance remains consistent across the short clip.,FALSE,none,No objects appear or disappear inexplicably within the shots.,FALSE,none,No major physics violations observed beyond the hand interaction.,"The newspaper headline consists of nonsensical gibberish text, and the hand manipulating the paper has fused, indistinct fingers.",The combination of illegible text and anatomical failure in the hand provides definitive evidence of synthetic generation.,
w2_023_gemini_omni_flash,Gemini_Omni,Qwen_3.5,2026-08-01,Real,92,FALSE,none,Natural fabric weave on trench coat and skin texture visible; no waxy or plastic appearance.,FALSE,none,Sharp edges on the woman and menu board; no haloing or edge bleeding observed.,FALSE,none,Consistent outdoor lighting with correct shadow direction under the easel and awning.,FALSE,none,"No visible watermarks, logos, or synthetic noise patterns detected.",FALSE,none,Hands and face appear anatomically correct with natural proportions and movement.,FALSE,none,No non-human subjects present.,FALSE,none,Menu text is legible and consistent; easel and chair structures are physically sound.,FALSE,none,Perspective lines on the pavement and building facade are consistent and realistic.,FALSE,none,Walking gait is natural with no foot sliding or jittery motion.,FALSE,none,Subject's appearance and clothing remain consistent throughout the clip.,FALSE,none,Background elements and lighting remain stable; no objects appear or disappear unexpectedly.,FALSE,none,Physics of movement and interaction with the environment (walking past the sign) are normal.,no strong artefacts observed,"The video exhibits high fidelity in texture, lighting, and motion, consistent with real-world camera footage.",
w2_024_gemini_omni_flash,Gemini_Omni,Qwen_3.5,2026-08-01,AI-generated,95,TRUE,M,"At 0:02, the subject's skin exhibits a uniform, waxy smoothness lacking natural pores or micro-texture, particularly on the cheek and forehead.",TRUE,L,"At 0:00, the edges of the backpack straps show slight softness and blending into the jacket fabric, lacking crisp definition.",FALSE,none,Lighting appears consistent with a large indoor station environment; no obvious directional conflicts observed.,FALSE,none,"No visible watermarks, logos, or overlay text indicating generator origin found in the pixel data.",FALSE,none,The subject's facial features and visible body parts appear anatomically correct with no obvious distortions.,FALSE,none,No non-human subjects or animals are present in the video.,TRUE,H,"At 0:01, the departure board displays complete gibberish text (e.g., 'Brottaget', 'Sertlone', 'Gnner Rrre') and nonsensical status indicators like 'On Ttime' and 'PlaTfoem', a definitive marker of AI generation.",FALSE,none,"The spatial arrangement of the station, pillars, and crowd appears logically consistent.",FALSE,none,Motion is limited; no obvious jitter or non-rigid movement of static objects detected.,FALSE,none,The subject's appearance remains consistent between the wide shot and the close-up.,FALSE,none,No objects appear or disappear inexplicably; background elements remain stable.,FALSE,none,No violations of physics or causality observed in the short clip.,"The departure board at 0:01 displays completely illegible, hallucinated text strings and misspelled common words like 'Platform' and 'On Time'.","The combination of perfect but nonsensical text on the signage and the overly smooth, plastic-like skin texture on the human subject strongly indicates synthetic generation.",
w2_026_gemini_omni_flash,Gemini_Omni,Qwen_3.5,2026-08-01,AI-generated,95,TRUE,M,"At 0:01, the skin on the hands appears overly smooth and waxy, lacking natural pores or fine wrinkles expected in a close-up of adult hands.",TRUE,H,"At 0:02, the edges of the cucumber slices blur and merge into the knife blade and each other, showing a 'melting' effect rather than distinct physical separation.",FALSE,none,Lighting appears consistent with a kitchen environment; no obvious shadows or reflections violate physics.,FALSE,none,"No visible watermarks, logos, or overlay text indicating generator origin.",TRUE,H,"At 0:01 and 0:02, the fingers holding the cucumber appear distorted, with joints bending at unnatural angles and fingers merging into the vegetable.",FALSE,none,No non-human subjects present.,TRUE,H,"At 0:02, the cucumber slices deform and stretch elastically as the knife passes, behaving like soft clay rather than rigid vegetable matter.",FALSE,none,Spatial arrangement of kitchen items is plausible.,TRUE,H,"Throughout 0:00-0:02, the motion of the knife and cucumber lacks physical resistance; the slices slide and warp unnaturally during the cutting action.",TRUE,M,"At 0:02, the pattern of the cucumber seeds shifts and morphs on the slice surface as it moves, inconsistent with a static internal structure.",TRUE,H,"At 0:02, sliced pieces appear to fuse back together or change count instantly as the knife lifts, violating object permanence.",TRUE,H,"At 0:02, the cucumber slices react to the knife before contact is fully made, and the cut pieces move without being pushed by the blade.","The cucumber slices exhibit non-rigid, elastic deformation and merge with the knife blade during the cutting motion, defying the physical properties of the vegetable.","The video displays multiple severe temporal and structural artefacts typical of current video generation models, particularly in the interaction between the hand, knife, and food.",
w2_027_gemini_omni_flash,Gemini_Omni,Qwen_3.5,2026-08-01,Real,92,FALSE,none,"High-fidelity texture on skin, wood grain, and fabric weave visible throughout; no waxy or plastic appearance.",FALSE,none,"Sharp, natural edges on hands and loom components; no haloing or bleeding observed.",FALSE,none,Consistent directional lighting from the left window; shadows fall naturally on the subject and equipment.,FALSE,none,"No visible watermarks, logos, or synthetic noise patterns detected in any frame.",FALSE,none,"Hands and fingers display correct count, articulation, and grip mechanics on the shuttle and beam (0:01-0:02).",FALSE,none,No non-human subjects present.,FALSE,none,"Loom mechanics, pulleys, and shuttle structure appear physically accurate and undistorted.",FALSE,none,Spatial arrangement of the room and loom follows standard perspective rules; no impossible geometry.,FALSE,none,"Fluid, physically accurate motion of the shuttle and beater; no jitter or sliding artifacts.",FALSE,none,Subject's facial features and clothing patterns remain consistent across all cuts.,FALSE,none,Thread continuity and object placement remain logical between the wide shot and close-ups.,FALSE,none,"Physical interactions between hands, tool, and thread obey laws of physics and causality.",no strong artefacts observed,"The video exhibits high-quality cinematography with natural depth of field and accurate mechanical interaction, showing no signs of generative synthesis.",
w2_028_gemini_omni_flash,Gemini_Omni,Qwen_3.5,2026-08-01,AI-generated,85,TRUE,L,"At 0:01, the water droplets exhibit a slightly uniform, plastic-like sheen lacking the chaotic micro-reflections of real water, particularly in the center cluster.",FALSE,none,Edges are consistent with optical bokeh; no halo or bleed artifacts observed.,FALSE,none,Lighting on droplets matches the background bokeh sources; no inconsistencies found.,FALSE,none,No visible watermarks or logos present.,FALSE,none,No human subjects present in the video.,FALSE,none,No non-human subjects present.,FALSE,none,No distinct mechanical objects or text to evaluate for structural integrity.,FALSE,none,Scene composition is standard for a window view; no impossible arrangements.,TRUE,M,"At 0:02, the large rivulet on the right descends with an unnatural, smooth acceleration and lacks the characteristic stick-slip motion of real water on glass.",FALSE,none,Droplets maintain consistent identity throughout the short clip.,TRUE,L,"At 0:01-0:02, smaller droplets appear to merge into larger streams without the expected surface tension displacement effects.",FALSE,none,Gravity acts downwards; no violations of basic physics observed.,"The fluid dynamics of the falling water rivulets (0:02) display an overly smooth, simulated viscosity that lacks the erratic stick-slip behavior of real rain.","The video is a high-quality synthesis, but the motion of the water betrays its artificial nature through perfect smoothness and lack of chaotic interaction.",
w2_029_gemini_omni_flash,Gemini_Omni,Qwen_3.5,2026-08-01,Real,92,FALSE,none,"High-fidelity skin texture with visible pores, hair, and realistic clay interaction; no waxy or plastic appearance.",FALSE,none,"Sharp, natural edges on hands and pottery wheel; no haloing or bleeding artifacts.",FALSE,none,Consistent directional lighting with physically accurate shadows and specular highlights on wet clay.,FALSE,none,"No visible watermarks, logos, or synthetic noise patterns detected in the pixel data.",FALSE,none,"Hands exhibit correct finger count, joint articulation, and anatomical proportions throughout the clip.",FALSE,none,No non-human subjects present.,FALSE,none,Pottery wheel and clay vessel maintain structural integrity and correct physical topology.,FALSE,none,"Spatial arrangement of hands, wheel, and background elements is physically plausible and consistent.",FALSE,none,"Fluid, natural motion of hands and spinning wheel with no jitter or non-rigid deformation.",FALSE,none,Hand features and clay texture remain consistent across frames without morphing or shifting.,FALSE,none,No objects appear or disappear; background and foreground motion are consistent.,FALSE,none,Physics of clay deformation and wheel rotation adhere strictly to real-world mechanics.,no strong artefacts observed,"The video displays high-quality cinematography with natural lighting and physically accurate fluid dynamics of the clay, showing no signs of generative synthesis.",
w2_031_gemini_omni_flash,Gemini_Omni,Qwen_3.5,2026-08-01,Real,92,FALSE,none,Fur texture is highly detailed with individual strands visible and natural variation; no waxy or plastic appearance.,FALSE,none,Edges are sharp where in focus and naturally blurred by depth of field; no haloing or dissolution.,FALSE,none,"Lighting is consistent with outdoor sunlight, casting correct shadows and highlights on the dog's body.",FALSE,none,"No visible watermarks, logos, or synthetic noise patterns detected.",FALSE,none,No human subjects present in the video.,FALSE,none,"Dog anatomy is correct; four legs, proper tail, and facial features are consistent with a Golden Retriever.",FALSE,none,Collar and environmental objects maintain structural integrity and correct scale.,FALSE,none,Perspective and spatial arrangement of the park background are physically plausible.,FALSE,none,Running gait is fluid and biomechanically accurate; no foot sliding or jitter.,FALSE,none,"The dog's appearance, fur pattern, and collar remain consistent throughout the clip.",FALSE,none,No objects appear or disappear unexpectedly; background motion is consistent with camera tracking.,FALSE,none,"Physics of movement, including grass displacement and momentum, appear natural.",no strong artefacts observed,The video exhibits high-fidelity motion and texture consistent with real-world camera footage of an animal.,
w2_032_gemini_omni_flash,Gemini_Omni,Qwen_3.5,2026-08-01,AI-generated,92,TRUE,L,"0:00 - Fur texture appears overly smooth and painterly, lacking individual strand definition typical of macro photography, particularly on the flank.",TRUE,M,"0:01 - The edges of the cat's whiskers and ear tips show slight haloing and softness against the background, characteristic of diffusion model generation.",FALSE,none,Lighting direction from the window is consistent with shadows cast on the windowsill.,FALSE,none,No visible watermarks or logos present in the frame.,FALSE,none,No human subjects present in the video.,TRUE,H,0:02 - The cat's mouth opens in an anatomically impossible way; the jaw structure distorts and the tongue appears as a generic pink shape without proper muscle definition or connection to the throat.,FALSE,none,The windowsill and background furniture maintain consistent structural integrity.,FALSE,none,Spatial arrangement of the cat on the sill relative to the window and room is physically plausible.,TRUE,M,0:01-0:02 - The transition from sleeping to yawning involves a 'melting' motion where the front paws shift position without clear articulation of joints.,FALSE,none,The cat's fur pattern and color remain consistent throughout the short clip.,FALSE,none,No objects appear or disappear; background remains static.,FALSE,none,No violations of physics or causality observed beyond the anatomical distortion.,"The cat's mouth opens with a distorted, non-anatomical jaw structure and undefined tongue at 0:02, a hallmark of AI video generation struggling with complex biological motion.",The video exhibits the 'dream-like' smoothness and specific anatomical failures common in current text-to-video models when rendering animal facial expressions.,
w2_033_gemini_omni_flash,Gemini_Omni,Qwen_3.5,2026-08-01,Real,92,FALSE,none,no texture defects; coat sheen and muscle definition appear natural,FALSE,none,no boundary defects; edges are sharp and consistent with motion blur,FALSE,none,no lighting inconsistency; shadows and highlights match outdoor daylight conditions,FALSE,none,no visible watermarks or provenance signals,FALSE,none,no human subjects present,FALSE,none,"horse anatomy is correct; limb count, joint angles, and facial structure are biologically accurate",FALSE,none,"no structural defects; hooves, mane, and tail behave physically correctly",FALSE,none,scene composition is plausible; perspective and depth are consistent,FALSE,none,motion is fluid and biomechanically accurate; no jitter or sliding,FALSE,none,no identity drift; horse appearance remains consistent across frames,FALSE,none,no continuity errors; background and foreground motion are coherent,FALSE,none,no causality violations; physics of gallop and environmental interaction are realistic,no strong artefacts observed,"Video exhibits high fidelity in anatomy, motion, and lighting with no detectable AI-generation markers.",
w2_034_gemini_omni_flash,Gemini_Omni,Qwen_3.5,2026-08-01,AI-generated,92,TRUE,M,"0:00-0:02: Feathers exhibit a waxy, overly smooth sheen lacking individual barb detail, particularly on the red head and blue wing sections, giving a plastic appearance.",TRUE,L,"0:01: Soft, slightly blurred edges where the parrot's chest meets the background foliage, suggesting imperfect segmentation or generation bleed.",FALSE,none,Lighting appears consistent with a dappled forest environment; no obvious directional conflicts observed.,FALSE,none,"No visible watermarks, logos, or overlay text indicating generator origin.",FALSE,none,No human subjects present in the video.,TRUE,H,"0:02: The parrot's feet gripping the branch appear malformed, with toes merging into the wood texture and lacking distinct claw definition, a common AI structural failure.",TRUE,M,"0:02: The beak structure appears slightly distorted during movement, and the branch texture underneath the feet dissolves into ambiguity.",FALSE,none,Spatial arrangement of the parrot on the branch within the jungle background is physically plausible.,TRUE,M,"0:01-0:02: The head turn exhibits a slight 'morphing' quality rather than rigid rotation, and the feather movement lacks natural aerodynamic resistance.",TRUE,L,0:00-0:02: Subtle shifting in the pattern of the white facial patch and the specific arrangement of feathers around the eye between frames.,FALSE,none,No objects appear or disappear abruptly; the scene remains continuous.,FALSE,none,No violations of physics or causality observed beyond the motion artifacts.,"The parrot's feet at 0:02 are structurally incoherent, merging with the branch rather than gripping it with distinct talons.",The combination of waxy feather textures and the severe anatomical failure of the feet strongly indicates synthetic generation.,
w2_036_gemini_omni_flash,Gemini_Omni,Qwen_3.5,2026-08-01,AI-generated,85,TRUE,M,"At 0:00, the skin on the hands has a smooth, waxy appearance lacking fine pores or wrinkles, particularly on the knuckles and fingers.",TRUE,M,"At 0:01, the edges of the fanned cards blur and merge into each other unnaturally, lacking distinct separation lines between individual cards.",FALSE,none,Lighting appears consistent with a stage setting; no obvious contradictions found.,FALSE,none,No visible watermarks or logos present in the frame.,TRUE,H,"At 0:01, the right hand's fingers appear to merge and distort during the card manipulation, with impossible joint bending and finger count ambiguity.",FALSE,none,No non-human subjects present.,TRUE,H,"At 0:01-0:02, the playing cards lose their rigid rectangular structure, bending and warping like liquid or cloth as they are moved.",FALSE,none,Scene composition is standard for a close-up shot; no spatial impossibilities detected.,TRUE,H,"Throughout 0:01-0:02, the motion of the cards is fluid and non-rigid, defying the physics of stiff paper cards.",TRUE,M,"At 0:02, the pattern on the back of the cards shifts and morphs slightly as they move, lacking consistent geometric alignment.",FALSE,none,No objects appear or disappear unexpectedly; continuity is maintained aside from structural warping.,TRUE,M,"At 0:02, cards seem to pass through each other or merge without resistance, violating solid object causality.","The playing cards exhibit non-rigid, liquid-like deformation and warping during movement, which is physically impossible for stiff paper cards.","The combination of waxy skin texture, merging fingers, and fluid card motion strongly indicates generative AI synthesis.",
w2_037_gemini_omni_flash,Gemini_Omni,Qwen_3.5,2026-08-01,AI-generated,85,TRUE,M,"At 0:01, the skin on the dancer's face and arms appears overly smooth and waxy, lacking natural pores or fine detail.",TRUE,M,"At 0:00 and 0:02, the edges of the red dress blend slightly into the dark background, particularly where the fabric is in motion, creating a soft, undefined halo.",FALSE,none,Lighting is consistent with a single overhead spotlight; shadows fall correctly beneath the dancer.,FALSE,none,"No visible watermarks, logos, or overlay text indicating generator origin.",TRUE,H,"At 0:02, the dancer's right hand gripping the dress shows fused fingers and an unnatural, claw-like shape; the left hand also appears distorted with indistinct digits.",FALSE,none,no non-human subjects present,TRUE,M,"At 0:00, the hem of the red dress appears to merge with the floor in an impossible way, lacking clear separation between fabric and stage.",FALSE,none,The theater setting is plausible; perspective and spatial arrangement are consistent.,TRUE,L,"At 0:01, the motion blur on the spinning dress appears slightly unnatural, with some areas of the fabric moving at inconsistent speeds relative to the body.",FALSE,none,The dancer's appearance and clothing remain consistent across frames.,FALSE,none,No objects appear or disappear unexpectedly; lighting remains stable.,FALSE,none,Physics of the spinning dress and dancer's movement appear generally plausible.,Severe hand anatomy defects with fused and distorted fingers visible at 0:02.,"The combination of waxy skin texture, boundary dissolution on the dress, and especially the malformed hands strongly indicates AI generation.",
w2_038_gemini_omni_flash,Gemini_Omni,Qwen_3.5,2026-08-01,Real,92,FALSE,none,"Skin texture shows natural pores, fine hairs, and realistic specular highlights on the lips and nose at 0:01.",FALSE,none,Edges of the subject and reflection are sharp and consistent with optical depth of field; no haloing or bleeding observed.,FALSE,none,Lighting is consistent with a window source on the left; shadows and highlights on the face and brush match physical expectations.,FALSE,none,"No visible watermarks, logos, or synthetic noise patterns detected in any frame.",FALSE,none,"Facial features, hand structure, and finger count appear anatomically correct in both the subject and the reflection at 0:02.",FALSE,none,no non-human subjects present,FALSE,none,The makeup brush maintains consistent geometry and bristle structure throughout the motion.,FALSE,none,"Mirror reflection geometry is physically accurate, matching the angle and position of the subject relative to the glass.",FALSE,none,"Hand movement applying the lipstick is smooth, with natural acceleration and no jitter or sliding.",FALSE,none,Subject's facial features and the reflection remain identical and stable across all frames.,FALSE,none,No objects appear or disappear; lighting and background elements remain constant.,FALSE,none,Physical interaction between the brush and lips follows standard cause-and-effect physics.,no strong artefacts observed,"The video exhibits high-fidelity optical characteristics, including accurate mirror reflection geometry and natural skin subsurface scattering, indicative of real camera footage.",
w2_039_gemini_omni_flash,Gemini_Omni,Qwen_3.5,2026-08-01,Real,15,FALSE,none,"No texture defects observed; skin, fabric, and food surfaces appear natural with appropriate detail.",FALSE,none,Object edges are sharp and well-defined; no haloing or bleeding observed around subjects or lights.,FALSE,none,Lighting is consistent with a night market environment; shadows and highlights behave physically correctly.,FALSE,none,"No visible watermarks, logos, or synthetic noise patterns detected in any frame.",FALSE,none,"Human figures display correct anatomy; hands, faces, and limbs are proportionate and detailed.",FALSE,none,No non-human subjects present in the video clip.,FALSE,none,"Objects such as grills, signs, and stalls maintain structural integrity and correct scale.",FALSE,none,Scene composition is logical with correct perspective and depth relationships between foreground and background.,FALSE,none,"Motion is fluid and natural; no jitter, sliding, or non-rigid movement of rigid objects observed.",FALSE,none,Character identities and clothing patterns remain consistent throughout the clip.,FALSE,none,No continuity errors; objects and lighting remain consistent across cuts and camera movements.,FALSE,none,Physical interactions such as grilling and walking follow natural laws of physics and causality.,no strong artefacts observed,"The video exhibits high production value with natural lighting, consistent physics, and detailed textures typical of professional cinematography.",
w2_001_seedance,Seedance,Qwen_3.5,2026-08-01,Real,92,FALSE,none,Skin texture shows natural pores and subsurface scattering; fabric velvet texture is detailed and consistent with real materials.,FALSE,none,Hair edges are sharp and distinct against the dark background; no haloing or bleeding observed.,FALSE,none,Rim lighting on hair and shoulder is physically consistent with a single backlight source; shadows fall naturally.,FALSE,none,"No visible watermarks, logos, or synthetic noise patterns detected in the frame.",FALSE,none,"Facial features, neck structure, and visible arm proportions are anatomically correct and stable.",FALSE,none,No non-human subjects present.,FALSE,none,"Clothing structure, including seams and folds, behaves naturally; no distorted objects.",FALSE,none,Spatial arrangement is simple and coherent; perspective is consistent with a standard camera lens.,FALSE,none,Subject movement is smooth and fluid; no jitter or non-rigid motion artifacts.,FALSE,none,Facial identity and clothing patterns remain constant throughout the clip.,FALSE,none,No objects appear or disappear; lighting remains consistent across frames.,FALSE,none,"Physical interactions (breathing, slight swaying) obey laws of physics and gravity.",no strong artefacts observed,"The video exhibits high-fidelity characteristics typical of professional cinematography, including natural depth of field, accurate lighting falloff, and stable temporal coherence.",
w2_002_seedance,Seedance,Qwen_3.5,2026-08-01,AI-generated,85,TRUE,M,"At 0:01, the skin on the subject's forehead and cheeks exhibits a uniform, waxy smoothness lacking natural micro-pores and fine wrinkles expected at this resolution, particularly visible in the highlight areas.",TRUE,L,"At 0:02, the edges of the white beard hairs against the darker sweater collar show slight haloing and softness, lacking crisp definition.",FALSE,none,Lighting appears consistent with a window source from the left; shadows fall naturally.,FALSE,none,"No visible watermarks, logos, or overlay text indicating generator origin.",TRUE,M,"At 0:00, the subject's hands clasped on the table show structural ambiguity; the fingers appear to merge into one another without clear joint separation, and the thumb positioning is anatomically awkward.",FALSE,none,No non-human subjects present.,TRUE,L,"At 0:01, the books on the shelf in the background lack distinct spines and titles, appearing as blurred, fused blocks of color rather than individual objects.",FALSE,none,Spatial arrangement of the room and furniture appears logical and physically possible.,TRUE,M,"Between 0:01 and 0:02, the transition of the facial expression involves a slight 'melting' or warping of the cheek muscles that does not follow natural biomechanical movement.",FALSE,none,Subject identity and clothing patterns remain stable throughout the short clip.,FALSE,none,No objects appear or disappear; background remains consistent.,FALSE,none,No physics violations observed in the short duration.,"The subject's hands at 0:00 display fused fingers and ambiguous joint structures, a hallmark of generative model failure in complex anatomy.","The video exhibits the 'uncanny valley' effect common in high-quality text-to-video, characterized by overly smooth skin texture and subtle motion warping during facial expressions.",
w2_003_seedance,Seedance,Qwen_3.5,2026-08-01,Real,92,FALSE,none,Skin texture shows natural pores and fine details; hair strands are distinct and realistic.,FALSE,none,Edges of the subject and glasses are sharp and well-defined against the background.,FALSE,none,"Lighting is consistent with a window source on the left, creating natural highlights and shadows on the face.",FALSE,none,"No visible watermarks, logos, or synthetic noise patterns detected.",FALSE,none,"Facial features, ears, and proportions are anatomically correct and stable.",FALSE,none,no non-human subjects present,FALSE,none,The book and glasses maintain correct structural integrity and perspective.,FALSE,none,"Spatial arrangement of the subject, book, and background is physically plausible.",FALSE,none,Subtle eye movements and head adjustments are smooth and natural.,FALSE,none,Subject's appearance remains consistent throughout the clip.,FALSE,none,No objects appear or disappear; lighting remains stable.,FALSE,none,Physics of holding the book and light reflection on glasses are accurate.,no strong artefacts observed,The video exhibits high fidelity with natural micro-movements and lighting interactions typical of real camera footage.,
w2_004_seedance,Seedance,Qwen_3.5,2026-08-01,Real,92,FALSE,none,Skin texture shows natural pores and subsurface scattering; hair strands are distinct and vary in thickness without repetition.,FALSE,none,Edges of the subject against the window are sharp and consistent with optical depth of field; no haloing or bleeding observed.,FALSE,none,Lighting is consistent with overcast daylight through a window; shadows on the face match the direction of the light source.,FALSE,none,"No visible watermarks, logos, or synthetic noise patterns detected in the pixel data.",FALSE,none,"Facial features are symmetrical and anatomically correct; no distortions in eyes, nose, or mouth structure.",FALSE,none,no non-human subjects present,FALSE,none,Window frames and background buildings maintain straight lines and correct perspective; no warping or gibberish text.,FALSE,none,Spatial arrangement of the room and view outside is physically plausible and consistent.,FALSE,none,Subject movement is minimal but natural; rain droplets on the window move with realistic physics.,FALSE,none,Subject's appearance remains constant throughout the clip; no morphing of facial features or clothing.,FALSE,none,No objects appear or disappear; lighting and background remain consistent across frames.,FALSE,none,Physics of rain and light reflection adhere to real-world expectations; no causality violations.,no strong artefacts observed,"The video exhibits high-fidelity cinematographic qualities including natural depth of field, consistent lighting, and realistic micro-movements typical of live-action footage.",
w2_006_seedance,Seedance,Qwen_3.5,2026-08-01,Real,92,FALSE,none,Skin texture shows natural pores and hair detail; laptop metal has realistic brushed finish.,FALSE,none,"Edges are sharp where in focus, soft where out of focus due to depth of field; no halos or bleeding.",FALSE,none,Strong backlight creates realistic lens flare and highlights on knuckles; shadows fall consistently.,FALSE,none,"No visible watermarks, logos, or synthetic noise patterns.",FALSE,none,"Hands show correct finger count, joint articulation, and natural typing posture.",FALSE,none,no non-human subjects present,FALSE,none,"Laptop keys are distinct, aligned, and mechanically plausible; no warped geometry.",FALSE,none,Perspective is consistent with a low-angle shot; background elements recede naturally.,FALSE,none,Finger movement is fluid and physically accurate; no jitter or sliding.,FALSE,none,Hand shape and skin tone remain constant; no morphing.,FALSE,none,Lighting and object positions remain stable across frames.,FALSE,none,Key presses correspond to finger motion; physics are obeyed.,no strong artefacts observed,The video exhibits high-fidelity optical characteristics including natural depth of field and lens flare that are difficult to synthesize perfectly.,
w2_007_seedance,Seedance,Qwen_3.5,2026-08-01,AI-generated,85,TRUE,L,"0:00 - Skin on the hand appears overly smooth and waxy, lacking fine pores or natural skin texture variations.",TRUE,M,"0:01 - The rim of the glass bottle shows slight blurring and softness where it meets the background, suggesting edge synthesis issues.",FALSE,none,Lighting appears consistent with a window source; shadows fall correctly.,FALSE,none,No visible watermarks or logos present.,TRUE,M,"0:00 - The thumb joint appears slightly distorted and the grip on the bottle looks unnatural, with fingers merging slightly into the glass surface.",FALSE,none,no non-human subjects present,TRUE,L,0:02 - The handle of the cup appears slightly asymmetrical and the connection point to the cup body is indistinct.,FALSE,none,"Spatial arrangement of cup, bottle, and counter is physically plausible.",TRUE,M,0:01 - The stream of milk exhibits a 'jelly-like' wobble and lacks the turbulent breakup expected in real fluid dynamics.,FALSE,none,Objects maintain consistent appearance throughout the short clip.,FALSE,none,No objects appear or disappear unexpectedly; lighting remains stable.,FALSE,none,Fluid flows downward as expected; no physics violations observed.,"The fluid dynamics of the pouring milk exhibit an unnatural, cohesive wobble characteristic of AI simulation rather than real liquid physics.","The combination of waxy skin texture, distorted hand anatomy, and unnatural fluid motion strongly suggests generative origin.",
w2_008_seedance,Seedance,Qwen_3.5,2026-08-01,Real,92,FALSE,none,"High-fidelity texture on skin pores, shoe mesh, and wood grain; no waxy or plastic appearance.",FALSE,none,"Sharp, natural depth-of-field blur on background; no haloing or edge bleeding on subject.",FALSE,none,Consistent warm sunlight direction with physically accurate shadows cast by hands and shoes.,FALSE,none,"No visible watermarks, logos, or synthetic noise patterns detected.",FALSE,none,"Hands show correct finger count, natural joint movement, and realistic skin tension during tying.",FALSE,none,No non-human subjects present.,FALSE,none,"Shoe structure, laces, and bench planks maintain consistent geometry and scale.",FALSE,none,Perspective and spatial arrangement of park background are physically plausible.,FALSE,none,Hand movements are fluid with natural acceleration; no jitter or sliding artifacts.,FALSE,none,Shoe patterns and skin texture remain stable across all frames.,FALSE,none,No objects appear or disappear; lighting remains constant throughout the clip.,FALSE,none,Physics of lace tying and hand interaction are fully consistent with reality.,no strong artefacts observed,"The video exhibits high-quality cinematography with natural lighting and flawless anatomical rendering, showing no signs of generative synthesis.",
w2_009_seedance,Seedance,Qwen_3.5,2026-08-01,AI-generated,95,TRUE,M,"At 0:00, the skin on the fingers appears overly smooth and waxy, lacking natural pores or fine wrinkles expected in a macro shot.",TRUE,L,"At 0:01, the edge of the pen nib shows slight softness and blending into the paper texture rather than a sharp optical cut-off.",FALSE,none,Lighting direction and shadows appear consistent with a single light source from the upper right.,FALSE,none,"No visible watermarks, logos, or overlay text indicating generator origin.",TRUE,H,"At 0:00, the thumb and index finger holding the pen appear fused together with no clear separation or knuckle definition, creating an impossible grip structure.",FALSE,none,no non-human subjects present,TRUE,M,"At 0:01, the slit and tines of the fountain pen nib are indistinct and malformed, lacking the precise mechanical geometry of a real nib.",FALSE,none,"Spatial arrangement of hand, pen, and paper is logically consistent.",TRUE,M,"From 0:01 to 0:02, the pen tip hovers and jitters slightly without making continuous contact or leaving a trail, exhibiting non-rigid motion behavior.",FALSE,none,Object identity remains stable throughout the short clip.,TRUE,H,"At 0:01, a distinct droplet of ink appears instantly on the paper without the pen touching the surface or any visible flow from the nib, violating object permanence and fluid dynamics.",TRUE,H,"At 0:01-0:02, ink appears on the page (effect) without the pen making contact or transferring fluid (cause), representing a clear causality violation.","Ink droplet appears on the paper at 0:01 without the pen touching the surface, violating physical causality.",The combination of fused fingers and the impossible appearance of ink without contact strongly indicates synthetic generation.,
w2_011_seedance,Seedance,Qwen_3.5,2026-08-01,AI-generated,92,TRUE,M,"At 0:01, the skin on both subjects' faces exhibits a uniform, waxy smoothness lacking natural pores or micro-texture, particularly visible on the forehead and cheeks.",TRUE,M,"At 0:02, the edges of the subjects' hair blend softly into the background buildings without a sharp occlusion boundary, creating a slight halo effect.",FALSE,none,Lighting direction is consistent with the sunset background; no obvious contradictions found.,FALSE,none,"No visible watermarks, logos, or overlay text indicating generator origin.",TRUE,H,"At 0:02, the subject on the right raises both hands, but the fingers are malformed, appearing fused and lacking distinct knuckles or proper length proportions.",FALSE,none,No non-human subjects present.,TRUE,M,"At 0:00, the pocket flaps on the grey jacket appear asymmetrical and slightly melted into the fabric rather than having distinct structural edges.",FALSE,none,Spatial arrangement of the street and buildings appears logically consistent.,TRUE,M,"Throughout 0:00-0:02, the walking gait shows a slight 'gliding' quality where the feet do not appear to firmly plant on the ground, suggesting foot sliding.",FALSE,none,Facial features and clothing patterns remain consistent across the short clip.,TRUE,L,"At 0:01, background pedestrians appear to shift position or dissolve slightly as the camera moves, lacking independent solid motion.",FALSE,none,No obvious violations of physics or causality observed in this short segment.,The subject on the right displays severely malformed hands with fused fingers at timestamp 0:02.,"The combination of waxy skin texture, hand deformities, and the unnatural gliding motion of the walk cycle strongly indicates synthetic generation.",
w2_012_seedance,Seedance,Qwen_3.5,2026-08-01,AI-generated,92,TRUE,M,"0:01 - Skin on all subjects exhibits a uniform, waxy smoothness lacking natural pores or micro-texture, particularly visible on the father's forehead and the mother's cheeks.",TRUE,L,"0:02 - Soft, bleeding edges around the hair of the girl on the right where it meets the bright window background.",TRUE,M,"0:01 - Strong backlight from the window creates a halo effect, yet the faces are evenly lit with no corresponding rim shadows or realistic falloff, suggesting inconsistent lighting simulation.",FALSE,none,No visible watermarks or logos detected.,TRUE,H,"0:01 - The boy's left hand holding the fork shows fused fingers and an impossible grip; the father's right hand on the table appears to have malformed, merged digits.",FALSE,none,no non-human subjects present,TRUE,M,"0:02 - Cutlery on the table (forks and knives) appears distorted and partially melted into the plates or table surface, lacking distinct tines or blades.",FALSE,none,Spatial arrangement of the family and table is logically consistent.,TRUE,M,"0:00-0:02 - Facial expressions shift with an unnatural, fluid morphing quality rather than distinct muscle movement; the boy's mouth shape changes inconsistently between frames.",TRUE,L,"0:01-0:02 - The pattern on the mother's white sweater shifts and blurs slightly as she moves, losing definition.",FALSE,none,No objects appear or disappear abruptly within the short clip.,FALSE,none,No clear physics violations observed in this short segment.,"Severe anatomical defects in the hands of the boy and father, showing fused and malformed digits typical of generative models.","The combination of waxy skin texture, impossible hand anatomy, and distorted cutlery strongly indicates AI synthesis.",
w2_013_seedance,Seedance,Qwen_3.5,2026-08-01,AI-generated,92,TRUE,M,"0:00 - Skin on all three subjects appears overly smooth and waxy, lacking natural pores or fine texture, particularly visible on the woman's face in the center.",TRUE,L,0:01 - Slight haloing and soft edge blending around the hair of the woman on the left against the window background.,FALSE,none,Lighting appears consistent with an office environment; no obvious directional conflicts observed.,FALSE,none,"No visible watermarks, logos, or overlay text indicating generator origin.",TRUE,H,"0:01 - The presenting woman's right hand (gesturing at the glass) exhibits severe structural failure; fingers appear fused, elongated, and lack distinct knuckles or proper articulation.",FALSE,none,No non-human subjects present.,TRUE,H,"0:02 - The diagrams and text drawn on the glass board are illegible gibberish; characters are distorted, lines wobble unnaturally, and chart axes do not align logically.",FALSE,none,Spatial arrangement of people and office furniture is plausible.,TRUE,M,"0:01 - The hand gesture of the central woman moves with a fluid, non-rigid quality, lacking the micro-tremors and joint constraints of a real human hand.",FALSE,none,Facial features and clothing patterns remain stable across the short clip.,FALSE,none,No objects appear or disappear; background remains consistent.,FALSE,none,No physics violations observed in this short segment.,"The presenting woman's right hand displays fused, malformed fingers with impossible anatomy, and the text on the glass board is rendered as illegible gibberish.",The combination of severe hand deformation and nonsensical text rendering are classic indicators of current text-to-video generation models.,
w2_014_seedance,Seedance,Qwen_3.5,2026-08-01,Real,92,FALSE,none,Natural skin texture with visible pores and fabric weave on clothing; no waxy or plastic appearance.,FALSE,none,"Sharp, clean edges on subjects and background elements; no haloing or bleeding artifacts.",FALSE,none,Consistent golden hour lighting with physically accurate shadows cast by trees and subjects.,FALSE,none,"No visible watermarks, logos, or synthetic noise patterns detected in the pixel data.",FALSE,none,"Correct finger counts on handlebars, natural facial proportions, and realistic joint movement.",FALSE,none,No non-human subjects present in the video clip.,FALSE,none,Bicycle structure is mechanically sound with correct geometry and no morphing parts.,FALSE,none,"Perspective and spatial relationships between path, trees, and subjects are physically consistent.",FALSE,none,"Smooth, natural motion of the bicycle and running father; no jitter or sliding artifacts.",FALSE,none,Character features and clothing patterns remain stable and consistent throughout the shot.,FALSE,none,Background elements and lighting remain continuous with no sudden shifts or disappearing objects.,FALSE,none,"Physics of movement and interaction between father, son, and bike follow natural laws.",no strong artefacts observed,"The video exhibits high-fidelity optical characteristics typical of professional cinematography, including natural depth of field and consistent temporal coherence.",
w2_016_seedance,Seedance,Qwen_3.5,2026-08-01,AI-generated,95,TRUE,M,"0:01 - Grass blades appear uniform and plastic-like, lacking natural variation; skin on legs has a waxy, overly smooth finish.",TRUE,L,"0:01 - Slight haloing around the soccer ball where it contacts the grass, edges are too perfect.",FALSE,none,"Lighting is consistent with a high sun, shadows fall correctly under the ball and player.",FALSE,none,No visible watermarks or logos present.,FALSE,none,"Legs and feet appear structurally correct, though stylized.",FALSE,none,No non-human subjects present.,TRUE,H,"0:01 - The soccer ball deforms unnaturally upon impact, flattening excessively and merging visually with the shoe in a way that violates rigid body physics.",FALSE,none,Scene layout is simple and plausible.,TRUE,M,"0:02 - The ball's trajectory after the kick lacks natural spin and arc, moving in a perfectly straight line with unnatural speed.",FALSE,none,Objects maintain consistent appearance throughout the short clip.,FALSE,none,No objects appear or disappear unexpectedly.,TRUE,M,"0:01 - Grass particles explode outward from the impact point but do not settle or interact with the shoe realistically, appearing to float.","The soccer ball exhibits severe structural deformation and merging with the shoe at 0:01, characteristic of physics simulation failure in generative models.","The overall aesthetic is hyper-real but uncanny, with perfect lighting and textures that lack micro-imperfections found in real footage.",
w2_017_seedance,Seedance,Qwen_3.5,2026-08-01,Real,92,FALSE,none,Natural skin texture and fabric detail visible on runner; no waxy or plastic appearance.,FALSE,none,"Sharp, clean edges on subject against background; no haloing or bleeding observed.",FALSE,none,Consistent sunset lighting with correct shadow direction and intensity relative to sun position.,FALSE,none,"No visible watermarks, logos, or synthetic noise patterns detected in any frame.",FALSE,none,"Runner's limbs, hands, and facial features appear anatomically correct throughout the clip.",FALSE,none,no non-human subjects present,FALSE,none,Shoes and clothing maintain structural integrity; no distortion or impossible geometry.,FALSE,none,Perspective and horizon line remain consistent; spatial relationships between runner and waves are physically plausible.,FALSE,none,Running gait is fluid and biomechanically accurate; no foot sliding or jitter observed.,FALSE,none,"Subject's appearance, clothing pattern, and color remain stable across all frames.",FALSE,none,Wave motion and background elements evolve naturally without sudden jumps or disappearances.,FALSE,none,Footprints left in wet sand behave according to physical expectations; no causality violations.,no strong artefacts observed,"The video exhibits high fidelity in motion, lighting, and texture consistent with real-world camera capture.",
w2_018_seedance,Seedance,Qwen_3.5,2026-08-01,Real,95,FALSE,none,Natural fabric texture on jeans and hoodie visible; no waxy or plastic appearance.,FALSE,none,Sharp edges on skater and board against sky; no halo or bleed effects.,FALSE,none,Consistent sunset lighting with correct shadow direction and intensity.,FALSE,none,"No visible watermarks, logos, or synthetic noise patterns.",FALSE,none,Skater's limbs and joints move naturally; no extra fingers or distorted proportions.,FALSE,none,no non-human subjects present,FALSE,none,Skateboard maintains structural integrity; wheels and trucks behave physically correctly.,FALSE,none,"Perspective and spatial relationships between skater, ramp, and city skyline are consistent.",FALSE,none,"Smooth, physically accurate motion during jump and landing; no jitter or sliding.",FALSE,none,Clothing and skater appearance remain consistent throughout the clip.,FALSE,none,No objects appear or disappear; background elements remain stable.,FALSE,none,Gravity and momentum follow real-world physics during the trick.,no strong artefacts observed,The video exhibits high-quality cinematography with natural motion blur and lighting consistent with real-world camera capture.,
w2_019_seedance,Seedance,Qwen_3.5,2026-08-01,Real,92,FALSE,none,Skin texture and water surface show natural variation and noise consistent with real footage.,FALSE,none,Subject edges are sharp and well-defined against the sky; no haloing or bleeding observed.,FALSE,none,Lighting is consistent with a sunset/sunrise source; shadows and highlights on the body and water are physically accurate.,FALSE,none,"No visible watermarks, logos, or synthetic noise patterns detected in the pixel data.",FALSE,none,"Body proportions, limb count, and joint articulation during the dive appear anatomically correct.",FALSE,none,no non-human subjects present,FALSE,none,Pool edge and background structures maintain consistent geometry and scale.,FALSE,none,"Perspective and spatial arrangement of the diver, pool, and horizon are logically consistent.",FALSE,none,Trajectory of the dive and entry into the water follow natural physics without jitter or sliding.,FALSE,none,The subject's appearance remains consistent throughout the short clip.,FALSE,none,No objects appear or disappear unexpectedly; the sequence of events is continuous.,FALSE,none,The splash dynamics upon water entry obey fluid dynamics and gravity constraints.,no strong artefacts observed,The video displays high-fidelity physics in the water splash and natural lighting gradients that are characteristic of real camera footage.,
w2_021_seedance,Seedance,Qwen_3.5,2026-08-01,AI-generated,95,TRUE,M,"0:00-0:02, the man's skin has a smooth, waxy appearance lacking natural pores and fine texture, particularly visible on his forehead and cheeks.",TRUE,L,"0:01, slight haloing and softness around the man's hair against the dark window background.",FALSE,none,Lighting appears consistent with a late afternoon sun direction; shadows fall correctly.,FALSE,none,No visible watermarks or generator logos present.,TRUE,H,"0:02, the man's smile reveals teeth that are fused together and lack individual definition, appearing as a solid white block rather than distinct teeth.",FALSE,none,no non-human subjects present,TRUE,H,"0:00-0:02, the sign above the door reads 'IJARY & BOOKEY' with distorted letter shapes, and the hanging sign says 'OPEEN' instead of 'OPEN'.",FALSE,none,Scene layout is plausible for a storefront.,TRUE,M,"0:00-0:02, the man's head turn and body movement have a slightly floaty, non-physics-based quality, lacking natural weight and inertia.",FALSE,none,Character appearance remains consistent throughout the short clip.,FALSE,none,No objects appear or disappear; background remains stable.,FALSE,none,No physics violations observed in this short segment.,"The sign text 'OPEEN' and the fused, indistinct teeth on the smiling man are clear indicators of AI generation.",The combination of garbled text on signs and anatomical failures in the mouth region strongly suggests synthetic origin.,
w2_022_seedance,Seedance,Qwen_3.5,2026-08-01,AI-generated,95,TRUE,M,"0:00 - 0:02: The wood grain on the newsstand appears overly smooth and plastic-like, lacking the natural imperfections and wear expected of outdoor wooden structures. The man's skin has a waxy, uniform texture.",TRUE,L,"0:00 - 0:02: Soft, slightly blurred edges around the newspapers and the man's hat, suggesting a lack of sharp focus or generation artifacts.",FALSE,none,"Lighting appears consistent with a sunset/sunrise scenario, shadows are plausible.",FALSE,none,No visible watermarks or logos indicating AI generation.,TRUE,H,"0:00 - 0:02: The man's face exhibits severe structural anomalies; his features appear to shift and melt slightly between frames, and his expression is unnatural and static despite head movement.",FALSE,none,No non-human subjects present.,TRUE,H,"0:00 - 0:02: The text on the newspapers is largely gibberish and illegible, with letters merging and distorting (e.g., 'THE DAILY BUGLE' looks like 'THE D...NY B...GLE'). The structure of the newsstand itself seems to lack logical joinery.",FALSE,none,Scene composition is generally plausible for a city street.,TRUE,M,"0:00 - 0:02: Background pedestrians exhibit a 'gliding' or sliding motion, lacking the natural bob and weave of human walking. Their legs seem to slide across the ground rather than step.",TRUE,M,"0:00 - 0:02: The man's facial features subtly morph and change shape as he moves his head, inconsistent with a real human face.",TRUE,L,0:00 - 0:02: The arrangement of newspapers on the stand seems to subtly shift or change density without physical interaction.,FALSE,none,No obvious violations of causality observed.,"The gibberish, melting text on the newspaper headlines combined with the morphing facial features of the newsstand operator.","The combination of illegible text, facial morphing, and unnatural pedestrian motion strongly indicates AI generation.",
w2_023_seedance,Seedance,Qwen_3.5,2026-08-01,Real,92,FALSE,none,no texture defects observed; natural grain on wood and fabric visible,FALSE,none,edges are sharp and consistent with optical focus; no halos or bleeding,FALSE,none,lighting is consistent with outdoor sunset conditions; shadows fall correctly,FALSE,none,"no watermarks, logos, or synthetic noise patterns visible",FALSE,none,"woman's hands, face, and body proportions appear anatomically correct",FALSE,none,no non-human subjects present,FALSE,none,chalkboard text is legible and structurally sound; objects maintain correct scale,FALSE,none,perspective and spatial arrangement are physically plausible,FALSE,none,motion is smooth and natural; no jitter or sliding artifacts,FALSE,none,subject identity and clothing remain consistent across frames,FALSE,none,no objects appear/disappear unexpectedly; lighting remains stable,FALSE,none,all physical interactions obey causality and conservation laws,no strong artefacts observed,"Video exhibits natural camera movement, realistic lighting, and coherent object behavior consistent with real-world capture.",
w2_024_seedance,Seedance,Qwen_3.5,2026-08-01,AI-generated,95,TRUE,M,"0:00-0:02: The text on the departure board exhibits a waxy, smeared quality rather than sharp pixel definition, characteristic of generative texture synthesis failing on fine details.",TRUE,L,"0:01: Soft, bleeding edges observed where the dark silhouette of the person merges with the bright background light, lacking a crisp occlusion boundary.",FALSE,none,Lighting appears consistent with a backlit station environment; no obvious physical violations found.,FALSE,none,No visible watermarks or generator logos detected in the frame.,FALSE,none,Subject is viewed from behind; no facial or limb anomalies are visible to assess.,FALSE,none,No non-human subjects present in the video.,TRUE,H,"0:00-0:02: The departure board text is completely illegible gibberish. Characters are malformed, fused, and lack semantic meaning, a definitive structural failure of the model to render text.",FALSE,none,Spatial arrangement of the station architecture and board is plausible.,TRUE,M,"0:01-0:02: As the camera moves, the text on the board shimmers and warps non-rigidly, indicating temporal instability in the generated texture.",FALSE,none,No significant identity changes observed in the short clip.,FALSE,none,No objects appear or disappear unexpectedly within the short duration.,FALSE,none,No physics or causality violations observed.,"The departure board displays completely illegible, gibberish text that warps and shimmers as the camera moves, a hallmark of current text-to-video models.",The combination of unreadable text (structural defect) and texture shimmering (temporal artefact) confirms AI generation with high confidence.,
w2_026_seedance,Seedance,Qwen_3.5,2026-08-01,Real,92,FALSE,none,Natural skin texture with visible pores and veins; wood grain on cutting board is consistent and detailed.,FALSE,none,Sharp focus on the knife and hands with natural depth-of-field blur in the background; no haloing or edge artifacts.,FALSE,none,Consistent directional lighting from the window (right side) casting physically accurate shadows under the hands and knife.,FALSE,none,"No visible watermarks, logos, or synthetic noise patterns detected.",FALSE,none,"Hands display correct finger count, joint articulation, and grip mechanics on the knife handle.",FALSE,none,no non-human subjects present,FALSE,none,Knife geometry is rigid and correct; vegetable pieces maintain structural integrity during chopping.,FALSE,none,"Spatial arrangement of cutting board, hands, and background elements follows standard perspective rules.",FALSE,none,Knife motion exhibits natural acceleration and deceleration; no jitter or sliding observed.,FALSE,none,"Clothing, skin tone, and vegetable colors remain constant throughout the clip.",FALSE,none,Chopped vegetable pile grows logically with each cut; no objects appear or disappear spontaneously.,FALSE,none,Physical interaction between knife and vegetables obeys laws of physics; pieces separate cleanly upon impact.,no strong artefacts observed,The video displays high-fidelity motion blur and physically accurate lighting interactions typical of real camera footage.,
w2_027_seedance,Seedance,Qwen_3.5,2026-08-01,AI-generated,85,TRUE,M,"At 0:01, the skin on the subject's arms and hands appears overly smooth and waxy, lacking natural pores or fine hair detail typical of close-up shots in this lighting.",TRUE,L,"At 0:00, the edges of the subject's hair against the bright window light show slight haloing and softness inconsistent with optical focus.",FALSE,none,Lighting is consistent with a single strong source from the window; shadows fall correctly.,FALSE,none,No visible watermarks or logos present.,TRUE,H,"At 0:02, the subject's hands interacting with the loom are structurally incoherent; fingers appear to merge into the wood and each other, lacking distinct joints and clear separation.",FALSE,none,No non-human subjects present.,TRUE,M,"At 0:01, the mechanical parts of the loom, specifically the heddles and pulleys in the background, appear to blend together without clear functional separation or distinct geometry.",FALSE,none,Spatial arrangement of the room and loom is plausible.,TRUE,M,"Throughout 0:00-0:02, the motion of the hands is fluid but lacks specific mechanical intent, sliding over the threads rather than manipulating individual strands with precision.",FALSE,none,Subject appearance remains consistent.,FALSE,none,No objects appear or disappear unexpectedly.,FALSE,none,No obvious physics violations beyond the hand interaction.,"The subject's hands at 0:02 exhibit severe structural defects, with fingers merging into the loom and lacking distinct anatomical definition.",The combination of waxy skin texture and the inability of the model to render complex hand-object interaction (weaving) strongly indicates synthetic generation.,
w2_028_seedance,Seedance,Qwen_3.5,2026-08-01,Real,92,FALSE,none,no texture defects; raindrop refraction and bokeh appear physically accurate,FALSE,none,edges of raindrops and background lights show natural optical blur consistent with real lens behavior,FALSE,none,lighting is consistent with nighttime urban scene viewed through wet glass; no impossible reflections or shadow mismatches,FALSE,none,"no visible watermarks, logos, or synthetic noise patterns detected in any frame",FALSE,none,no human subjects present in the video,FALSE,none,no non-human subjects present,FALSE,none,no mechanical objects or text present; raindrop shapes evolve naturally over time,FALSE,none,scene composition is plausible — out-of-focus city lights behind rain-streaked glass,FALSE,none,raindrop motion follows gravity and surface tension physics; no jitter or non-rigid artifacts,FALSE,none,no identity drift possible as there are no persistent objects with changing attributes,FALSE,none,continuous temporal evolution of raindrops and light refractions without sudden jumps or disappearances,FALSE,none,"all motion obeys physical causality — drops flow downward, merge, and distort light realistically",no strong artefacts observed,"The video exhibits physically accurate fluid dynamics and optical effects typical of real-world rainfall on glass, with no indicators of AI synthesis.",
w2_029_seedance,Seedance,Qwen_3.5,2026-08-01,Real,92,FALSE,none,"Skin texture shows realistic pores, wrinkles, and veins; clay has natural wet sheen without plastic repetition.",FALSE,none,Edges of hands and pot are sharp and consistent with optical depth of field; no halos or bleeding observed.,FALSE,none,Lighting is consistent with a window source in background; reflections on wet clay match hand positions and rotation.,FALSE,none,"No visible watermarks, logos, or synthetic noise patterns detected in any frame.",FALSE,none,"Hands show correct finger count, joint articulation, and tendon movement; no anatomical distortions.",FALSE,none,no non-human subjects present,FALSE,none,Pottery wheel and clay form maintain structural integrity; no gibberish text or impossible geometry.,FALSE,none,Background pottery and workshop elements are spatially coherent and perspective-correct.,FALSE,none,Clay rotates smoothly with consistent angular velocity; hand movements are fluid and physically plausible.,FALSE,none,"Hand appearance, skin tone, and clay color remain stable across all frames.",FALSE,none,No objects appear or disappear; lighting and background remain constant throughout the clip.,FALSE,none,Clay deformation responds correctly to hand pressure; no physics violations observed.,no strong artefacts observed,"Video exhibits high-fidelity real-world characteristics including natural skin aging, accurate fluid dynamics of wet clay, and consistent cinematic lighting.",
w2_031_seedance,Seedance,Qwen_3.5,2026-08-01,Real,15,FALSE,none,Fur texture is detailed and natural with individual strands visible; no waxy or plastic appearance.,FALSE,none,Edges are sharp where in focus and naturally blurred by depth of field; no haloing or dissolution.,FALSE,none,Backlighting from the sun creates a consistent rim light effect on the dog's fur; shadows and highlights match the environment.,FALSE,none,"No visible watermarks, logos, or synthetic noise patterns detected.",FALSE,none,No human subjects present in the video.,FALSE,none,"Dog anatomy is correct; limb count, facial features, and movement are biologically accurate.",FALSE,none,No mechanical objects or text present to evaluate; natural elements appear structurally sound.,FALSE,none,Perspective and spatial arrangement of the field and background trees are consistent and realistic.,FALSE,none,Running gait is fluid and physically accurate; no jitter or sliding observed.,FALSE,none,The dog's appearance remains consistent throughout the clip; no morphing or pattern shifting.,FALSE,none,Background and lighting remain stable; no objects appear or disappear unexpectedly.,FALSE,none,"Physics of movement, including grass displacement and momentum, appear natural and causal.",no strong artefacts observed,"The video displays high-fidelity motion and lighting consistent with real-world cinematography, specifically the interaction of sunlight with fur and grass.",
w2_032_seedance,Seedance,Qwen_3.5,2026-08-01,AI-generated,85,TRUE,M,"At 0:00, the cat's fur has a uniform, overly smooth 'airbrushed' quality lacking individual strand definition, particularly on the back and tail, giving it a waxy appearance.",TRUE,M,"At 0:01, the edges of the cat's silhouette, especially around the tail and ears, exhibit a soft, glowing halo effect where the subject bleeds slightly into the bright background light.",FALSE,none,Lighting is consistent with a strong backlight source; no obvious physical violations found.,FALSE,none,No visible watermarks or logos present in the frame.,FALSE,none,No human subjects present in the video.,TRUE,H,"At 0:01-0:02, as the cat stands and stretches, the rear legs and paws merge indistinctly into the cushion and each other, lacking clear structural definition or distinct toes.",FALSE,none,"The window frame and bird feeder appear structurally sound, though the background is blurry.",FALSE,none,Spatial arrangement of the window sill and outdoor elements is plausible.,TRUE,M,"At 0:01, the transition from lying to standing involves a 'liquid' distortion of the cat's midsection, where the body stretches unnaturally before resolving into a standing pose.",FALSE,none,The cat's markings and color remain consistent throughout the short clip.,FALSE,none,No objects appear or disappear unexpectedly; the scene is continuous.,FALSE,none,No violations of physics or causality observed beyond the motion artefacts.,The merging and lack of distinct definition in the cat's rear legs and paws as it stands up at 0:01 is a classic generative failure in handling complex limb articulation.,"The video exhibits the characteristic 'dream-like' smoothness and morphing motion typical of early text-to-video models, particularly in the handling of animal anatomy during movement.",
w2_033_seedance,Seedance,Qwen_3.5,2026-08-01,AI-generated,85,TRUE,M,"At 0:01, the horse's coat has a smooth, airbrushed quality lacking individual hair strands, appearing more like a rendered surface than biological fur.",TRUE,M,"At 0:00, the edges of the horse's mane and tail blend softly into the background sky without sharp definition, typical of generative blurring.",FALSE,none,Lighting is consistent with a sunset backlight; no obvious directional errors found.,FALSE,none,No visible watermarks or logos present in the frame.,FALSE,none,No human subjects present in the video.,TRUE,H,"At 0:01, the horse's legs exhibit severe structural distortion; the front legs appear to merge or lack distinct joints, and the rear legs show impossible bending angles during the gallop cycle.",FALSE,none,"Aside from the anatomy issues, no other object structural defects like text or mechanical failures are visible.",FALSE,none,The horizon line and perspective of the field appear consistent.,TRUE,H,"Throughout 0:00-0:02, the leg movement is fluid but biomechanically incorrect, with hooves sliding or phasing through the ground rather than striking it with impact.",FALSE,none,The horse's appearance remains consistent throughout the short clip.,FALSE,none,No objects appear or disappear unexpectedly; the background remains stable.,TRUE,M,"At 0:01, the dust kicked up by the hooves does not react physically to the impact, appearing as a static texture rather than dynamic particles.","Severe distortion and merging of the horse's legs during the gallop motion at 0:01, violating basic quadruped anatomy.","The video exhibits classic text-to-video failure modes in complex biological motion, specifically the 'galloping' gait which often results in leg fusion or extra limbs in AI models.",
w2_034_seedance,Seedance,Qwen_3.5,2026-08-01,Real,92,FALSE,none,Feather detail is sharp and natural with individual barbs visible; no waxy or plastic appearance.,FALSE,none,Edges of the bird against the background are crisp and well-defined; no haloing or bleeding observed.,FALSE,none,Lighting is consistent with natural dappled sunlight; shadows and highlights on the feathers and branch are physically accurate.,FALSE,none,"No visible watermarks, logos, or synthetic noise patterns detected in the frame.",FALSE,none,No human subjects present in the video.,FALSE,none,"Parrot anatomy is correct; beak, eyes, feet, and feather placement are biologically accurate with no distortions.",FALSE,none,The branch structure is natural and consistent; no impossible geometry or text rendering failures.,FALSE,none,Spatial arrangement of the bird on the branch and the background foliage is logical and perspective-correct.,FALSE,none,Wing movement and preening motion are fluid and biomechanically plausible; no jitter or sliding.,FALSE,none,The bird's features and feather patterns remain constant throughout the clip; no morphing observed.,FALSE,none,No objects appear or disappear unexpectedly; background bokeh shifts naturally with slight camera movement.,FALSE,none,Physics of the bird's movement and interaction with the branch are consistent with reality.,no strong artefacts observed,The video displays high-fidelity natural motion and texture consistent with real wildlife footage.,
w2_036_seedance,Seedance,Qwen_3.5,2026-08-01,Real,92,FALSE,none,Skin texture shows natural pores and wrinkles; suit fabric has realistic weave and sheen.,FALSE,none,Sharp edges on the subject and cards; no haloing or bleeding into the dark background.,FALSE,none,Spotlight creates consistent rim lighting and shadows; reflections on the card box match the light source.,FALSE,none,"No visible watermarks, logos, or synthetic noise patterns.",FALSE,none,Hands have correct finger count and joint articulation; facial features are stable and proportional.,FALSE,none,no non-human subjects present,FALSE,none,Card box maintains rigid geometry; text on the label is sharp and legible.,FALSE,none,Perspective is consistent; background lights are appropriately blurred by depth of field.,FALSE,none,Hand movements are fluid and physically accurate; no jitter or sliding.,FALSE,none,Subject's face and clothing remain consistent throughout the clip.,FALSE,none,No objects appear or disappear unexpectedly; lighting remains stable.,FALSE,none,Physical interaction with the card box follows normal laws of physics.,no strong artefacts observed,"The video exhibits high production value with natural lighting, realistic textures, and coherent physics, characteristic of professional live-action footage.",
w2_037_seedance,Seedance,Qwen_3.5,2026-08-01,Real,92,FALSE,none,Skin and fabric textures appear natural with appropriate grain and detail for the lighting conditions.,FALSE,none,Subject edges are sharp and well-defined against the dark background; no haloing or bleeding observed.,FALSE,none,"Spotlight creates consistent, physically plausible shadows and highlights on the subject and floor.",FALSE,none,"No visible watermarks, logos, or synthetic noise patterns detected in the frame.",FALSE,none,"Facial features, hands, and body proportions remain anatomically correct throughout the movement.",FALSE,none,no non-human subjects present,FALSE,none,The dress maintains structural integrity and realistic fabric physics during the spin.,FALSE,none,Spatial arrangement of the subject within the spotlight is consistent and perspective is maintained.,FALSE,none,Motion blur on the dress and hair is consistent with the speed of the spin; no jitter or sliding observed.,FALSE,none,"Subject's identity, clothing color, and features remain stable across all frames.",FALSE,none,No objects appear or disappear; lighting remains constant throughout the short clip.,FALSE,none,Physics of the spinning dress and hair movement follow natural laws of momentum and gravity.,no strong artefacts observed,"The video exhibits high-quality cinematography with realistic lighting, physics, and anatomical consistency, showing no signs of AI generation.",
w2_038_seedance,Seedance,Qwen_3.5,2026-08-01,Real,92,FALSE,none,Skin texture shows natural pores and fine details consistent with high-resolution optical capture; no waxy or plastic appearance observed.,FALSE,none,Edges of the subject and brush are sharp and well-defined against the background; no haloing or dissolution detected.,FALSE,none,Lighting is consistent with a window source on the left; shadows on the face and hand fall naturally and match the geometry.,FALSE,none,"No visible watermarks, logos, or synthetic noise patterns detected in the frame.",FALSE,none,Hand holding the brush displays correct finger count and joint articulation; facial features remain anatomically correct throughout.,FALSE,none,No non-human subjects present.,FALSE,none,Makeup brush maintains structural integrity; bristles and handle appear physically accurate.,FALSE,none,Mirror reflection aligns perfectly with the subject's position and movement; perspective is consistent.,FALSE,none,Brush movement is smooth and follows natural hand kinematics; no jitter or sliding observed.,FALSE,none,Subject's facial features and clothing remain stable across frames with no morphing or texture shifting.,FALSE,none,No objects appear or disappear unexpectedly; lighting and background remain constant.,FALSE,none,Physical interaction between brush and skin follows expected cause-and-effect physics.,no strong artefacts observed,"The video exhibits high fidelity in texture, lighting, and motion consistent with real-world camera footage.",
w2_039_seedance,Seedance,Qwen_3.5,2026-08-01,Real,92,FALSE,none,no texture defects observed; natural film grain and lighting falloff present,FALSE,none,"edges are sharp where in focus, soft due to depth of field where expected; no halos or bleeding",FALSE,none,lighting is consistent with multiple point sources (bulbs); shadows and highlights behave physically,FALSE,none,"no watermarks, logos, or synthetic noise patterns visible",FALSE,none,crowd members show normal proportions and anatomy; no distorted faces or limbs visible even at distance,FALSE,none,no non-human subjects present,FALSE,none,"light bulbs, wires, and market stalls maintain correct structure and perspective throughout",FALSE,none,spatial layout of market alley with overhead lights is coherent and physically plausible,FALSE,none,camera movement and crowd motion are smooth and natural; no jitter or sliding artifacts,FALSE,none,individuals retain consistent appearance across frames; no morphing or pattern shifts,FALSE,none,no objects appear/disappear unexpectedly; lighting and background remain temporally consistent,FALSE,none,all motion and interactions obey physical laws; no violations of causality observed,no strong artefacts observed,"Video exhibits natural cinematic qualities including depth of field, motion blur, and ambient lighting consistent with real-world capture.",
pexels_animal_18106001,Pexels,Qwen_3.5,2026-08-01,Real,92,FALSE,none,Fur texture is highly detailed with individual strands visible and natural clumping; no waxy or plastic appearance.,FALSE,none,Edges are sharp where in focus and naturally soft due to depth of field; no haloing or bleeding artifacts.,FALSE,none,Lighting is consistent with an outdoor sunset/golden hour setting; shadows and highlights on the fur behave physically.,FALSE,none,"No visible watermarks, logos, or synthetic noise patterns detected.",FALSE,none,No human subjects present in the video.,FALSE,none,"Cat anatomy is correct; ear movement, head rotation, and paw placement are biologically accurate.",FALSE,none,The glass table surface and background elements maintain structural integrity and correct perspective.,FALSE,none,Spatial arrangement is logical with appropriate depth of field blurring the background.,FALSE,none,Motion is fluid and natural; the cat's grooming movement and head turn show correct inertia and muscle dynamics.,FALSE,none,The cat's markings and fur patterns remain consistent throughout the clip.,FALSE,none,No objects appear or disappear; lighting and background remain continuous.,FALSE,none,Physical interactions between the cat and the table surface obey gravity and friction laws.,no strong artefacts observed,The video exhibits high-fidelity biological motion and complex fur rendering that is currently difficult for AI models to replicate without temporal flickering or texture smearing.,
pexels_animal_19568439,Pexels,Qwen_3.5,2026-08-01,Real,92,FALSE,none,Fur texture is detailed and natural with individual strands visible; grass shows varied blade structure without repetition.,FALSE,none,Edges of the dog against the background are sharp and well-defined with no haloing or bleeding.,FALSE,none,Lighting is consistent with an overcast sky; shadows under the dog are soft and directionally correct.,FALSE,none,"No visible watermarks, logos, or synthetic noise patterns detected in the frame.",FALSE,none,No human subjects present in the video.,FALSE,none,"Dog anatomy is correct; four legs, proper paw structure, and natural facial features observed.",FALSE,none,Hay bale and fence in background maintain structural integrity and correct scale relative to the dog.,FALSE,none,Perspective is consistent with a low-angle shot; spatial arrangement of trees and field is logical.,FALSE,none,Dog's breathing and slight head movements are fluid and physically plausible; no jitter observed.,FALSE,none,Dog's coat pattern and facial features remain constant throughout the short clip.,FALSE,none,Background elements remain static and consistent; no objects appear or disappear.,FALSE,none,No physics violations; the dog interacts naturally with the ground.,no strong artefacts observed,The video displays high-fidelity natural textures and consistent lighting typical of real-world camera footage.,
pexels_animal_35282483,Pexels,Qwen_3.5,2026-08-01,Real,95,FALSE,none,Grass texture shows natural variation and noise consistent with real camera sensors; no waxy or plastic appearance.,FALSE,none,Object edges are sharp where in focus and naturally blurred by motion or depth of field; no haloing or bleeding.,FALSE,none,"Lighting is consistent with an overcast day; shadows are soft and diffuse, matching the environment.",FALSE,none,"No visible watermarks, logos, or synthetic noise patterns detected.",FALSE,none,Humans in the background are distant but move naturally; no obvious anatomical distortions visible.,FALSE,none,"The dog in the foreground exhibits correct anatomy, fur texture, and movement patterns typical of a real animal.",FALSE,none,The goalpost and stone wall maintain structural integrity and correct perspective throughout the clip.,FALSE,none,"Spatial arrangement of trees, wall, and field is physically plausible and consistent.",FALSE,none,Camera shake and motion blur are consistent with handheld recording; the dog's gait is fluid and physically accurate.,FALSE,none,The dog and background elements maintain consistent appearance and identity across frames.,FALSE,none,No objects appear or disappear inexplicably; scene continuity is maintained.,FALSE,none,Physics of the dog running and camera movement adhere to real-world laws.,no strong artefacts observed,"The video displays natural motion blur, handheld camera instability, and realistic environmental textures that are characteristic of genuine footage.",
pexels_animal_35921279,Pexels,Qwen_3.5,2026-08-01,Real,92,FALSE,none,Natural ground texture with consistent dirt and grass patterns; no waxy or plastic appearance.,FALSE,none,Sharp edges on the horse and rider; no halo or bleeding effects observed.,FALSE,none,Consistent overcast lighting with soft shadows matching the environment.,FALSE,none,"No visible watermarks, logos, or synthetic noise patterns detected.",FALSE,none,Rider posture and limb proportions appear anatomically correct.,FALSE,none,"Horse anatomy is correct; four legs, proper head shape, and natural tail movement.",FALSE,none,Vehicles and fences in the background maintain structural integrity and correct scale.,FALSE,none,"Perspective and spatial arrangement of trees, track, and spectators are physically plausible.",FALSE,none,Horse gait is fluid and biomechanically accurate; dust kicks up naturally.,FALSE,none,Rider clothing and horse coloration remain consistent throughout the clip.,FALSE,none,Background elements remain stable; no objects appear or disappear abruptly.,FALSE,none,Physics of movement and dust displacement follow natural laws.,no strong artefacts observed,The video displays natural motion blur and consistent environmental physics typical of real drone footage.,
pexels_animal_36041061,Pexels,Qwen_3.5,2026-08-01,Real,92,FALSE,none,"no texture defects; wood grain, pebbles, and cat fur show natural detail",FALSE,none,edges are sharp and physically consistent; no halos or bleeding,FALSE,none,lighting is consistent with outdoor daylight; shadows align with sun position,FALSE,none,"no watermarks, logos, or synthetic noise patterns visible",FALSE,none,no humans present in video,FALSE,none,"cat anatomy is correct: proper limb count, facial structure, and fur rendering",FALSE,none,"objects (ladder, fence, path) maintain correct geometry and scale",FALSE,none,spatial layout is physically plausible; perspective matches camera angle,FALSE,none,cat movement is smooth and biologically accurate; no jitter or sliding,FALSE,none,cat’s appearance remains consistent across frames; no morphing or pattern shifts,FALSE,none,no objects appear/disappear; lighting and background remain stable,FALSE,none,all motion obeys physics; no violations of gravity or momentum,no strong artefacts observed,"Video exhibits natural motion, correct anatomy, and consistent lighting — all indicative of real-world capture.",
pexels_animal_37746776,Pexels,Qwen_3.5,2026-08-01,Real,95,FALSE,none,Natural grass texture with variation in blade length and color; no waxy or plastic appearance.,FALSE,none,Sharp edges on fence rails and vehicle outlines; no haloing or bleeding observed.,FALSE,none,Consistent overcast lighting with soft shadows matching the sky conditions; no impossible light sources.,FALSE,none,"No visible watermarks, logos, or synthetic noise patterns detected in the pixel data.",FALSE,none,Person in high-vis jacket visible in background; proportions and posture appear natural and consistent.,FALSE,none,Horse enters frame at 0:02; limb movement and anatomy appear biologically correct.,FALSE,none,Vehicles and fence structures maintain rigid geometry; no distortion or gibberish text on license plates.,FALSE,none,Perspective lines converge naturally; spatial relationship between foreground jump and background cars is physically plausible.,FALSE,none,Horse movement is fluid with correct gait mechanics; no jitter or sliding observed.,FALSE,none,Objects maintain consistent appearance and color throughout the short clip.,FALSE,none,No objects appear or disappear abruptly; background remains stable.,FALSE,none,Physics of the horse's approach and the stationary environment adhere to natural laws.,no strong artefacts observed,The video displays natural motion blur on the moving horse and consistent environmental lighting typical of real-world camera capture.,
pexels_animal_4651948,Pexels,Qwen_3.5,2026-08-01,Real,85,FALSE,none,Grass texture appears natural and consistent with optical blur; no waxy or plastic artifacts observed.,FALSE,none,"Object edges are soft due to distance and focus, but show no haloing, bleeding, or chromatic fringing typical of synthesis.",FALSE,none,Lighting is diffuse and consistent with an overcast day; shadows are faint but physically plausible.,FALSE,none,"No visible watermarks, logos, or overlay text; noise pattern appears consistent with analog film grain or high-ISO digital capture.",FALSE,none,No human subjects are present in the video.,FALSE,none,The animal (dog) maintains consistent quadrupedal structure and proportions throughout the run; no limb distortion or morphing observed.,FALSE,none,No mechanical objects or text present to evaluate; environmental structures (trees) appear stable.,FALSE,none,Perspective and spatial arrangement of the field and treeline are consistent with a wide-angle lens shot.,FALSE,none,The dog's running gait is fluid and biomechanically correct; no jitter or sliding observed.,FALSE,none,"The dog's appearance (color patches, size) remains constant throughout the clip.",FALSE,none,No objects appear or disappear unexpectedly; background remains static relative to camera movement.,FALSE,none,"Physics of movement (momentum, gravity) appear natural and unviolated.",no strong artefacts observed,"The video exhibits characteristics of real footage, including natural motion blur, consistent film grain/noise, and physically accurate animal locomotion.",
pexels_animal_6983539,Pexels,Qwen_3.5,2026-08-01,Real,92,FALSE,none,Fur texture is highly detailed with natural variation; no waxy or plastic appearance observed.,FALSE,none,Edges of the cat and whiskers are sharp and distinct against the background; no haloing or bleeding.,FALSE,none,"Lighting is consistent with a strong directional source (sunlight), creating natural highlights and shadows on the face.",FALSE,none,"No visible watermarks, logos, or synthetic noise patterns detected in the frame.",FALSE,none,No human subjects present in the video.,FALSE,none,"Cat anatomy is correct; eyes, ears, nose, and whiskers are proportionate and structurally sound.",FALSE,none,The blue collar and background window frame appear structurally normal with correct perspective.,FALSE,none,Spatial arrangement is logical; depth of field is consistent with a real camera lens.,FALSE,none,"Movement is subtle and natural (slight head turn, eye blink); no jitter or non-rigid motion artifacts.",FALSE,none,Fur patterns and eye color remain consistent throughout the clip; no morphing observed.,FALSE,none,No objects appear or disappear; lighting and background remain stable.,FALSE,none,Physics of movement and light interaction are consistent with reality.,no strong artefacts observed,The video exhibits high-fidelity texture and natural micro-movements typical of real camera footage.,
pexels_edge_case_13004609,Pexels,Qwen_3.5,2026-08-01,Real,95,FALSE,none,Video is a stylized line drawing; texture defects are not applicable to this medium.,FALSE,none,Lines are consistent with hand-drawn animation; no AI-style boundary bleeding or haloing observed.,FALSE,none,Flat 2D animation style with no complex lighting to evaluate for physical inconsistency.,FALSE,none,"No visible watermarks, logos, or synthetic noise patterns detected across the frame.",FALSE,none,"Anatomical distortions (e.g., at 0:02) are consistent with intentional stylistic exaggeration in animation, not generative failure.",FALSE,none,No non-human subjects present in the video.,FALSE,none,Objects (floating shapes) behave according to the internal logic of the animation; no structural gibberish.,FALSE,none,Spatial arrangement is simple and consistent with 2D animation conventions.,FALSE,none,"Motion exhibits 'boiling' line effect typical of hand-drawn or rotoscoped animation, lacking the specific warping/morphing of AI video.",FALSE,none,"Character design remains consistent; changes are narrative or stylistic, not unintentional drift.",FALSE,none,No objects appear or disappear without cause; continuity follows the animated sequence.,FALSE,none,"Physics violations (floating objects) are intentional surrealism, not generative hallucination.",no strong artefacts observed,"The video displays characteristics of hand-drawn or rotoscoped animation (line boiling, intentional exaggeration) rather than text-to-video synthesis artifacts.",
pexels_edge_case_20200360,Pexels,Qwen_3.5,2026-08-01,Real,92,FALSE,none,no texture defects; skin and clothing appear natural under low-light conditions,FALSE,none,edges of subject and fire are sharp and consistent with motion blur from real camera capture,FALSE,none,"lighting is physically consistent — fire illuminates subject and sand realistically, shadows align with flame position",FALSE,none,"no visible watermarks, logos, or synthetic noise patterns detected in any frame",FALSE,none,"subject’s limbs, hands, and facial structure are anatomically correct throughout motion sequence",FALSE,none,no non-human subjects present,FALSE,none,fire staff maintains consistent structure; no distortion or impossible geometry observed,FALSE,none,"spatial layout of beach, horizon, and performer is coherent and perspective-consistent",FALSE,none,motion of fire trails and body movement follows natural physics and inertia; no jitter or sliding,FALSE,none,"performer’s appearance, clothing, and props remain consistent across all frames",FALSE,none,no objects appear/disappear unexpectedly; lighting and background remain stable,FALSE,none,"fire behaves according to physical laws — trails follow motion, no reversal or conservation violations",no strong artefacts observed,"Video exhibits natural motion blur, realistic fire dynamics, and consistent lighting — all indicative of real-world capture under challenging low-light conditions.",
pexels_edge_case_26491575,Pexels,Qwen_3.5,2026-08-01,Real,92,FALSE,none,Skin and fabric textures appear natural with appropriate grain and detail for the lighting conditions.,FALSE,none,Subject edges are sharp and well-defined against the dark background; no haloing or bleeding observed.,FALSE,none,"Purple stage lighting is consistent across frames, casting plausible shadows and highlights on the dancer's form.",FALSE,none,"No visible watermarks, logos, or synthetic noise patterns detected in any frame.",FALSE,none,"Dancer's limbs, hands, and facial features maintain correct proportions and articulation throughout motion.",FALSE,none,no non-human subjects present,FALSE,none,No mechanical objects or text present; stage floor and backdrop show no structural anomalies.,FALSE,none,Spatial arrangement of dancer on stage is physically plausible with consistent perspective.,FALSE,none,"Movement is fluid and biomechanically accurate; no jitter, sliding, or unnatural acceleration observed.",FALSE,none,"Dancer's appearance, clothing, and pose transitions remain consistent across all frames.",FALSE,none,No objects appear or disappear unexpectedly; lighting and background remain stable throughout clip.,FALSE,none,"All movements obey physical laws; no violations of gravity, momentum, or cause-effect relationships.",no strong artefacts observed,Video exhibits high fidelity motion capture characteristics typical of real-world performance recording under controlled stage lighting.,
pexels_edge_case_26491663,Pexels,Qwen_3.5,2026-08-01,Real,92,FALSE,none,Natural skin texture and fabric details visible; no waxy or plastic appearance.,FALSE,none,"Sharp, clean edges on all dancers and costumes; no haloing or bleeding.",FALSE,none,Consistent stage lighting with physically accurate shadows and reflections on the floor.,FALSE,none,"No visible watermarks, logos, or synthetic noise patterns.",FALSE,none,"All dancers display correct limb counts, joint articulation, and hand structures.",FALSE,none,no non-human subjects present,FALSE,none,Costumes and stage props maintain structural integrity and correct scale.,FALSE,none,Spatial arrangement of dancers is consistent with a real stage environment.,FALSE,none,"Fluid, natural dance movements with no jitter or sliding artifacts.",FALSE,none,"Dancer identities, clothing patterns, and hair colors remain stable across frames.",FALSE,none,No objects appear or disappear; background remains static and consistent.,FALSE,none,Physical interactions and movements obey laws of physics and causality.,no strong artefacts observed,"The video exhibits high fidelity in motion, lighting, and anatomical correctness typical of a recorded live performance.",
pexels_edge_case_26607072,Pexels,Qwen_3.5,2026-08-01,Real,92,FALSE,none,"Skin texture shows natural variation, sweat sheen, and muscle definition consistent with real human physiology under stage lighting.",FALSE,none,Edges of performers and table are sharp and well-defined against the black background; no haloing or bleeding observed.,FALSE,none,"Lighting is consistent with theatrical spotlighting — directional from above/front, casting plausible shadows on floor and table legs.",FALSE,none,"No visible watermarks, logos, or synthetic noise patterns; frame exhibits natural digital compression artifacts typical of real video.",FALSE,none,"All three performers exhibit anatomically correct proportions, limb counts, and joint movements; hands and faces are clearly rendered without distortion.",FALSE,none,no non-human subjects present,FALSE,none,"Table structure is geometrically sound, with consistent leg thickness and surface plane; no warping or impossible geometry.",FALSE,none,Spatial arrangement of performers around table is physically plausible; perspective and depth cues are consistent with real-world staging.,FALSE,none,"Motion is fluid and biomechanically accurate; no jitter, sliding, or unnatural acceleration observed in limbs or torso movement.",FALSE,none,"Performers maintain consistent facial features, body shape, and clothing throughout; no morphing or pattern shifting detected.",FALSE,none,No objects appear/disappear unexpectedly; lighting and background remain stable across frames; motion loops are not evident.,FALSE,none,"Physical interactions (hands touching table, leaning) obey Newtonian physics; no violations of gravity, momentum, or material integrity.",no strong artefacts observed,Video displays high-fidelity human motion and staging consistent with live performance capture; no indicators of generative synthesis detected.,
pexels_edge_case_36187024,Pexels,Qwen_3.5,2026-08-01,Real,92,FALSE,none,High-frequency detail is preserved in the straw and sequins; no waxy or plastic smoothing observed.,FALSE,none,Object edges are sharp and consistent with optical focus; no haloing or dissolution detected.,FALSE,none,Lighting is consistent with bright outdoor sunlight; shadows and highlights behave physically.,FALSE,none,"No visible watermarks, logos, or synthetic noise patterns detected.",FALSE,none,"Visible faces and hands (e.g., holding the rifle at 0:01) show correct anatomical proportions and finger counts.",FALSE,none,No non-human subjects present.,FALSE,none,"Costume structures and the rifle maintain rigid, logical geometry throughout the clip.",FALSE,none,Crowd density and perspective are natural; no impossible spatial arrangements.,FALSE,none,Motion blur is consistent with camera movement and subject speed; no jitter or sliding observed.,FALSE,none,Subject features and costume patterns remain stable across frames.,FALSE,none,No objects appear or disappear unexpectedly; background flow is continuous.,FALSE,none,Physical interactions between dancers and environment follow standard laws of physics.,no strong artefacts observed,"The video exhibits natural motion blur and complex, coherent textures typical of real-world footage of a crowded event.",
pexels_edge_case_37996025,Pexels,Qwen_3.5,2026-08-01,Real,95,FALSE,none,no texture defects observed; fabric and skin details appear natural,FALSE,none,edges are sharp and consistent with real camera capture,FALSE,none,lighting is consistent with stage spotlights and ambient night scene,FALSE,none,no visible watermarks or synthetic noise patterns,FALSE,none,"all dancers show correct limb count, proportions, and joint movement",FALSE,none,no non-human subjects present,FALSE,none,"costumes, barriers, and stage elements maintain structural integrity",FALSE,none,"spatial layout of crowd, stage, and decorations is physically plausible",FALSE,none,dance movements are fluid and biomechanically accurate,FALSE,none,costume colors and dancer identities remain stable across frames,FALSE,none,no objects appear/disappear unexpectedly; lighting remains consistent,FALSE,none,"physics of motion, gravity, and interaction with environment are preserved",no strong artefacts observed,"Video exhibits natural motion blur, consistent lighting, and realistic crowd behavior typical of live event footage.",
pexels_edge_case_38124533,Pexels,Qwen_3.5,2026-08-01,Real,92,FALSE,none,no texture defects observed; skin and clothing show natural grain and variation,FALSE,none,edges are sharp and consistent with motion blur from real camera capture,FALSE,none,lighting is physically consistent with fire sources casting dynamic shadows on performers and ground,FALSE,none,"no visible watermarks, logos, or synthetic noise patterns detected",FALSE,none,"all performers exhibit correct limb count, joint articulation, and hand structure throughout motion",FALSE,none,no non-human subjects present,FALSE,none,"fire props, signage, and background objects maintain structural integrity and scale consistency",FALSE,none,"spatial layout of performers, graffiti wall, umbrellas, and tables is physically plausible and perspective-consistent",FALSE,none,motion trajectories of fire props and bodies follow natural physics with appropriate inertia and acceleration,FALSE,none,"performer identities, clothing, and prop appearances remain stable across frames",FALSE,none,no objects appear/disappear unexpectedly; lighting and background remain temporally coherent,FALSE,none,"fire behaves according to physical laws—flames trail motion, cast light, and interact with environment realistically",no strong artefacts observed,"Video exhibits high fidelity to real-world physics, lighting, and human motion; no indicators of AI synthesis detected.",
pexels_hands_10048810,Pexels,Qwen_3.5,2026-08-01,Real,85,FALSE,none,no texture defects observed; flour and dough appear natural,FALSE,none,"edges are naturally blurred due to shallow depth of field, not AI artefact",FALSE,none,"lighting is consistent with indoor ambient source, no impossible shadows or reflections",FALSE,none,"no watermarks, logos, or synthetic noise patterns visible",FALSE,none,hand structure appears anatomically correct despite motion blur,FALSE,none,no non-human subjects present,FALSE,none,dough and rolling pin maintain plausible physical structure throughout,FALSE,none,spatial arrangement of kitchen items is coherent and perspective-consistent,FALSE,none,motion blur is consistent with real camera capture of fast hand movement,FALSE,none,no morphing or drifting of objects or textures across frames,FALSE,none,no discontinuities in object presence or lighting between frames,FALSE,none,physics of dough deformation and flour displacement are causally consistent,no strong artefacts observed,"Video exhibits natural motion blur, realistic material interaction, and consistent lighting — all indicative of real-world capture.",
pexels_hands_1326864,Pexels,Qwen_3.5,2026-08-01,Real,92,FALSE,none,no texture defects; natural skin and plastic appearance,FALSE,none,"edges are consistent with optical depth-of-field blur, not synthesis artifacts",FALSE,none,lighting is consistent with indoor ambient light; no impossible shadows,FALSE,none,no visible watermarks or synthetic noise patterns,FALSE,none,hand structure and finger movement appear anatomically correct,FALSE,none,no non-human subjects present,FALSE,none,keyboard keys and layout are structurally sound and legible,FALSE,none,spatial arrangement of desk items is physically plausible,FALSE,none,typing motion is fluid and physically accurate,FALSE,none,no morphing or shifting of object identity across frames,FALSE,none,no objects appear or disappear unexpectedly,FALSE,none,physics of key presses and hand movement are consistent,no strong artefacts observed,The video exhibits natural camera focus behavior and realistic motion blur consistent with a real-world recording.,
pexels_hands_2369564,Pexels,Qwen_3.5,2026-08-01,Real,85,FALSE,none,no texture defects observed; skin and keyboard surfaces appear natural despite shallow depth of field,FALSE,none,"boundaries are consistent with optical blur from shallow focus, not AI synthesis artifacts",FALSE,none,"lighting is soft and diffuse, consistent with indoor studio setup; no impossible shadows or highlights",FALSE,none,"no watermarks, logos, or synthetic noise patterns visible in any frame",FALSE,none,"fingers show natural motion and proportion; no extra digits, merging, or anatomical impossibilities",FALSE,none,no non-human subjects present,FALSE,none,keyboard keys maintain consistent shape and spacing; no distortion or gibberish text,FALSE,none,scene is a simple close-up with plausible perspective and object placement,FALSE,none,finger motion is fluid and physically plausible; no jitter or non-rigid deformation,FALSE,none,"no changes in finger appearance, skin tone, or keyboard key markings across frames",FALSE,none,no objects appear/disappear; lighting and background remain consistent throughout,FALSE,none,keypresses follow expected cause-effect; no physics violations observed,no strong artefacts observed,"Video exhibits characteristics of real-world cinematography including natural motion blur, consistent lighting, and anatomically correct hand movement. Shallow depth of field is optically plausible and not indicative of AI generation.",
pexels_hands_37239368,Pexels,Qwen_3.5,2026-08-01,Real,92,FALSE,none,"Skin texture, pepper surface, and knife metal show natural detail and variation without waxy or plastic artifacts.",FALSE,none,Object edges are sharp and consistent with optical depth of field; no halos or bleeding observed.,FALSE,none,Lighting is consistent across frames with plausible shadows cast by hands and knife on the cutting board.,FALSE,none,"No visible watermarks, logos, or synthetic noise patterns detected in the pixel data.",FALSE,none,"Hands display correct finger count, joint articulation, and grip mechanics throughout the cutting motion.",FALSE,none,no non-human subjects present,FALSE,none,Knife and pepper maintain structural integrity; no distortion or impossible geometry observed.,FALSE,none,"Spatial arrangement of cutting board, hands, and background elements is physically plausible and consistent.",FALSE,none,"Motion of knife and hands is smooth, continuous, and obeys physical inertia; no jitter or sliding.",FALSE,none,"No changes in object identity, color, or pattern; hands and pepper remain consistent across frames.",FALSE,none,No objects appear or disappear unexpectedly; lighting and background remain stable.,FALSE,none,Cutting action follows logical cause-effect; pepper separates cleanly as knife passes through.,no strong artefacts observed,"The video exhibits high-fidelity real-world physics, accurate anatomy, and consistent lighting typical of genuine footage.",
pexels_hands_37239369,Pexels,Qwen_3.5,2026-08-01,Real,95,FALSE,none,no texture defects observed; tomato skin and cutting board show natural detail,FALSE,none,edges are sharp and consistent with optical focus; no halos or bleeding,FALSE,none,lighting is consistent with indoor kitchen environment; shadows behave physically,FALSE,none,"no watermarks, logos, or synthetic noise patterns visible",FALSE,none,hands appear anatomically correct; fingers grip knife and tomato naturally,FALSE,none,no non-human subjects present,FALSE,none,knife and tomato maintain structural integrity; no distortion or gibberish text,FALSE,none,scene layout is plausible; perspective and object placement are physically consistent,FALSE,none,motion of hand and knife is smooth and physically plausible; no jitter or sliding,FALSE,none,tomato and hands retain consistent appearance across frames,FALSE,none,no objects appear/disappear unexpectedly; lighting and background remain stable,FALSE,none,cutting action follows physical cause-effect; juice behaves as expected,no strong artefacts observed,"Video exhibits natural motion, lighting, and object behavior consistent with real-world footage.",
pexels_hands_3797834,Pexels,Qwen_3.5,2026-08-01,Real,95,FALSE,none,"Wood grain and onion layers show natural, high-frequency detail without waxy smoothing.",FALSE,none,"Knife edges and onion contours are sharp with natural depth-of-field blur, no haloing or bleeding.",FALSE,none,Shadows cast by the hand and knife are consistent with the strong directional sunlight.,FALSE,none,"No visible watermarks, logos, or synthetic noise patterns detected.",FALSE,none,"Fingers holding the onion and gripping the knife display correct count, proportions, and skin texture.",FALSE,none,no non-human subjects present,FALSE,none,Knife blade geometry and onion structure remain physically consistent throughout the cut.,FALSE,none,"Spatial arrangement of cutting board, onion, and background is logical and perspective-correct.",FALSE,none,Knife movement is smooth and follows a natural cutting arc; no jitter or sliding.,FALSE,none,Onion appearance and hand features remain stable across frames.,FALSE,none,No objects appear or disappear; lighting remains constant.,FALSE,none,The knife physically displaces the onion layers in a manner consistent with real-world physics.,no strong artefacts observed,"The video exhibits natural lighting, correct human anatomy, and physically accurate motion, indicating a real recording.",
pexels_hands_4201451,Pexels,Qwen_3.5,2026-08-01,Real,92,FALSE,none,"Vegetable textures show natural moisture, translucency in onion layers, and organic irregularity consistent with real footage.",FALSE,none,"Knife edges and vegetable boundaries are sharp where in focus, with natural motion blur during movement; no haloing or bleeding observed.",FALSE,none,Lighting is consistent with an overhead kitchen source; shadows fall naturally under the knife and vegetables.,FALSE,none,"No watermarks, logos, or synthetic noise patterns visible in any frame.",FALSE,none,Fingers holding the knife appear anatomically correct with natural skin texture and nail shape; no distortions observed.,FALSE,none,no non-human subjects present,FALSE,none,Knife blade maintains consistent geometry; carrot slices and onion pieces have plausible shapes and sizes.,FALSE,none,"Spatial arrangement of cutting board, vegetables, and hand is physically plausible and perspective-consistent.",FALSE,none,Knife motion exhibits natural acceleration and deceleration; vegetable pieces react realistically to being cut.,FALSE,none,Vegetable colors and shapes remain consistent across frames; no morphing or pattern shifting observed.,FALSE,none,"Object positions evolve continuously; no sudden appearances, disappearances, or lighting jumps.",FALSE,none,"Cutting action produces expected results: vegetables separate cleanly, pieces move according to force applied.",no strong artefacts observed,"Video displays high-fidelity physical interactions, natural motion blur, and consistent lighting typical of real-world macro cinematography.",
pexels_hands_8888977,Pexels,Qwen_3.5,2026-08-01,Real,92,FALSE,none,"Skin texture shows natural pores, veins, and wrinkles consistent with real human hands; keyboard plastic has realistic wear and dust.",FALSE,none,Object edges are sharp where in focus and exhibit natural optical blur (bokeh) in out-of-focus areas; no haloing or bleeding.,FALSE,none,"Lighting is consistent with a warm lamp source on the right, casting physically accurate shadows and highlights on the hands and keys.",FALSE,none,"No visible watermarks, logos, or synthetic noise patterns detected.",FALSE,none,"Finger count, joint articulation, and hand proportions are anatomically correct throughout the typing motion.",FALSE,none,no non-human subjects present,FALSE,none,Keyboard keys maintain consistent shape and alignment; text on the monitor bezel ('ViewSonic') is legible and correctly formed.,FALSE,none,"Spatial arrangement of desk, monitor, and keyboard follows standard perspective and physical logic.",FALSE,none,Typing motion is fluid with natural acceleration and deceleration; no jitter or sliding artifacts.,FALSE,none,The ring on the finger and the watch on the wrist remain consistent in appearance and position relative to the hand.,FALSE,none,No objects appear or disappear; lighting remains stable throughout the short clip.,FALSE,none,Finger movements correspond logically to key presses; physical interactions obey gravity and momentum.,no strong artefacts observed,The video exhibits high-fidelity optical characteristics including natural depth of field and motion blur that are difficult for current generative models to replicate perfectly without artifacts.,
pexels_motion_10453254,Pexels,Qwen_3.5,2026-08-01,Real,92,FALSE,none,Natural film grain and motion blur consistent with real camera capture; no waxy or plastic textures observed.,FALSE,none,Edges are consistent with optical defocus and motion blur; no haloing or dissolution artifacts.,FALSE,none,Lighting is consistent with overcast outdoor conditions; shadows and highlights behave naturally.,FALSE,none,"No visible watermarks, logos, or synthetic noise patterns detected.",FALSE,none,"Subject's face, hands, and body proportions appear anatomically correct throughout the clip.",FALSE,none,no non-human subjects present,FALSE,none,"Background objects (ship, buildings) maintain structural integrity and correct perspective.",FALSE,none,Spatial arrangement of foreground subject and background elements is physically plausible.,FALSE,none,Movement of hair and clothing follows natural physics; no jitter or sliding artifacts.,FALSE,none,Subject's appearance and clothing patterns remain consistent across frames.,FALSE,none,No objects appear or disappear unexpectedly; background remains stable relative to camera movement.,FALSE,none,"Physical interactions (running, turning) obey laws of motion and gravity.",no strong artefacts observed,"The video exhibits natural motion blur, film grain, and consistent lighting typical of real-world cinematography.",
pexels_motion_18006916,Pexels,Qwen_3.5,2026-08-01,Real,92,FALSE,none,"Concrete surface shows natural wear, scratches, and dust accumulation consistent with real skatepark usage.",FALSE,none,Edges of the skateboard and shoes are sharp and well-defined against the background; no haloing or bleeding observed.,FALSE,none,"Shadows cast by the skater and board are consistent with a single overhead light source (sun), showing correct direction and softness.",FALSE,none,"No visible watermarks, logos, or synthetic noise patterns detected in the frame.",FALSE,none,"Visible lower legs and feet show correct proportions, shoe fit, and ankle positioning; no extra or missing digits.",FALSE,none,no non-human subjects present,FALSE,none,"Skateboard structure (deck, wheels, trucks) appears mechanically sound with correct scale relative to the feet.",FALSE,none,Perspective of the curved ramp and ground plane is geometrically consistent with a wide-angle lens view.,FALSE,none,Movement of the skateboard and feet is smooth and physically plausible; no jitter or sliding artifacts.,FALSE,none,Clothing texture and shoe details remain constant throughout the short clip; no morphing observed.,FALSE,none,No objects appear or disappear; lighting remains stable across frames.,FALSE,none,Physics of the skateboard rolling on the concrete surface adheres to expected gravity and friction laws.,no strong artefacts observed,"The video exhibits high fidelity in texture, lighting, and motion physics, with no indicators of generative synthesis.",
pexels_motion_30147550,Pexels,Qwen_3.5,2026-08-01,Real,92,FALSE,none,Grass texture shows natural variation and motion blur consistent with camera panning; no waxy or plastic artifacts.,FALSE,none,"Edges of legs and ball are naturally blurred due to motion, not synthetic haloing or dissolution.",FALSE,none,Lighting is consistent with outdoor daylight; shadows under legs and ball behave physically.,FALSE,none,"No visible watermarks, logos, or frequency-domain regularities indicating synthesis.",FALSE,none,Legs and feet show correct proportions and joint movement; no extra limbs or distorted anatomy.,FALSE,none,no non-human subjects present,FALSE,none,Soccer ball maintains correct spherical shape and panel structure throughout motion.,FALSE,none,"Spatial relationship between player, ball, and field is physically plausible and perspective-consistent.",FALSE,none,Ball roll and foot movement exhibit natural acceleration and contact physics; no jitter or sliding.,FALSE,none,Ball pattern and shoe color remain consistent across frames; no morphing or shifting.,FALSE,none,No objects appear/disappear; background motion matches foreground tracking smoothly.,FALSE,none,Ball responds correctly to foot contact; no violation of momentum or gravity.,no strong artefacts observed,Motion blur and camera shake are consistent with real-world handheld or stabilized sports footage. No synthetic indicators detected.,
pexels_motion_5039493,Pexels,Qwen_3.5,2026-08-01,Real,92,FALSE,none,"no texture defects observed; concrete, fabric, and graffiti show natural detail",FALSE,none,edges are sharp and consistent with optical lens behavior; no halos or bleeding,FALSE,none,shadows align with ambient daylight direction; no impossible reflections or mismatches,FALSE,none,"no visible watermarks, logos, or synthetic noise patterns in any frame",FALSE,none,"skater’s limbs, hands, and face maintain correct proportions and joint articulation throughout motion",FALSE,none,no non-human subjects present,FALSE,none,"skateboard, ramps, benches, and cones maintain structural integrity and scale consistency",FALSE,none,perspective and spatial layout of skatepark elements are physically plausible and consistent,FALSE,none,"skater’s movement exhibits natural acceleration, balance shifts, and foot-to-board contact without sliding or jitter",FALSE,none,"clothing, skin tone, and object colors remain stable across frames; no morphing or drift",FALSE,none,no objects appear/disappear unexpectedly; background figures move consistently with foreground action,FALSE,none,physics of skateboarding trick (ollie over cone) follows expected cause-effect and momentum conservation,no strong artefacts observed,"Video exhibits natural camera motion, realistic physics, and coherent environmental detail consistent with real-world capture.",
pexels_motion_6078256,Pexels,Qwen_3.5,2026-08-01,Real,95,FALSE,none,Artificial turf texture is consistent with real synthetic grass; no waxy or plastic artifacts observed.,FALSE,none,Edges of the pole and wall are sharp and well-defined; no haloing or bleeding detected.,FALSE,none,Lighting is diffuse and consistent with an indoor tent environment; shadows and highlights behave physically.,FALSE,none,"No visible watermarks, logos, or overlay text; noise pattern appears natural.",FALSE,none,No human subjects present in the video.,FALSE,none,No non-human subjects present.,FALSE,none,"Structural elements (pole, wall, turf lines) are geometrically correct and undistorted.",FALSE,none,Perspective and spatial arrangement of the field corner and tent wall are physically plausible.,FALSE,none,Video is static; no motion artifacts such as jitter or warping observed.,FALSE,none,No objects or subjects change identity or appearance across frames.,FALSE,none,Scene remains constant with no disappearing or appearing objects.,FALSE,none,No physics violations observed in the static scene.,no strong artefacts observed,The video appears to be a static shot of an indoor sports facility with no signs of generative AI manipulation.,
pexels_motion_7187057,Pexels,Qwen_3.5,2026-08-01,Real,95,FALSE,none,Natural skin texture and fabric weave visible on shorts; no waxy or plastic appearance.,FALSE,none,Sharp edges on subject and ball; no haloing or bleeding into background.,FALSE,none,Consistent outdoor lighting with correct shadow direction and intensity relative to sun position.,FALSE,none,"No visible watermarks, logos, or synthetic noise patterns detected.",FALSE,none,"Legs, feet, and hands (visible briefly) show correct proportions and joint movement.",FALSE,none,no non-human subjects present,FALSE,none,Soccer ball maintains spherical shape and panel structure throughout motion.,FALSE,none,"Perspective and spatial relationships between player, ball, and background are physically consistent.",FALSE,none,Ball roll and foot contact exhibit natural physics and momentum transfer.,FALSE,none,Clothing pattern and subject appearance remain stable across frames.,FALSE,none,No objects appear or disappear; background elements remain static relative to camera pan.,FALSE,none,Cause-and-effect of kicking motion and ball trajectory follows real-world physics.,no strong artefacts observed,"Video displays high fidelity with natural motion blur, consistent lighting, and physically accurate interactions typical of real camera footage.",
pexels_motion_7876930,Pexels,Qwen_3.5,2026-08-01,Real,92,FALSE,none,"Skin texture, fabric weave on leggings, and asphalt grain appear natural and consistent with optical capture.",FALSE,none,Subject edges are sharp and well-defined against the background; no haloing or dissolution observed.,FALSE,none,Shadows cast by the subject and benches align with the sun position; lighting is physically consistent.,FALSE,none,"No visible watermarks, logos, or synthetic noise patterns detected in the pixel data.",FALSE,none,Hands and fingers manipulating shoelaces appear anatomically correct with proper joint articulation.,FALSE,none,no non-human subjects present,FALSE,none,"Benches, cars, and buildings maintain correct structural integrity and perspective.",FALSE,none,Spatial arrangement of park elements is logical and perspective-consistent.,FALSE,none,Movement of the subject tying shoes is fluid and biomechanically plausible.,FALSE,none,Clothing patterns and facial features remain stable throughout the clip.,FALSE,none,No objects appear or disappear; background elements remain static and consistent.,FALSE,none,"Physical interactions, such as hands touching shoes, follow standard cause-and-effect physics.",no strong artefacts observed,"The video exhibits high fidelity in texture, lighting, and motion, consistent with real-world camera footage.",
pexels_motion_8344814,Pexels,Qwen_3.5,2026-08-01,Real,95,FALSE,none,Skin texture and clothing fabric show natural detail and variation consistent with real camera capture.,FALSE,none,Subject edges are sharp and well-defined against the background; no haloing or bleeding observed.,FALSE,none,Lighting is consistent with a bright sunny day; shadows fall naturally on the subject and environment.,FALSE,none,"No visible watermarks, logos, or synthetic noise patterns detected in the frame.",FALSE,none,"Subject's hands, face, and limbs appear anatomically correct with natural proportions and movement.",FALSE,none,no non-human subjects present,FALSE,none,"Background structures (bridge, buildings, cars) maintain correct geometry and scale.",FALSE,none,Perspective and spatial arrangement of the city and highway are physically plausible.,FALSE,none,Running motion is fluid and biomechanically accurate; no jitter or sliding observed.,FALSE,none,Subject's appearance remains consistent throughout the clip; no morphing or texture shifting.,FALSE,none,Background traffic and environmental elements move continuously without sudden jumps or disappearances.,FALSE,none,Physics of movement and environmental interaction appear natural and obey physical laws.,no strong artefacts observed,"The video exhibits high fidelity with natural lighting, consistent motion, and detailed textures typical of real-world footage.",
pexels_multi_person_6305116,Pexels,Qwen_3.5,2026-08-01,Real,92,FALSE,none,Natural skin texture and fabric weave visible on the man's shirt at 0:00; no waxy or plastic appearance.,FALSE,none,Sharp focus transitions and natural depth-of-field blur at 0:01-0:02 consistent with optical camera behavior.,FALSE,none,Consistent daylight illumination from the window at 0:00; candle flames cast appropriate warm light on nearby objects at 0:02.,FALSE,none,"No visible watermarks, logos, or synthetic noise patterns detected across the clip.",FALSE,none,"Man's hands and face at 0:00 show correct finger count, joint articulation, and facial proportions.",FALSE,none,No non-human subjects present in the video.,FALSE,none,"Tableware, candles, and food items maintain consistent structure and scale throughout the clip.",FALSE,none,Spatial arrangement of diners and table setting follows logical perspective and occlusion rules.,FALSE,none,Hand movements and head turns at 0:00-0:02 exhibit natural acceleration and deceleration without jitter.,FALSE,none,"Subject's appearance, clothing, and object properties remain stable across all frames.",FALSE,none,No objects appear or disappear unexpectedly; lighting and background remain consistent with camera movement.,FALSE,none,"Physical interactions (eating, reaching) follow expected cause-effect relationships without violation.",no strong artefacts observed,"The video exhibits natural camera focus pulls, realistic lighting gradients, and coherent human motion typical of live-action footage.",
pexels_multi_person_6305179,Pexels,Qwen_3.5,2026-08-01,Real,92,FALSE,none,Natural skin texture with visible pores and fine details on clothing and food items; no waxy or plastic appearance.,FALSE,none,"Sharp, clean edges on all subjects and objects; no haloing, bleeding, or soft dissolution at boundaries.",FALSE,none,Consistent natural lighting from the window; shadows fall correctly and match the scene geometry.,FALSE,none,"No visible watermarks, logos, or synthetic noise patterns detected in the pixel data.",FALSE,none,"All facial features, hands, and body proportions appear anatomically correct and stable.",FALSE,none,no non-human subjects present,FALSE,none,"Tableware, food, and furniture maintain correct structural integrity and scale relationships.",FALSE,none,Perspective is consistent with a wide-angle lens; spatial arrangement of the room and people is physically plausible.,FALSE,none,"Movements are smooth and natural; no jitter, sliding, or non-rigid motion of rigid objects.",FALSE,none,Characters' faces and clothing patterns remain consistent throughout the clip.,FALSE,none,No objects appear or disappear; background and foreground motion are consistent.,FALSE,none,"Physical interactions (eating, gesturing) follow normal cause-and-effect logic.",no strong artefacts observed,"The video exhibits high fidelity with natural lighting, consistent physics, and detailed textures typical of real camera footage.",
pexels_multi_person_6686947,Pexels,Qwen_3.5,2026-08-01,Real,92,FALSE,none,Natural fabric textures on sofa and clothing; no waxy or plastic appearance observed.,FALSE,none,"Sharp, clean edges on all subjects and objects; no haloing or bleeding detected.",FALSE,none,Consistent natural lighting from windows; shadows align correctly with light sources.,FALSE,none,"No visible watermarks, logos, or synthetic noise patterns present.",FALSE,none,Human figures display correct proportions and limb counts; no distortions visible.,FALSE,none,no non-human subjects present,FALSE,none,Furniture and architectural elements maintain correct geometry and scale.,FALSE,none,Perspective and spatial arrangement are physically plausible and consistent.,FALSE,none,Movement is smooth and natural; no jitter or sliding artifacts observed.,FALSE,none,Subject appearance remains constant throughout the clip; no morphing detected.,FALSE,none,Objects and lighting remain consistent across frames; no sudden changes.,FALSE,none,Physical interactions and movements obey laws of physics.,no strong artefacts observed,"The video exhibits high fidelity with natural depth of field and consistent lighting, showing no signs of generative synthesis.",
pexels_multi_person_7199217,Pexels,Qwen_3.5,2026-08-01,Real,92,FALSE,none,Skin texture shows natural pores and micro-imperfections; fabric weave on the purple shirt is distinct and consistent with real cloth.,FALSE,none,Hair edges are sharp and distinct against the background; no haloing or bleeding observed on the subjects.,FALSE,none,"Shadows fall consistently to the left, matching the light source; reflections in the eyes are physically accurate.",FALSE,none,"No visible watermarks, logos, or synthetic noise patterns detected in the frame.",FALSE,none,Facial features are symmetrical and stable; hands (visible at 0:02) show correct finger count and natural joint articulation.,FALSE,none,no non-human subjects present,FALSE,none,"Background objects (vases, shelf) maintain rigid geometry and correct perspective throughout the clip.",FALSE,none,Spatial arrangement of the couch and subjects follows standard perspective rules with no impossible overlaps.,FALSE,none,Subject movement is fluid with natural acceleration; no jitter or sliding observed.,FALSE,none,Facial structure and clothing patterns remain identical across all frames.,FALSE,none,No objects appear or disappear; lighting remains constant throughout the short duration.,FALSE,none,"Physical interactions (sitting, leaning) obey gravity and momentum laws.",no strong artefacts observed,"The video exhibits high-fidelity details such as natural skin subsurface scattering and consistent depth of field, characteristic of real camera footage.",
pexels_multi_person_7325946,Pexels,Qwen_3.5,2026-08-01,Real,92,FALSE,none,Brick textures on walls show natural variation and wear; clothing fabrics display realistic folds and material properties without waxy or plastic appearance.,FALSE,none,Edges of subjects and architectural elements are sharp and well-defined against the background; no haloing or bleeding observed.,FALSE,none,"Lighting is consistent with an overcast day; shadows are soft and diffuse, matching the ambient light conditions of the alleyway.",FALSE,none,"No visible watermarks, logos, or synthetic noise patterns detected in the frame.",FALSE,none,"Both subjects display correct human proportions, limb counts, and facial features; hands and feet appear natural during movement.",FALSE,none,No non-human subjects or animals are present in the video.,FALSE,none,Architectural elements like the glass walkway and brick walls maintain structural integrity; no distorted objects or gibberish text visible.,FALSE,none,"Perspective lines converge naturally; spatial arrangement of the alley, street, and background buildings is physically plausible.",FALSE,none,Walking gait is natural with proper foot contact; no jitter or sliding observed in the subjects' movement.,FALSE,none,"Subjects maintain consistent appearance, clothing, and features throughout the short clip.",FALSE,none,Background elements remain stable; no objects appear or disappear unexpectedly.,FALSE,none,Physics of movement and interaction with the environment appear normal and consistent with reality.,no strong artefacts observed,"The video exhibits high fidelity in texture, lighting, and motion, consistent with real-world camera footage.",
pexels_multi_person_8121423,Pexels,Qwen_3.5,2026-08-01,Real,92,FALSE,none,Natural fabric folds and skin texture visible; no waxy or plastic appearance.,FALSE,none,Sharp edges on subjects and foliage; no haloing or bleeding observed.,FALSE,none,Consistent overcast lighting with soft shadows matching the environment.,FALSE,none,"No visible watermarks, logos, or synthetic noise patterns.",FALSE,none,Proportions and limb movements appear natural and correct.,FALSE,none,no non-human subjects present,FALSE,none,"Park infrastructure (benches, lamps) maintains structural integrity.",FALSE,none,Perspective and depth of field are consistent with optical camera capture.,FALSE,none,Walking gait is fluid with no foot sliding or jitter.,FALSE,none,Clothing patterns and facial features remain stable throughout the clip.,FALSE,none,Background elements and subject positions evolve continuously without jumps.,FALSE,none,Physics of movement and interaction with the ground are realistic.,no strong artefacts observed,"The video exhibits natural motion blur, consistent lighting, and stable geometry typical of real-world camera footage.",
pexels_multi_person_8481271,Pexels,Qwen_3.5,2026-08-01,Real,95,FALSE,none,Natural skin texture with pores and fine lines visible on the woman's face; fabric weave on the sweater is distinct and non-repetitive.,FALSE,none,Sharp edges on the glassware and cutlery; no haloing or bleeding around the subjects against the background.,FALSE,none,Consistent indoor lighting with natural shadows cast by the fruit bowl and people; reflections in the wine glasses match the room environment.,FALSE,none,"No visible watermarks, logos, or synthetic noise patterns detected in the frame.",FALSE,none,Fingers gripping the glasses are anatomically correct with proper joint articulation; facial features remain stable and proportional.,FALSE,none,No non-human subjects present.,FALSE,none,"Glassware maintains structural integrity during the toast; text on background books is illegible due to depth of field, not distortion.",FALSE,none,Perspective is consistent with a standard camera lens; spatial arrangement of people and objects follows physical laws.,FALSE,none,"Smooth, natural motion of arms raising glasses; no jitter or warping of rigid objects like the metal bowl.",FALSE,none,Characters' appearances and clothing patterns remain constant throughout the clip.,FALSE,none,No objects appear or disappear spontaneously; liquid levels in glasses behave consistently with gravity.,FALSE,none,"Physical interactions, such as clinking glasses and holding stems, follow expected cause-and-effect physics.",,,
pexels_multi_person_8774198,Pexels,Qwen_3.5,2026-08-01,Real,92,FALSE,none,Natural skin texture and fabric weave visible on all subjects; no waxy or plastic appearance.,FALSE,none,"Sharp, clean edges on subjects against the background pillars; no haloing or bleeding.",FALSE,none,Consistent outdoor lighting with correct shadow direction cast by the pillars and subjects.,FALSE,none,"No visible watermarks, logos, or synthetic noise patterns detected.",FALSE,none,"All subjects display correct limb counts, finger counts, and facial proportions.",FALSE,none,no non-human subjects present,FALSE,none,Pillars and background structures maintain consistent geometry and scale.,FALSE,none,Perspective and spatial arrangement of the walkway and pillars are physically consistent.,FALSE,none,Walking gait is natural with correct foot contact; no sliding or jitter.,FALSE,none,Clothing patterns and facial features remain stable across all frames.,FALSE,none,No objects appear or disappear; background motion is consistent with camera movement.,FALSE,none,Physics of movement and interaction with the environment appear natural.,no strong artefacts observed,"The video exhibits natural motion blur, consistent lighting, and stable anatomical structures typical of real camera footage.",
pexels_portrait_4057145,Pexels,Qwen_3.5,2026-08-01,Real,92,FALSE,none,Skin texture shows natural pores and lighting variation; mask fabric shows realistic fibrous detail.,FALSE,none,Edges of hands and hair are sharp and consistent with optical focus; no haloing or bleed observed.,FALSE,none,Lighting is consistent with a single frontal source; shadows fall naturally on the neck and behind the hands.,FALSE,none,"No visible watermarks, logos, or synthetic noise patterns detected in the frame.",FALSE,none,Fingers are correctly counted and proportioned; eyes and facial structure appear anatomically correct.,FALSE,none,No non-human subjects present.,FALSE,none,The medical mask retains structural integrity with correct pleat folding and ear loop placement.,FALSE,none,Spatial arrangement of subject against background is physically plausible with correct perspective.,FALSE,none,Motion is minimal but natural; slight eye movement and breathing motion observed without jitter.,FALSE,none,Subject identity remains stable throughout the clip; no morphing of facial features.,FALSE,none,No objects appear or disappear; lighting and background remain constant.,FALSE,none,Physical interactions between hands and face follow normal cause-and-effect physics.,no strong artefacts observed,"The video exhibits high fidelity in texture and lighting, with natural micro-movements typical of a human subject.",
pexels_portrait_5045936,Pexels,Qwen_3.5,2026-08-01,Real,85,FALSE,none,Skin texture appears natural with appropriate grain and lighting response; no waxy or plastic look observed.,FALSE,none,"Hair edges are naturally soft due to depth of field, not artificial blurring or haloing.",FALSE,none,Lighting is consistent with outdoor ambient light; shadows and highlights behave physically.,FALSE,none,"No visible watermarks, logos, or synthetic noise patterns detected in any frame.",FALSE,none,"Visible facial features (eye, smile, teeth) are anatomically correct and stable across frames.",FALSE,none,no non-human subjects present,FALSE,none,No mechanical objects or text present to evaluate; background elements are appropriately blurred.,FALSE,none,"Spatial arrangement is plausible; shallow depth of field is artistically intentional, not erroneous.",FALSE,none,Minimal motion in clip; subject’s head movement is smooth and natural without jitter or sliding.,FALSE,none,Facial features and expression remain consistent across all frames; no morphing or shifting.,FALSE,none,No objects appear/disappear; lighting and background remain temporally coherent.,FALSE,none,No physics violations observed; motion and interaction with environment are causally sound.,no strong artefacts observed,"The video exhibits natural cinematographic qualities including realistic bokeh, organic skin texture, and stable anatomy — all consistent with real-world capture.",
pexels_portrait_5051072,Pexels,Qwen_3.5,2026-08-01,Real,92,FALSE,none,Skin texture shows natural pores and micro-details; denim fabric shows realistic weave and wear patterns.,FALSE,none,Subject edges are sharp and distinct against the background; no haloing or bleeding observed.,FALSE,none,Lighting is consistent with the window source in the background; shadows fall naturally on the face and neck.,FALSE,none,"No visible watermarks, logos, or synthetic noise patterns detected in the frame.",FALSE,none,"Facial features, ears, and hands (visible holding glass) appear anatomically correct with proper proportions.",FALSE,none,No non-human subjects present.,FALSE,none,The glass maintains correct cylindrical geometry and refraction; no structural distortions.,FALSE,none,Spatial arrangement of the two men and the background window is physically plausible and consistent.,FALSE,none,"Movement of the head and hand lifting the glass is smooth, with natural acceleration and deceleration.",FALSE,none,Subject's facial features and clothing remain consistent throughout the clip.,FALSE,none,No objects appear or disappear; background elements remain static and consistent.,FALSE,none,Physics of the liquid in the glass and the interaction with the hand follow natural laws.,no strong artefacts observed,"The video exhibits high fidelity in texture, lighting, and motion, consistent with real-world camera capture.",
pexels_portrait_6099467,Pexels,Qwen_3.5,2026-08-01,Real,92,FALSE,none,Fabric weave on suit and skin texture appear natural with appropriate noise; no waxy or plastic look observed.,FALSE,none,Edges of hands and suit are sharp and consistent with optical depth of field; no haloing or bleeding detected.,FALSE,none,Shadows cast by fingers and arms are consistent with the window light source in the background; no impossible reflections.,FALSE,none,"No visible watermarks, logos, or synthetic noise patterns detected in the frame.",FALSE,none,"Hand structure, finger count, and joint movement during the gesture (0:00-0:02) are anatomically correct and fluid.",FALSE,none,no non-human subjects present,FALSE,none,"Suit, tie, and furniture maintain rigid structural integrity; no distortion or gibberish text visible.",FALSE,none,Perspective and spatial arrangement of the room and subject are physically plausible.,FALSE,none,Hand gestures are smooth and follow natural acceleration curves; no jitter or sliding observed.,FALSE,none,Clothing patterns and skin tone remain consistent across all frames; no morphing detected.,FALSE,none,Background objects remain static and consistent; no objects appear or disappear unexpectedly.,FALSE,none,Physical interactions between hands and the environment obey standard physics; no causality violations.,no strong artefacts observed,"The video displays high-fidelity motion and lighting consistency typical of real camera footage, with no signs of generative degradation.",
pexels_portrait_7203426,Pexels,Qwen_3.5,2026-08-01,Real,92,FALSE,none,Skin texture shows natural pores and subtle variations; fabric folds on the blazer appear realistic with appropriate material weight.,FALSE,none,Edges of the subject and clothing are sharp and well-defined against the dark background; no haloing or bleeding observed.,FALSE,none,"Lighting is consistent with a studio setup; shadows fall naturally under the arm and on the neck, matching the light source direction.",FALSE,none,"No visible watermarks, logos, or overlay text; noise pattern appears consistent with standard video compression.",FALSE,none,Hand structure is anatomically correct with proper finger count and joint articulation; facial features visible below the arm are proportional.,FALSE,none,No non-human subjects present.,FALSE,none,Clothing structure is logical; no distorted objects or impossible topology observed.,FALSE,none,Spatial arrangement is standard for a portrait shot; perspective is consistent.,FALSE,none,Motion is minimal but natural; the arm holding the pose shows micro-tremors consistent with human muscle tension.,FALSE,none,Subject identity remains constant; no morphing of facial features or clothing patterns.,FALSE,none,No objects appear or disappear; lighting and background remain stable throughout the clip.,FALSE,none,No physics violations; the static pose adheres to gravitational constraints.,no strong artefacts observed,"The video exhibits high fidelity in texture and lighting, with natural micro-movements in the held pose that are difficult for current AI models to replicate perfectly without jitter.",
pexels_portrait_7735868,Pexels,Qwen_3.5,2026-08-01,Real,92,FALSE,none,Skin texture shows natural pores and micro-details; fabric weave on shirt is distinct and non-repetitive.,FALSE,none,Subject edges are sharp with natural depth-of-field blur in background; no halos or fringing observed.,FALSE,none,Lighting is consistent with indoor ambient sources; shadows fall naturally on the neck and under the glasses.,FALSE,none,"No visible watermarks, logos, or synthetic noise patterns detected in the frame.",FALSE,none,"Facial features, eye movement, and ear structure are anatomically correct; no distortions observed.",FALSE,none,no non-human subjects present,FALSE,none,Glasses maintain structural integrity; buttons and collar geometry are physically accurate.,FALSE,none,Perspective and spatial arrangement of the subject against the curtain background are realistic.,FALSE,none,Head movement and blinking are smooth and natural; no jitter or sliding observed.,FALSE,none,Subject's facial features and clothing patterns remain constant throughout the clip.,FALSE,none,No objects appear or disappear; lighting remains stable across frames.,FALSE,none,Physical interactions and movements obey standard laws of physics.,no strong artefacts observed,"The video exhibits high-fidelity capture characteristics including natural film grain, consistent optical focus, and fluid human micro-expressions typical of real camera footage.",
pexels_portrait_8724243,Pexels,Qwen_3.5,2026-08-01,Real,92,FALSE,none,"Skin texture shows natural pore detail, fine wrinkles, and realistic subsurface scattering without waxy or plastic appearance.",FALSE,none,Hair edges and facial contours are sharp and well-defined against the background with no haloing or bleeding.,FALSE,none,"Lighting is consistent with a studio setup; shadows fall naturally on the neck and nose, matching the light source direction.",FALSE,none,"No visible watermarks, logos, or synthetic noise patterns detected in the frame.",FALSE,none,"Facial features including eyes, ears, and mouth are anatomically correct with natural proportions and movement.",FALSE,none,no non-human subjects present,FALSE,none,No mechanical objects or text present to evaluate; clothing neckline appears structurally normal.,FALSE,none,Simple portrait composition with consistent perspective and no impossible spatial arrangements.,FALSE,none,"Head turn and facial expression changes are smooth, with natural micro-movements and no jitter or sliding.",FALSE,none,Subject identity remains stable throughout the clip; no morphing of facial features or clothing patterns.,FALSE,none,No objects appear or disappear; lighting and background remain constant throughout the shot.,FALSE,none,Physical movements follow natural laws of motion and causality without violation.,no strong artefacts observed,The video exhibits high-fidelity biological motion and skin texture consistent with real camera footage of a human subject.,
pexels_portrait_8724519,Pexels,Qwen_3.5,2026-08-01,Real,92,FALSE,none,Skin texture shows natural pore detail and fine wrinkles consistent with age; no waxy or plastic appearance observed.,FALSE,none,Hair edges and clothing boundaries are sharp and well-defined against the background; no halo or bleed observed.,FALSE,none,"Lighting is consistent, soft, and frontal; shadows under the chin and nose are physically plausible.",FALSE,none,"No visible watermarks, logos, or overlay text; noise pattern appears natural.",FALSE,none,"Facial features (eyes, nose, mouth, ears) are symmetrical and proportionate; no distortions or extra/missing features.",FALSE,none,no non-human subjects present,FALSE,none,Clothing structure is normal; no distorted objects or gibberish text visible.,FALSE,none,Subject is centered with a simple background; perspective and spatial arrangement are standard.,FALSE,none,"Facial movements (smiling, blinking) are smooth and natural; no jitter or non-rigid motion observed.",FALSE,none,Subject's identity remains consistent throughout the clip; no morphing or feature shifting.,FALSE,none,No objects appear or disappear; lighting and background remain stable.,FALSE,none,Movements follow natural physics; no causality violations observed.,no strong artefacts observed,"The video displays high-fidelity human features with natural micro-movements and skin texture, characteristic of real camera footage.",
pexels_text_scene_33923464,Pexels,Qwen_3.5,2026-08-01,Real,92,FALSE,none,no texture defects observed; materials appear natural with appropriate detail,FALSE,none,object edges are sharp and consistent; no halo or bleed artifacts,FALSE,none,lighting is consistent with indoor cafe environment; shadows align with light sources,FALSE,none,"no visible watermarks, logos, or synthetic noise patterns detected",FALSE,none,barista visible behind counter shows normal human proportions and features,FALSE,none,no non-human subjects present,FALSE,none,"all objects (coffee machine, cups, signs) maintain correct structure and scale",FALSE,none,"spatial arrangement of counter, equipment, and signage is physically plausible",FALSE,none,motion is smooth and natural; no jitter or impossible movement observed,FALSE,none,objects and person maintain consistent appearance across frames,FALSE,none,no objects appear/disappear; lighting and background remain stable,FALSE,none,no physics violations observed; all actions follow expected cause-effect relationships,no strong artefacts observed,"Video exhibits characteristics of real-world footage: stable camera, natural lighting, coherent object interactions, and absence of generative artifacts.",
pexels_text_scene_5920143,Pexels,Qwen_3.5,2026-08-01,Real,95,FALSE,none,"Skin texture, fabric weave on apron, and chalkboard surface show natural detail and noise consistent with real video.",FALSE,none,"Edges of the man, counter, and signage are sharp and well-defined; no halos or bleeding observed.",FALSE,none,Lighting is consistent with outdoor daylight; shadows fall naturally under the counter and on the man's face.,FALSE,none,"No visible watermarks, logos, or synthetic noise patterns detected in any frame.",FALSE,none,"Hands, fingers, facial features, and body proportions appear anatomically correct throughout the clip.",FALSE,none,no non-human subjects present,FALSE,none,"Chalkboard text is legible and logically formatted; objects like cups, straws, and coffee machine maintain correct structure and scale.",FALSE,none,Spatial layout of food truck interior is coherent; perspective and object placement are physically plausible.,FALSE,none,"Man's movements (leaning, turning, reaching) are smooth and biomechanically natural; no jitter or sliding.",FALSE,none,"Clothing, facial features, and object appearances remain consistent across all frames.",FALSE,none,No objects appear or disappear unexpectedly; lighting and background remain stable throughout the short clip.,FALSE,none,"All actions follow physical laws — reaching for a cup, turning head, shifting weight — with no violations of causality or physics.",no strong artefacts observed,"The video exhibits natural motion, consistent lighting, and realistic textures with no signs of AI generation. All elements behave as expected in a real-world setting.",
pexels_text_scene_6103527,Pexels,Qwen_3.5,2026-08-01,Real,92,FALSE,none,no texture defects observed; floral image and menu text show natural print grain and paper texture,FALSE,none,"edges of menu board, vehicle, and background buildings are sharp and physically consistent",FALSE,none,lighting direction and shadows on menu board and surrounding objects are consistent with outdoor daylight,FALSE,none,"no visible watermarks, logos, or synthetic noise patterns; text and imagery appear naturally printed",FALSE,none,no humans prominently featured; distant figures in background show no anatomical anomalies,FALSE,none,no non-human subjects present,FALSE,none,"menu board, vehicle, and building structures maintain correct geometry and scale relationships",FALSE,none,"spatial arrangement of menu, vehicle, and background is physically plausible and perspective-consistent",FALSE,none,camera movement is smooth and natural; no jitter or non-rigid motion of static objects,FALSE,none,"no changes in object identity, color, or pattern across frames",FALSE,none,no objects appear/disappear; lighting and background remain consistent throughout clip,FALSE,none,no physics violations; all motion and interactions obey real-world causality,no strong artefacts observed,"Video exhibits natural camera shake, realistic depth of field, and coherent environmental lighting — all consistent with handheld real-world capture.",
pexels_text_scene_7557411,Pexels,Qwen_3.5,2026-08-01,Real,92,FALSE,none,Book spines and wood grain show natural variation and fine detail without waxy smoothing.,FALSE,none,Object edges are sharp and consistent with optical depth of field; no haloing or bleed observed.,FALSE,none,Lighting is consistent with an indoor environment; shadows fall naturally behind the books and hand.,FALSE,none,"No visible watermarks, logos, or synthetic noise patterns detected in the pixel data.",FALSE,none,"The hand entering the frame at 0:02 displays correct finger count, joint articulation, and skin texture.",FALSE,none,no non-human subjects present,FALSE,none,Books maintain rigid structure; text on spines is legible and geometrically consistent.,FALSE,none,Perspective and spatial arrangement of the bookshelf are physically plausible.,FALSE,none,Hand movement is smooth and follows natural acceleration curves; no jitter or sliding.,FALSE,none,Book titles and colors remain constant throughout the clip; no morphing observed.,FALSE,none,No objects appear or disappear unexpectedly; background remains stable.,FALSE,none,Physical interaction between hand and books obeys standard physics and causality.,no strong artefacts observed,"The video exhibits high fidelity in texture, lighting, and motion, with no indicators of generative synthesis.",
pexels_text_scene_7778358,Pexels,Qwen_3.5,2026-08-01,Real,92,FALSE,none,no texture defects observed; book spines and wood grain appear natural and detailed,FALSE,none,"edges of books, shelves, and person are sharp and consistent with optical focus",FALSE,none,lighting is uniform and physically plausible; no impossible shadows or reflections,FALSE,none,"no visible watermarks, logos, or synthetic noise patterns",FALSE,none,only back of person visible; no anatomical anomalies detectable,FALSE,none,no non-human subjects present,FALSE,none,"bookshelves, printer, and books maintain correct structure and scale",FALSE,none,spatial arrangement is logical and perspective-consistent,FALSE,none,person walks naturally into frame; no jitter or non-rigid motion,FALSE,none,no identity or object drift observed across frames,FALSE,none,no objects appear/disappear; lighting and background remain consistent,FALSE,none,no physics violations; movement and interaction are causally coherent,no strong artefacts observed,"Video exhibits natural camera focus, realistic lighting, and coherent human motion — all consistent with real-world capture.",
pexels_text_scene_8567117,Pexels,Qwen_3.5,2026-08-01,Real,92,FALSE,none,no texture defects observed; book spines and wood grain appear natural and varied,FALSE,none,object edges are sharp and consistent with optical focus; no halos or bleeding,FALSE,none,lighting is consistent with indoor ambient sources; shadows fall naturally under shelves,FALSE,none,"no visible watermarks, logos, or synthetic noise patterns detected",FALSE,none,no human subjects present in the video,FALSE,none,no non-human subjects present,FALSE,none,bookshelves and books maintain correct geometry and scale throughout,FALSE,none,perspective and spatial arrangement of aisles and shelves are physically plausible,FALSE,none,camera movement is smooth and consistent with handheld or stabilized real-world capture,FALSE,none,"no objects change identity, color, or pattern across frames",FALSE,none,no objects appear or disappear; background remains consistent with foreground motion,FALSE,none,no physics violations observed; all motion obeys real-world constraints,no strong artefacts observed,"The video exhibits natural camera motion, consistent lighting, and structurally coherent bookshelf arrangements typical of real-world footage.",
pexels_text_scene_8617056,Pexels,Qwen_3.5,2026-08-01,Real,92,FALSE,none,Skin texture shows natural pores and lighting variation; hair strands are distinct and fine.,FALSE,none,Edges of subject and objects are sharp with no haloing or bleeding into background.,FALSE,none,Lighting is consistent with window source on left; shadows fall naturally on right side of face and body.,FALSE,none,"No visible watermarks, logos, or synthetic noise patterns observed in any frame.",FALSE,none,"Facial features, hands (partially visible), and body proportions are anatomically correct and stable across frames.",FALSE,none,no non-human subjects present,FALSE,none,Chalkboard text is legible and mathematically plausible; backpack and water bottle maintain structural integrity.,FALSE,none,"Perspective and spatial relationships between desk, chalkboard, and subject are physically consistent.",FALSE,none,Subject’s turn and smile are smooth and biomechanically natural; no jitter or sliding.,FALSE,none,"Clothing, hair, and facial features remain consistent across all frames without morphing or shifting.",FALSE,none,No objects appear/disappear; lighting and background remain stable throughout the clip.,FALSE,none,"All motion and interactions obey physical laws; no violations of gravity, momentum, or cause-effect.",no strong artefacts observed,"Video exhibits high fidelity in texture, lighting, motion, and anatomy — consistent with real-world capture using professional equipment.",
pexels_text_scene_8617059,Pexels,Qwen_3.5,2026-08-01,AI-generated,92,TRUE,M,"0:00 - The chalkboard surface has a uniform, slightly waxy appearance lacking the granular texture and dust accumulation typical of real chalkboards.",TRUE,L,"0:01 - Soft, slightly blurred edges around the boy's hair and glasses, with minor haloing against the green background.",FALSE,none,Lighting appears consistent with a classroom environment; no obvious shadows or reflections contradict the scene.,FALSE,none,"No visible watermarks, logos, or overlay text indicating generator origin.",TRUE,H,0:00 - The boy's right hand holding the chalk shows fused fingers and an unnatural grip; the thumb and index finger appear merged into a single blob.,FALSE,none,no non-human subjects present,TRUE,H,"0:00 - Text on the chalkboard is gibberish: 'PARAllelogram' misspelled inconsistently, equations like 'A = b x h' circled but unrelated to surrounding symbols, and 'P = DE + EF + FG' uses undefined points.",TRUE,M,"0:02 - The chalkboard contains overlapping, nonsensical geometric labels (e.g., 'C', 'F', 'L') without clear correspondence to drawn shapes, suggesting impossible spatial relationships.",TRUE,M,"0:01 - The boy's hand moves with slight jitter and non-rigid deformation as it writes, unlike natural human motion.",FALSE,none,"No observable changes in facial features, clothing, or object identity across frames.",FALSE,none,No objects appear/disappear unexpectedly; lighting and background remain stable.,FALSE,none,No violations of physics or cause-effect relationships observed.,"The boy's hand exhibits severe anatomical distortion with fused fingers and an impossible grip on the chalk, visible throughout the clip.",Multiple high-severity artefacts in human anatomy and object structure strongly indicate AI generation. The nonsensical mathematical notation further supports synthetic origin.,
pexels_texture_12171874,Pexels,Qwen_3.5,2026-08-01,Real,92,FALSE,none,Clay texture is highly detailed with realistic wetness and slip; no waxy or plastic appearance.,FALSE,none,Edges of hands and pot are sharp and distinct; no haloing or bleeding observed.,FALSE,none,Lighting is consistent with a studio environment; reflections on wet clay match the light source direction.,FALSE,none,"No visible watermarks, logos, or synthetic noise patterns detected.",FALSE,none,"Hands and fingers are anatomically correct, with natural movement and interaction with the clay.",FALSE,none,no non-human subjects present,FALSE,none,Pottery wheel and clay pot maintain correct structural integrity and scale.,FALSE,none,"Spatial arrangement of hands, wheel, and pot is physically plausible and consistent.",FALSE,none,"Motion of the wheel and hands is smooth, with correct physics for spinning clay.",FALSE,none,No changes in object identity or appearance across frames.,FALSE,none,Continuous action with no sudden jumps or disappearing objects.,FALSE,none,Physical interactions between hands and clay follow natural laws of friction and deformation.,no strong artefacts observed,"The video displays high-fidelity capture of a pottery process with natural lighting, correct physics, and detailed textures typical of real-world footage.",
pexels_texture_15419572,Pexels,Qwen_3.5,2026-08-01,Real,95,FALSE,none,"Water droplets exhibit natural variation in size, shape, and refraction; no repetitive patterns or waxy textures observed.",FALSE,none,Edges of droplets are sharp where in focus and naturally blurred where out of focus; no haloing or bleeding artifacts.,FALSE,none,Lighting is consistent with an overcast day; reflections within droplets match the diffuse background light source.,FALSE,none,"No visible watermarks, logos, or synthetic noise patterns detected in the pixel data.",FALSE,none,No human subjects are present in the video.,FALSE,none,No non-human subjects or creatures are present in the video.,FALSE,none,No distinct mechanical objects or text are visible to evaluate for structural integrity.,FALSE,none,Scene depicts a standard view through a window with no impossible spatial arrangements.,FALSE,none,"Droplet movement, including the rivulet forming at 0:01, follows natural fluid dynamics and gravity.",FALSE,none,Droplets maintain consistent identity and optical properties throughout the short clip.,FALSE,none,No objects appear or disappear abruptly; background remains stable behind the glass.,FALSE,none,Physics of water accumulation and flow are consistent with reality; no causality violations observed.,no strong artefacts observed,The video displays high-fidelity fluid dynamics and optical refraction typical of real-world macro photography of rain.,
pexels_texture_28000739,Pexels,Qwen_3.5,2026-08-01,Real,92,FALSE,none,"Skin texture shows natural pores, hair, and realistic clay interaction; no waxy or plastic appearance.",FALSE,none,Edges of hands and pot are sharp and consistent with optical focus; no haloing or bleeding.,FALSE,none,Lighting is consistent with a single warm source; shadows fall naturally on the clay and arms.,FALSE,none,"No visible watermarks, logos, or synthetic noise patterns detected.",FALSE,none,"Hand structure, finger count, and joint articulation are anatomically correct and functional.",FALSE,none,no non-human subjects present,FALSE,none,Pottery wheel and clay pot maintain correct structural integrity and scale.,FALSE,none,"Spatial arrangement of tools, wheel, and potter is logical and perspective-consistent.",FALSE,none,"Rotation of the wheel and hand movements are smooth, continuous, and physically plausible.",FALSE,none,No morphing of hands or changes in clay texture/color across frames.,FALSE,none,Objects remain stable; no sudden appearances or disappearances.,FALSE,none,Physical interaction between hands and clay follows expected cause-and-effect physics.,no strong artefacts observed,"The video displays high-fidelity details such as skin pores, arm hair, and realistic fluid dynamics of the wet clay, which are characteristic of real camera footage.",
pexels_texture_4253330,Pexels,Qwen_3.5,2026-08-01,Real,92,FALSE,none,Natural skin texture with visible pores and veins; realistic oil sheen and bubbling in pan.,FALSE,none,"Sharp, clean edges on hand, spoon, and pan; no haloing or bleeding artifacts.",FALSE,none,Consistent specular highlights on metal spoon and pan rim matching overhead kitchen lighting.,FALSE,none,"No visible watermarks, logos, or synthetic noise patterns detected.",FALSE,none,"Hand structure, finger count, and grip on spoon are anatomically correct and stable.",FALSE,none,No non-human subjects present.,FALSE,none,"Spoon, pan, and background utensils maintain rigid, correct geometry throughout.",FALSE,none,Perspective and depth of field are consistent with a real camera lens focusing on the foreground.,FALSE,none,"Fluid, natural motion of the hand basting; oil bubbles move with correct viscosity and physics.",FALSE,none,"No morphing of the hand, spoon, or food items observed between frames.",FALSE,none,Background objects remain static and consistent; no objects appear or disappear.,FALSE,none,Liquid dynamics and heat interaction follow standard physical laws.,no strong artefacts observed,"The video exhibits high-fidelity physics in the fluid dynamics of the cooking oil and natural micro-movements of the human hand, indicative of real footage.",
pexels_texture_5566249,Pexels,Qwen_3.5,2026-08-01,Real,92,FALSE,none,"Skin texture, fabric weave on the apron, and clay details appear natural and consistent with real-world physics.",FALSE,none,Object edges are sharp and well-defined; no haloing or bleeding observed around the subject or pottery wheel.,FALSE,none,Lighting is consistent with a studio environment; shadows fall naturally relative to the light source.,FALSE,none,"No visible watermarks, logos, or synthetic noise patterns detected in the pixel data.",FALSE,none,Hands and fingers are correctly formed and articulated; facial features remain stable and anatomically correct.,FALSE,none,no non-human subjects present,FALSE,none,"Pottery wheel, tools, and background shelves maintain correct structural integrity and perspective.",FALSE,none,"Spatial arrangement of the potter, wheel, and background objects is logical and physically possible.",FALSE,none,Motion of the hands and spinning wheel is smooth and physically accurate; no jitter or sliding observed.,FALSE,none,"Subject's appearance, clothing, and the clay object remain consistent throughout the clip.",FALSE,none,No objects appear or disappear unexpectedly; background elements remain static and consistent.,FALSE,none,Physical interactions between hands and clay follow expected cause-and-effect relationships.,no strong artefacts observed,"The video displays high fidelity in texture, lighting, and motion, with no evidence of generative model failures.",
pexels_texture_6602836,Pexels,Qwen_3.5,2026-08-01,Real,92,FALSE,none,"Skin texture, fabric weave of the apron, and background objects show natural detail and noise consistent with real camera footage.",FALSE,none,Object edges are sharp and well-defined; no haloing or dissolution observed around the subject or foreground grater.,FALSE,none,Lighting is consistent with a kitchen environment; shadows fall naturally under the arms and objects.,FALSE,none,"No visible watermarks, logos, or synthetic noise patterns detected in the frame.",FALSE,none,Hands are correctly formed with proper finger count and grip on the knife; facial features are natural.,FALSE,none,no non-human subjects present,FALSE,none,"Kitchen tools (knife, grater, cutting board) maintain correct geometry and scale relationships throughout the clip.",FALSE,none,"Spatial arrangement of the kitchen, shelves, and oven is physically plausible and perspective is consistent.",FALSE,none,Chopping motion is fluid and biomechanically correct; no jitter or sliding observed.,FALSE,none,"Subject's appearance, clothing pattern, and object properties remain constant across frames.",FALSE,none,No objects appear or disappear unexpectedly; background remains stable.,FALSE,none,Physical interactions between the knife and food follow standard laws of physics.,no strong artefacts observed,"The video exhibits natural camera noise, consistent lighting, and physically accurate human motion, indicating it is likely real footage.",
pexels_texture_7008577,Pexels,Qwen_3.5,2026-08-01,Real,92,FALSE,none,no texture defects; metal surfaces show realistic wear and grease patterns,FALSE,none,edges are sharp and consistent with optical focus; no haloing or bleed,FALSE,none,lighting is consistent with kitchen environment; reflections on metal are physically accurate,FALSE,none,"no watermarks, logos, or synthetic noise patterns visible",FALSE,none,hands and arms appear anatomically correct; grip on spatula is natural,FALSE,none,no non-human subjects present,FALSE,none,griddle and spatula maintain structural integrity; no distortion or gibberish text,FALSE,none,spatial arrangement of kitchen equipment is logical and perspective-consistent,FALSE,none,motion of scraping is smooth and physically plausible; no jitter or sliding,FALSE,none,"no changes in object identity, clothing, or color across frames",FALSE,none,no objects appear/disappear; lighting and background remain consistent,FALSE,none,scraping action produces expected residue movement; no physics violations,no strong artefacts observed,Video exhibits high fidelity to real-world physics and visual detail; no indicators of AI generation detected.,
pexels_texture_9166501,Pexels,Qwen_3.5,2026-08-01,AI-generated,75,TRUE,M,"At 0:01, the water droplets exhibit a uniform, slightly waxy or plastic-like sheen lacking the complex refractive index variations of real water; the background texture is overly smooth and repetitive.",TRUE,L,"At 0:00, the edges of several droplets in the center-right show slight softness and haloing, blending unnaturally into the teal background.",TRUE,L,"At 0:02, the specular highlights on the droplets appear inconsistent, with some drops showing bright reflections while adjacent ones in the same plane remain dark, suggesting non-physical light mapping.",FALSE,none,"No visible watermarks, logos, or overlay text indicating generator origin are present.",FALSE,none,No human subjects are present in the video.,FALSE,none,No non-human subjects or animals are present.,FALSE,none,No mechanical objects or text rendering failures observed; droplet shapes are plausible though stylized.,FALSE,none,The scene is a close-up abstract view with no discernible spatial arrangement errors.,TRUE,M,"From 0:00 to 0:02, the movement of the droplets is unnaturally fluid and synchronized, lacking the random, gravity-driven acceleration and friction typical of real rain on glass.",TRUE,L,"At 0:01, specific droplets in the lower center appear to merge and split without conserving volume, changing their identity and shape abruptly.",FALSE,none,No objects appear or disappear suddenly; the loop is consistent.,TRUE,L,"At 0:01, smaller droplets seem to flow upwards against gravity to join larger ones, violating standard fluid dynamics.",The motion of the water droplets exhibits unnatural fluidity and synchronized flow patterns that defy standard gravity and friction physics.,"The video displays characteristics of a synthesized loop, particularly in the 'perfect' but physically inconsistent behavior of the liquid simulation.",
